cohort,channel,channel_ext,end_reason,plan,subscription_length,num_users
2023-07-31,direct,direct,active_account,annual,36,118
2023-07-31,direct,direct,active_account,monthly,36,133
2023-07-31,direct,direct,payment_failed,annual,12,2
2023-07-31,direct,direct,payment_failed,annual,13,7
2023-07-31,direct,direct,payment_failed,annual,24,1
2023-07-31,direct,direct,payment_failed,annual,25,5
2023-07-31,direct,direct,payment_failed,monthly,2,7
2023-07-31,direct,direct,payment_failed,monthly,3,4
2023-07-31,direct,direct,payment_failed,monthly,4,2
2023-07-31,direct,direct,payment_failed,monthly,5,4
2023-07-31,direct,direct,payment_failed,monthly,6,5
2023-07-31,direct,direct,payment_failed,monthly,7,3
2023-07-31,direct,direct,payment_failed,monthly,8,6
2023-07-31,direct,direct,payment_failed,monthly,9,5
2023-07-31,direct,direct,payment_failed,monthly,10,4
2023-07-31,direct,direct,payment_failed,monthly,11,2
2023-07-31,direct,direct,payment_failed,monthly,12,4
2023-07-31,direct,direct,payment_failed,monthly,13,1
2023-07-31,direct,direct,payment_failed,monthly,14,1
2023-07-31,direct,direct,payment_failed,monthly,15,1
2023-07-31,direct,direct,payment_failed,monthly,16,2
2023-07-31,direct,direct,payment_failed,monthly,17,1
2023-07-31,direct,direct,payment_failed,monthly,18,2
2023-07-31,direct,direct,payment_failed,monthly,19,3
2023-07-31,direct,direct,payment_failed,monthly,21,4
2023-07-31,direct,direct,payment_failed,monthly,22,1
2023-07-31,direct,direct,payment_failed,monthly,24,1
2023-07-31,direct,direct,payment_failed,monthly,25,1
2023-07-31,direct,direct,payment_failed,monthly,26,1
2023-07-31,direct,direct,payment_failed,monthly,27,1
2023-07-31,direct,direct,payment_failed,monthly,28,2
2023-07-31,direct,direct,payment_failed,monthly,29,1
2023-07-31,direct,direct,payment_failed,monthly,31,3
2023-07-31,direct,direct,payment_failed,monthly,32,2
2023-07-31,direct,direct,payment_failed,monthly,33,2
2023-07-31,direct,direct,payment_failed,monthly,34,1
2023-07-31,direct,direct,payment_failed,monthly,35,1
2023-07-31,direct,direct,voluntary,annual,11,1
2023-07-31,direct,direct,voluntary,annual,12,50
2023-07-31,direct,direct,voluntary,annual,24,9
2023-07-31,direct,direct,voluntary,monthly,1,51
2023-07-31,direct,direct,voluntary,monthly,2,25
2023-07-31,direct,direct,voluntary,monthly,3,9
2023-07-31,direct,direct,voluntary,monthly,4,8
2023-07-31,direct,direct,voluntary,monthly,5,13
2023-07-31,direct,direct,voluntary,monthly,6,6
2023-07-31,direct,direct,voluntary,monthly,7,4
2023-07-31,direct,direct,voluntary,monthly,8,3
2023-07-31,direct,direct,voluntary,monthly,9,3
2023-07-31,direct,direct,voluntary,monthly,10,2
2023-07-31,direct,direct,voluntary,monthly,11,4
2023-07-31,direct,direct,voluntary,monthly,12,5
2023-07-31,direct,direct,voluntary,monthly,13,1
2023-07-31,direct,direct,voluntary,monthly,14,4
2023-07-31,direct,direct,voluntary,monthly,15,4
2023-07-31,direct,direct,voluntary,monthly,17,1
2023-07-31,direct,direct,voluntary,monthly,20,1
2023-07-31,direct,direct,voluntary,monthly,21,1
2023-07-31,direct,direct,voluntary,monthly,22,2
2023-07-31,direct,direct,voluntary,monthly,24,2
2023-07-31,direct,direct,voluntary,monthly,25,1
2023-07-31,direct,direct,voluntary,monthly,27,1
2023-07-31,direct,direct,voluntary,monthly,28,1
2023-07-31,direct,direct,voluntary,monthly,29,1
2023-07-31,direct,direct,voluntary,monthly,31,1
2023-07-31,direct,direct,voluntary,monthly,32,2
2023-07-31,direct,direct,voluntary,monthly,35,1
2023-07-31,email,email,active_account,annual,36,135
2023-07-31,email,email,active_account,monthly,36,79
2023-07-31,email,email,payment_failed,annual,12,2
2023-07-31,email,email,payment_failed,annual,13,6
2023-07-31,email,email,payment_failed,annual,24,1
2023-07-31,email,email,payment_failed,annual,25,6
2023-07-31,email,email,payment_failed,monthly,2,3
2023-07-31,email,email,payment_failed,monthly,3,1
2023-07-31,email,email,payment_failed,monthly,4,1
2023-07-31,email,email,payment_failed,monthly,5,2
2023-07-31,email,email,payment_failed,monthly,6,1
2023-07-31,email,email,payment_failed,monthly,7,3
2023-07-31,email,email,payment_failed,monthly,9,1
2023-07-31,email,email,payment_failed,monthly,12,3
2023-07-31,email,email,payment_failed,monthly,13,2
2023-07-31,email,email,payment_failed,monthly,15,2
2023-07-31,email,email,payment_failed,monthly,16,1
2023-07-31,email,email,payment_failed,monthly,17,2
2023-07-31,email,email,payment_failed,monthly,18,1
2023-07-31,email,email,payment_failed,monthly,19,2
2023-07-31,email,email,payment_failed,monthly,20,1
2023-07-31,email,email,payment_failed,monthly,21,3
2023-07-31,email,email,payment_failed,monthly,22,1
2023-07-31,email,email,payment_failed,monthly,23,1
2023-07-31,email,email,payment_failed,monthly,24,2
2023-07-31,email,email,payment_failed,monthly,32,1
2023-07-31,email,email,payment_failed,monthly,34,2
2023-07-31,email,email,voluntary,annual,12,29
2023-07-31,email,email,voluntary,annual,24,10
2023-07-31,email,email,voluntary,monthly,1,8
2023-07-31,email,email,voluntary,monthly,2,6
2023-07-31,email,email,voluntary,monthly,3,2
2023-07-31,email,email,voluntary,monthly,4,1
2023-07-31,email,email,voluntary,monthly,5,2
2023-07-31,email,email,voluntary,monthly,6,1
2023-07-31,email,email,voluntary,monthly,7,3
2023-07-31,email,email,voluntary,monthly,8,1
2023-07-31,email,email,voluntary,monthly,9,2
2023-07-31,email,email,voluntary,monthly,13,1
2023-07-31,email,email,voluntary,monthly,15,1
2023-07-31,email,email,voluntary,monthly,16,1
2023-07-31,email,email,voluntary,monthly,17,1
2023-07-31,email,email,voluntary,monthly,24,1
2023-07-31,email,email,voluntary,monthly,33,1
2023-07-31,email,email,voluntary,monthly,35,1
2023-07-31,organic_search,organic_search,active_account,annual,36,63
2023-07-31,organic_search,organic_search,active_account,monthly,36,89
2023-07-31,organic_search,organic_search,payment_failed,annual,12,1
2023-07-31,organic_search,organic_search,payment_failed,annual,13,6
2023-07-31,organic_search,organic_search,payment_failed,annual,24,2
2023-07-31,organic_search,organic_search,payment_failed,annual,25,3
2023-07-31,organic_search,organic_search,payment_failed,monthly,2,3
2023-07-31,organic_search,organic_search,payment_failed,monthly,3,3
2023-07-31,organic_search,organic_search,payment_failed,monthly,4,4
2023-07-31,organic_search,organic_search,payment_failed,monthly,5,3
2023-07-31,organic_search,organic_search,payment_failed,monthly,6,1
2023-07-31,organic_search,organic_search,payment_failed,monthly,7,2
2023-07-31,organic_search,organic_search,payment_failed,monthly,8,3
2023-07-31,organic_search,organic_search,payment_failed,monthly,9,2
2023-07-31,organic_search,organic_search,payment_failed,monthly,10,3
2023-07-31,organic_search,organic_search,payment_failed,monthly,11,1
2023-07-31,organic_search,organic_search,payment_failed,monthly,12,2
2023-07-31,organic_search,organic_search,payment_failed,monthly,14,1
2023-07-31,organic_search,organic_search,payment_failed,monthly,15,2
2023-07-31,organic_search,organic_search,payment_failed,monthly,16,1
2023-07-31,organic_search,organic_search,payment_failed,monthly,18,3
2023-07-31,organic_search,organic_search,payment_failed,monthly,19,1
2023-07-31,organic_search,organic_search,payment_failed,monthly,20,3
2023-07-31,organic_search,organic_search,payment_failed,monthly,22,4
2023-07-31,organic_search,organic_search,payment_failed,monthly,23,3
2023-07-31,organic_search,organic_search,payment_failed,monthly,24,1
2023-07-31,organic_search,organic_search,payment_failed,monthly,25,1
2023-07-31,organic_search,organic_search,payment_failed,monthly,29,3
2023-07-31,organic_search,organic_search,payment_failed,monthly,30,1
2023-07-31,organic_search,organic_search,payment_failed,monthly,31,2
2023-07-31,organic_search,organic_search,payment_failed,monthly,33,1
2023-07-31,organic_search,organic_search,payment_failed,monthly,34,1
2023-07-31,organic_search,organic_search,voluntary,annual,12,26
2023-07-31,organic_search,organic_search,voluntary,annual,24,13
2023-07-31,organic_search,organic_search,voluntary,monthly,1,41
2023-07-31,organic_search,organic_search,voluntary,monthly,2,20
2023-07-31,organic_search,organic_search,voluntary,monthly,3,9
2023-07-31,organic_search,organic_search,voluntary,monthly,4,7
2023-07-31,organic_search,organic_search,voluntary,monthly,5,5
2023-07-31,organic_search,organic_search,voluntary,monthly,6,3
2023-07-31,organic_search,organic_search,voluntary,monthly,7,1
2023-07-31,organic_search,organic_search,voluntary,monthly,9,2
2023-07-31,organic_search,organic_search,voluntary,monthly,10,2
2023-07-31,organic_search,organic_search,voluntary,monthly,11,2
2023-07-31,organic_search,organic_search,voluntary,monthly,12,1
2023-07-31,organic_search,organic_search,voluntary,monthly,14,1
2023-07-31,organic_search,organic_search,voluntary,monthly,17,1
2023-07-31,organic_search,organic_search,voluntary,monthly,18,2
2023-07-31,organic_search,organic_search,voluntary,monthly,20,1
2023-07-31,organic_search,organic_search,voluntary,monthly,21,1
2023-07-31,organic_search,organic_search,voluntary,monthly,22,1
2023-07-31,organic_search,organic_search,voluntary,monthly,23,2
2023-07-31,organic_search,organic_search,voluntary,monthly,25,1
2023-07-31,organic_search,organic_search,voluntary,monthly,26,1
2023-07-31,organic_search,organic_search,voluntary,monthly,27,1
2023-07-31,organic_search,organic_search,voluntary,monthly,28,1
2023-07-31,organic_search,organic_search,voluntary,monthly,29,1
2023-07-31,organic_search,organic_search,voluntary,monthly,31,1
2023-07-31,organic_search,organic_search,voluntary,monthly,33,1
2023-07-31,organic_search,organic_search,voluntary,monthly,34,3
2023-07-31,organic_search,organic_search,voluntary,monthly,35,2
2023-07-31,organic_social,organic_social,active_account,annual,36,15
2023-07-31,organic_social,organic_social,active_account,monthly,36,34
2023-07-31,organic_social,organic_social,payment_failed,annual,13,3
2023-07-31,organic_social,organic_social,payment_failed,annual,24,1
2023-07-31,organic_social,organic_social,payment_failed,monthly,3,3
2023-07-31,organic_social,organic_social,payment_failed,monthly,4,1
2023-07-31,organic_social,organic_social,payment_failed,monthly,5,1
2023-07-31,organic_social,organic_social,payment_failed,monthly,6,1
2023-07-31,organic_social,organic_social,payment_failed,monthly,7,3
2023-07-31,organic_social,organic_social,payment_failed,monthly,8,1
2023-07-31,organic_social,organic_social,payment_failed,monthly,10,2
2023-07-31,organic_social,organic_social,payment_failed,monthly,12,1
2023-07-31,organic_social,organic_social,payment_failed,monthly,13,1
2023-07-31,organic_social,organic_social,payment_failed,monthly,15,2
2023-07-31,organic_social,organic_social,payment_failed,monthly,17,1
2023-07-31,organic_social,organic_social,payment_failed,monthly,20,2
2023-07-31,organic_social,organic_social,payment_failed,monthly,22,1
2023-07-31,organic_social,organic_social,payment_failed,monthly,24,3
2023-07-31,organic_social,organic_social,payment_failed,monthly,26,1
2023-07-31,organic_social,organic_social,payment_failed,monthly,27,1
2023-07-31,organic_social,organic_social,payment_failed,monthly,30,1
2023-07-31,organic_social,organic_social,payment_failed,monthly,31,1
2023-07-31,organic_social,organic_social,payment_failed,monthly,35,1
2023-07-31,organic_social,organic_social,voluntary,annual,12,14
2023-07-31,organic_social,organic_social,voluntary,annual,23,1
2023-07-31,organic_social,organic_social,voluntary,annual,24,1
2023-07-31,organic_social,organic_social,voluntary,monthly,1,41
2023-07-31,organic_social,organic_social,voluntary,monthly,2,20
2023-07-31,organic_social,organic_social,voluntary,monthly,3,16
2023-07-31,organic_social,organic_social,voluntary,monthly,4,5
2023-07-31,organic_social,organic_social,voluntary,monthly,5,5
2023-07-31,organic_social,organic_social,voluntary,monthly,6,4
2023-07-31,organic_social,organic_social,voluntary,monthly,7,1
2023-07-31,organic_social,organic_social,voluntary,monthly,8,1
2023-07-31,organic_social,organic_social,voluntary,monthly,9,1
2023-07-31,organic_social,organic_social,voluntary,monthly,10,1
2023-07-31,organic_social,organic_social,voluntary,monthly,11,1
2023-07-31,organic_social,organic_social,voluntary,monthly,12,4
2023-07-31,organic_social,organic_social,voluntary,monthly,17,3
2023-07-31,organic_social,organic_social,voluntary,monthly,20,1
2023-07-31,organic_social,organic_social,voluntary,monthly,22,2
2023-07-31,organic_social,organic_social,voluntary,monthly,23,1
2023-07-31,organic_social,organic_social,voluntary,monthly,24,1
2023-07-31,organic_social,organic_social,voluntary,monthly,25,1
2023-07-31,organic_social,organic_social,voluntary,monthly,26,1
2023-07-31,organic_social,organic_social,voluntary,monthly,27,2
2023-07-31,organic_social,organic_social,voluntary,monthly,28,2
2023-07-31,organic_social,organic_social,voluntary,monthly,29,2
2023-07-31,organic_social,organic_social,voluntary,monthly,33,1
2023-07-31,organic_social,organic_social,voluntary,monthly,34,1
2023-07-31,organic_social,organic_social,voluntary,monthly,35,1
2023-07-31,paid_social,paid_social-lookalike_subscribers,active_account,annual,36,37
2023-07-31,paid_social,paid_social-lookalike_subscribers,active_account,monthly,36,38
2023-07-31,paid_social,paid_social-lookalike_subscribers,payment_failed,annual,13,4
2023-07-31,paid_social,paid_social-lookalike_subscribers,payment_failed,monthly,2,2
2023-07-31,paid_social,paid_social-lookalike_subscribers,payment_failed,monthly,4,1
2023-07-31,paid_social,paid_social-lookalike_subscribers,payment_failed,monthly,6,1
2023-07-31,paid_social,paid_social-lookalike_subscribers,payment_failed,monthly,7,2
2023-07-31,paid_social,paid_social-lookalike_subscribers,payment_failed,monthly,8,1
2023-07-31,paid_social,paid_social-lookalike_subscribers,payment_failed,monthly,9,1
2023-07-31,paid_social,paid_social-lookalike_subscribers,payment_failed,monthly,10,1
2023-07-31,paid_social,paid_social-lookalike_subscribers,payment_failed,monthly,11,3
2023-07-31,paid_social,paid_social-lookalike_subscribers,payment_failed,monthly,12,1
2023-07-31,paid_social,paid_social-lookalike_subscribers,payment_failed,monthly,13,1
2023-07-31,paid_social,paid_social-lookalike_subscribers,payment_failed,monthly,15,2
2023-07-31,paid_social,paid_social-lookalike_subscribers,payment_failed,monthly,18,1
2023-07-31,paid_social,paid_social-lookalike_subscribers,payment_failed,monthly,22,2
2023-07-31,paid_social,paid_social-lookalike_subscribers,payment_failed,monthly,25,1
2023-07-31,paid_social,paid_social-lookalike_subscribers,payment_failed,monthly,27,1
2023-07-31,paid_social,paid_social-lookalike_subscribers,payment_failed,monthly,32,1
2023-07-31,paid_social,paid_social-lookalike_subscribers,payment_failed,monthly,34,2
2023-07-31,paid_social,paid_social-lookalike_subscribers,voluntary,annual,12,8
2023-07-31,paid_social,paid_social-lookalike_subscribers,voluntary,annual,24,3
2023-07-31,paid_social,paid_social-lookalike_subscribers,voluntary,monthly,1,13
2023-07-31,paid_social,paid_social-lookalike_subscribers,voluntary,monthly,2,6
2023-07-31,paid_social,paid_social-lookalike_subscribers,voluntary,monthly,3,4
2023-07-31,paid_social,paid_social-lookalike_subscribers,voluntary,monthly,4,2
2023-07-31,paid_social,paid_social-lookalike_subscribers,voluntary,monthly,7,2
2023-07-31,paid_social,paid_social-lookalike_subscribers,voluntary,monthly,9,1
2023-07-31,paid_social,paid_social-lookalike_subscribers,voluntary,monthly,11,1
2023-07-31,paid_social,paid_social-lookalike_subscribers,voluntary,monthly,16,2
2023-07-31,paid_social,paid_social-lookalike_subscribers,voluntary,monthly,17,1
2023-07-31,paid_social,paid_social-lookalike_subscribers,voluntary,monthly,19,1
2023-07-31,paid_social,paid_social-lookalike_subscribers,voluntary,monthly,24,1
2023-07-31,paid_social,paid_social-lookalike_subscribers,voluntary,monthly,25,1
2023-07-31,paid_social,paid_social-lookalike_subscribers,voluntary,monthly,27,1
2023-07-31,paid_social,paid_social-prospecting_broad,active_account,annual,36,18
2023-07-31,paid_social,paid_social-prospecting_broad,active_account,monthly,36,39
2023-07-31,paid_social,paid_social-prospecting_broad,payment_failed,annual,12,1
2023-07-31,paid_social,paid_social-prospecting_broad,payment_failed,annual,25,1
2023-07-31,paid_social,paid_social-prospecting_broad,payment_failed,monthly,1,1
2023-07-31,paid_social,paid_social-prospecting_broad,payment_failed,monthly,2,4
2023-07-31,paid_social,paid_social-prospecting_broad,payment_failed,monthly,3,2
2023-07-31,paid_social,paid_social-prospecting_broad,payment_failed,monthly,4,4
2023-07-31,paid_social,paid_social-prospecting_broad,payment_failed,monthly,5,2
2023-07-31,paid_social,paid_social-prospecting_broad,payment_failed,monthly,6,5
2023-07-31,paid_social,paid_social-prospecting_broad,payment_failed,monthly,7,4
2023-07-31,paid_social,paid_social-prospecting_broad,payment_failed,monthly,8,5
2023-07-31,paid_social,paid_social-prospecting_broad,payment_failed,monthly,9,2
2023-07-31,paid_social,paid_social-prospecting_broad,payment_failed,monthly,10,1
2023-07-31,paid_social,paid_social-prospecting_broad,payment_failed,monthly,12,2
2023-07-31,paid_social,paid_social-prospecting_broad,payment_failed,monthly,13,2
2023-07-31,paid_social,paid_social-prospecting_broad,payment_failed,monthly,14,1
2023-07-31,paid_social,paid_social-prospecting_broad,payment_failed,monthly,15,1
2023-07-31,paid_social,paid_social-prospecting_broad,payment_failed,monthly,17,1
2023-07-31,paid_social,paid_social-prospecting_broad,payment_failed,monthly,19,1
2023-07-31,paid_social,paid_social-prospecting_broad,payment_failed,monthly,21,2
2023-07-31,paid_social,paid_social-prospecting_broad,payment_failed,monthly,22,2
2023-07-31,paid_social,paid_social-prospecting_broad,payment_failed,monthly,23,2
2023-07-31,paid_social,paid_social-prospecting_broad,payment_failed,monthly,28,1
2023-07-31,paid_social,paid_social-prospecting_broad,payment_failed,monthly,29,1
2023-07-31,paid_social,paid_social-prospecting_broad,payment_failed,monthly,30,1
2023-07-31,paid_social,paid_social-prospecting_broad,payment_failed,monthly,33,1
2023-07-31,paid_social,paid_social-prospecting_broad,voluntary,annual,11,2
2023-07-31,paid_social,paid_social-prospecting_broad,voluntary,annual,12,15
2023-07-31,paid_social,paid_social-prospecting_broad,voluntary,annual,23,1
2023-07-31,paid_social,paid_social-prospecting_broad,voluntary,annual,24,5
2023-07-31,paid_social,paid_social-prospecting_broad,voluntary,monthly,1,54
2023-07-31,paid_social,paid_social-prospecting_broad,voluntary,monthly,2,14
2023-07-31,paid_social,paid_social-prospecting_broad,voluntary,monthly,3,13
2023-07-31,paid_social,paid_social-prospecting_broad,voluntary,monthly,4,9
2023-07-31,paid_social,paid_social-prospecting_broad,voluntary,monthly,5,6
2023-07-31,paid_social,paid_social-prospecting_broad,voluntary,monthly,6,8
2023-07-31,paid_social,paid_social-prospecting_broad,voluntary,monthly,7,2
2023-07-31,paid_social,paid_social-prospecting_broad,voluntary,monthly,8,5
2023-07-31,paid_social,paid_social-prospecting_broad,voluntary,monthly,9,2
2023-07-31,paid_social,paid_social-prospecting_broad,voluntary,monthly,10,5
2023-07-31,paid_social,paid_social-prospecting_broad,voluntary,monthly,11,1
2023-07-31,paid_social,paid_social-prospecting_broad,voluntary,monthly,12,2
2023-07-31,paid_social,paid_social-prospecting_broad,voluntary,monthly,13,1
2023-07-31,paid_social,paid_social-prospecting_broad,voluntary,monthly,14,1
2023-07-31,paid_social,paid_social-prospecting_broad,voluntary,monthly,16,1
2023-07-31,paid_social,paid_social-prospecting_broad,voluntary,monthly,17,2
2023-07-31,paid_social,paid_social-prospecting_broad,voluntary,monthly,18,2
2023-07-31,paid_social,paid_social-prospecting_broad,voluntary,monthly,20,1
2023-07-31,paid_social,paid_social-prospecting_broad,voluntary,monthly,24,1
2023-07-31,paid_social,paid_social-prospecting_broad,voluntary,monthly,25,1
2023-07-31,paid_social,paid_social-prospecting_broad,voluntary,monthly,26,1
2023-07-31,paid_social,paid_social-prospecting_broad,voluntary,monthly,27,1
2023-07-31,paid_social,paid_social-prospecting_broad,voluntary,monthly,28,2
2023-07-31,paid_social,paid_social-prospecting_broad,voluntary,monthly,30,2
2023-07-31,paid_social,paid_social-prospecting_broad,voluntary,monthly,31,1
2023-07-31,paid_social,paid_social-prospecting_broad,voluntary,monthly,34,1
2023-07-31,paid_social,paid_social-prospecting_broad,voluntary,monthly,35,3
2023-08-31,direct,direct,active_account,annual,35,156
2023-08-31,direct,direct,active_account,monthly,35,130
2023-08-31,direct,direct,payment_failed,annual,12,1
2023-08-31,direct,direct,payment_failed,annual,13,11
2023-08-31,direct,direct,payment_failed,annual,25,6
2023-08-31,direct,direct,payment_failed,monthly,2,4
2023-08-31,direct,direct,payment_failed,monthly,3,3
2023-08-31,direct,direct,payment_failed,monthly,4,4
2023-08-31,direct,direct,payment_failed,monthly,5,2
2023-08-31,direct,direct,payment_failed,monthly,6,3
2023-08-31,direct,direct,payment_failed,monthly,7,4
2023-08-31,direct,direct,payment_failed,monthly,8,2
2023-08-31,direct,direct,payment_failed,monthly,9,1
2023-08-31,direct,direct,payment_failed,monthly,10,2
2023-08-31,direct,direct,payment_failed,monthly,11,1
2023-08-31,direct,direct,payment_failed,monthly,12,1
2023-08-31,direct,direct,payment_failed,monthly,13,3
2023-08-31,direct,direct,payment_failed,monthly,14,2
2023-08-31,direct,direct,payment_failed,monthly,15,2
2023-08-31,direct,direct,payment_failed,monthly,16,2
2023-08-31,direct,direct,payment_failed,monthly,17,2
2023-08-31,direct,direct,payment_failed,monthly,18,1
2023-08-31,direct,direct,payment_failed,monthly,20,5
2023-08-31,direct,direct,payment_failed,monthly,21,3
2023-08-31,direct,direct,payment_failed,monthly,23,1
2023-08-31,direct,direct,payment_failed,monthly,24,1
2023-08-31,direct,direct,payment_failed,monthly,25,1
2023-08-31,direct,direct,payment_failed,monthly,26,4
2023-08-31,direct,direct,payment_failed,monthly,27,1
2023-08-31,direct,direct,payment_failed,monthly,31,2
2023-08-31,direct,direct,payment_failed,monthly,33,2
2023-08-31,direct,direct,payment_failed,monthly,34,1
2023-08-31,direct,direct,voluntary,annual,11,5
2023-08-31,direct,direct,voluntary,annual,12,41
2023-08-31,direct,direct,voluntary,annual,23,1
2023-08-31,direct,direct,voluntary,annual,24,12
2023-08-31,direct,direct,voluntary,monthly,1,58
2023-08-31,direct,direct,voluntary,monthly,2,28
2023-08-31,direct,direct,voluntary,monthly,3,23
2023-08-31,direct,direct,voluntary,monthly,4,11
2023-08-31,direct,direct,voluntary,monthly,5,6
2023-08-31,direct,direct,voluntary,monthly,6,8
2023-08-31,direct,direct,voluntary,monthly,7,5
2023-08-31,direct,direct,voluntary,monthly,8,3
2023-08-31,direct,direct,voluntary,monthly,9,4
2023-08-31,direct,direct,voluntary,monthly,10,4
2023-08-31,direct,direct,voluntary,monthly,11,1
2023-08-31,direct,direct,voluntary,monthly,12,4
2023-08-31,direct,direct,voluntary,monthly,13,4
2023-08-31,direct,direct,voluntary,monthly,14,2
2023-08-31,direct,direct,voluntary,monthly,15,2
2023-08-31,direct,direct,voluntary,monthly,16,3
2023-08-31,direct,direct,voluntary,monthly,18,1
2023-08-31,direct,direct,voluntary,monthly,20,2
2023-08-31,direct,direct,voluntary,monthly,21,2
2023-08-31,direct,direct,voluntary,monthly,22,3
2023-08-31,direct,direct,voluntary,monthly,23,3
2023-08-31,direct,direct,voluntary,monthly,24,2
2023-08-31,direct,direct,voluntary,monthly,28,1
2023-08-31,direct,direct,voluntary,monthly,29,1
2023-08-31,direct,direct,voluntary,monthly,30,2
2023-08-31,direct,direct,voluntary,monthly,31,1
2023-08-31,direct,direct,voluntary,monthly,32,1
2023-08-31,direct,direct,voluntary,monthly,33,1
2023-08-31,direct,direct,voluntary,monthly,34,1
2023-08-31,email,email,active_account,annual,35,145
2023-08-31,email,email,active_account,monthly,35,102
2023-08-31,email,email,payment_failed,annual,13,14
2023-08-31,email,email,payment_failed,annual,25,7
2023-08-31,email,email,payment_failed,monthly,2,3
2023-08-31,email,email,payment_failed,monthly,3,3
2023-08-31,email,email,payment_failed,monthly,4,2
2023-08-31,email,email,payment_failed,monthly,5,2
2023-08-31,email,email,payment_failed,monthly,6,2
2023-08-31,email,email,payment_failed,monthly,7,3
2023-08-31,email,email,payment_failed,monthly,10,1
2023-08-31,email,email,payment_failed,monthly,11,2
2023-08-31,email,email,payment_failed,monthly,12,3
2023-08-31,email,email,payment_failed,monthly,13,1
2023-08-31,email,email,payment_failed,monthly,14,1
2023-08-31,email,email,payment_failed,monthly,15,1
2023-08-31,email,email,payment_failed,monthly,18,2
2023-08-31,email,email,payment_failed,monthly,19,2
2023-08-31,email,email,payment_failed,monthly,20,2
2023-08-31,email,email,payment_failed,monthly,21,1
2023-08-31,email,email,payment_failed,monthly,22,1
2023-08-31,email,email,payment_failed,monthly,23,1
2023-08-31,email,email,payment_failed,monthly,24,1
2023-08-31,email,email,payment_failed,monthly,25,1
2023-08-31,email,email,payment_failed,monthly,28,2
2023-08-31,email,email,payment_failed,monthly,29,1
2023-08-31,email,email,payment_failed,monthly,30,1
2023-08-31,email,email,payment_failed,monthly,32,1
2023-08-31,email,email,voluntary,annual,12,32
2023-08-31,email,email,voluntary,annual,24,7
2023-08-31,email,email,voluntary,monthly,1,8
2023-08-31,email,email,voluntary,monthly,2,5
2023-08-31,email,email,voluntary,monthly,3,4
2023-08-31,email,email,voluntary,monthly,4,6
2023-08-31,email,email,voluntary,monthly,5,4
2023-08-31,email,email,voluntary,monthly,6,1
2023-08-31,email,email,voluntary,monthly,7,2
2023-08-31,email,email,voluntary,monthly,8,1
2023-08-31,email,email,voluntary,monthly,9,5
2023-08-31,email,email,voluntary,monthly,10,1
2023-08-31,email,email,voluntary,monthly,11,1
2023-08-31,email,email,voluntary,monthly,12,1
2023-08-31,email,email,voluntary,monthly,15,1
2023-08-31,email,email,voluntary,monthly,18,3
2023-08-31,email,email,voluntary,monthly,20,1
2023-08-31,email,email,voluntary,monthly,21,1
2023-08-31,email,email,voluntary,monthly,22,2
2023-08-31,email,email,voluntary,monthly,23,1
2023-08-31,email,email,voluntary,monthly,30,1
2023-08-31,email,email,voluntary,monthly,32,1
2023-08-31,email,email,voluntary,monthly,33,1
2023-08-31,organic_search,organic_search,active_account,annual,35,80
2023-08-31,organic_search,organic_search,active_account,monthly,35,100
2023-08-31,organic_search,organic_search,payment_failed,annual,12,1
2023-08-31,organic_search,organic_search,payment_failed,annual,13,2
2023-08-31,organic_search,organic_search,payment_failed,annual,25,5
2023-08-31,organic_search,organic_search,payment_failed,monthly,2,5
2023-08-31,organic_search,organic_search,payment_failed,monthly,3,1
2023-08-31,organic_search,organic_search,payment_failed,monthly,4,3
2023-08-31,organic_search,organic_search,payment_failed,monthly,5,3
2023-08-31,organic_search,organic_search,payment_failed,monthly,6,1
2023-08-31,organic_search,organic_search,payment_failed,monthly,7,3
2023-08-31,organic_search,organic_search,payment_failed,monthly,8,4
2023-08-31,organic_search,organic_search,payment_failed,monthly,10,1
2023-08-31,organic_search,organic_search,payment_failed,monthly,11,2
2023-08-31,organic_search,organic_search,payment_failed,monthly,12,4
2023-08-31,organic_search,organic_search,payment_failed,monthly,14,4
2023-08-31,organic_search,organic_search,payment_failed,monthly,16,1
2023-08-31,organic_search,organic_search,payment_failed,monthly,17,2
2023-08-31,organic_search,organic_search,payment_failed,monthly,18,3
2023-08-31,organic_search,organic_search,payment_failed,monthly,19,1
2023-08-31,organic_search,organic_search,payment_failed,monthly,20,1
2023-08-31,organic_search,organic_search,payment_failed,monthly,21,1
2023-08-31,organic_search,organic_search,payment_failed,monthly,23,1
2023-08-31,organic_search,organic_search,payment_failed,monthly,27,1
2023-08-31,organic_search,organic_search,payment_failed,monthly,29,2
2023-08-31,organic_search,organic_search,payment_failed,monthly,30,2
2023-08-31,organic_search,organic_search,payment_failed,monthly,31,1
2023-08-31,organic_search,organic_search,voluntary,annual,12,31
2023-08-31,organic_search,organic_search,voluntary,annual,24,8
2023-08-31,organic_search,organic_search,voluntary,monthly,1,42
2023-08-31,organic_search,organic_search,voluntary,monthly,2,24
2023-08-31,organic_search,organic_search,voluntary,monthly,3,16
2023-08-31,organic_search,organic_search,voluntary,monthly,4,8
2023-08-31,organic_search,organic_search,voluntary,monthly,5,6
2023-08-31,organic_search,organic_search,voluntary,monthly,6,7
2023-08-31,organic_search,organic_search,voluntary,monthly,7,2
2023-08-31,organic_search,organic_search,voluntary,monthly,8,3
2023-08-31,organic_search,organic_search,voluntary,monthly,10,3
2023-08-31,organic_search,organic_search,voluntary,monthly,11,1
2023-08-31,organic_search,organic_search,voluntary,monthly,12,3
2023-08-31,organic_search,organic_search,voluntary,monthly,13,1
2023-08-31,organic_search,organic_search,voluntary,monthly,14,3
2023-08-31,organic_search,organic_search,voluntary,monthly,15,1
2023-08-31,organic_search,organic_search,voluntary,monthly,16,2
2023-08-31,organic_search,organic_search,voluntary,monthly,18,2
2023-08-31,organic_search,organic_search,voluntary,monthly,19,1
2023-08-31,organic_search,organic_search,voluntary,monthly,21,3
2023-08-31,organic_search,organic_search,voluntary,monthly,22,1
2023-08-31,organic_search,organic_search,voluntary,monthly,23,2
2023-08-31,organic_search,organic_search,voluntary,monthly,24,2
2023-08-31,organic_search,organic_search,voluntary,monthly,26,1
2023-08-31,organic_search,organic_search,voluntary,monthly,27,2
2023-08-31,organic_search,organic_search,voluntary,monthly,29,4
2023-08-31,organic_search,organic_search,voluntary,monthly,31,2
2023-08-31,organic_search,organic_search,voluntary,monthly,33,3
2023-08-31,organic_social,organic_social,active_account,annual,35,10
2023-08-31,organic_social,organic_social,active_account,monthly,35,39
2023-08-31,organic_social,organic_social,payment_failed,annual,13,1
2023-08-31,organic_social,organic_social,payment_failed,monthly,2,4
2023-08-31,organic_social,organic_social,payment_failed,monthly,5,2
2023-08-31,organic_social,organic_social,payment_failed,monthly,6,1
2023-08-31,organic_social,organic_social,payment_failed,monthly,7,1
2023-08-31,organic_social,organic_social,payment_failed,monthly,9,2
2023-08-31,organic_social,organic_social,payment_failed,monthly,10,2
2023-08-31,organic_social,organic_social,payment_failed,monthly,11,1
2023-08-31,organic_social,organic_social,payment_failed,monthly,16,1
2023-08-31,organic_social,organic_social,payment_failed,monthly,23,1
2023-08-31,organic_social,organic_social,payment_failed,monthly,24,1
2023-08-31,organic_social,organic_social,payment_failed,monthly,27,1
2023-08-31,organic_social,organic_social,payment_failed,monthly,28,1
2023-08-31,organic_social,organic_social,payment_failed,monthly,29,1
2023-08-31,organic_social,organic_social,payment_failed,monthly,30,1
2023-08-31,organic_social,organic_social,payment_failed,monthly,33,2
2023-08-31,organic_social,organic_social,payment_failed,monthly,34,1
2023-08-31,organic_social,organic_social,voluntary,annual,12,6
2023-08-31,organic_social,organic_social,voluntary,annual,23,1
2023-08-31,organic_social,organic_social,voluntary,monthly,1,44
2023-08-31,organic_social,organic_social,voluntary,monthly,2,11
2023-08-31,organic_social,organic_social,voluntary,monthly,3,4
2023-08-31,organic_social,organic_social,voluntary,monthly,4,5
2023-08-31,organic_social,organic_social,voluntary,monthly,5,1
2023-08-31,organic_social,organic_social,voluntary,monthly,6,3
2023-08-31,organic_social,organic_social,voluntary,monthly,7,2
2023-08-31,organic_social,organic_social,voluntary,monthly,8,1
2023-08-31,organic_social,organic_social,voluntary,monthly,9,2
2023-08-31,organic_social,organic_social,voluntary,monthly,10,2
2023-08-31,organic_social,organic_social,voluntary,monthly,12,1
2023-08-31,organic_social,organic_social,voluntary,monthly,14,2
2023-08-31,organic_social,organic_social,voluntary,monthly,15,1
2023-08-31,organic_social,organic_social,voluntary,monthly,16,1
2023-08-31,organic_social,organic_social,voluntary,monthly,18,2
2023-08-31,organic_social,organic_social,voluntary,monthly,21,1
2023-08-31,organic_social,organic_social,voluntary,monthly,22,1
2023-08-31,organic_social,organic_social,voluntary,monthly,23,1
2023-08-31,organic_social,organic_social,voluntary,monthly,28,2
2023-08-31,organic_social,organic_social,voluntary,monthly,29,2
2023-08-31,organic_social,organic_social,voluntary,monthly,31,1
2023-08-31,organic_social,organic_social,voluntary,monthly,32,1
2023-08-31,organic_social,organic_social,voluntary,monthly,33,2
2023-08-31,paid_social,paid_social-lookalike_subscribers,active_account,annual,35,31
2023-08-31,paid_social,paid_social-lookalike_subscribers,active_account,monthly,35,42
2023-08-31,paid_social,paid_social-lookalike_subscribers,payment_failed,annual,12,1
2023-08-31,paid_social,paid_social-lookalike_subscribers,payment_failed,annual,13,4
2023-08-31,paid_social,paid_social-lookalike_subscribers,payment_failed,annual,25,1
2023-08-31,paid_social,paid_social-lookalike_subscribers,payment_failed,monthly,2,3
2023-08-31,paid_social,paid_social-lookalike_subscribers,payment_failed,monthly,3,1
2023-08-31,paid_social,paid_social-lookalike_subscribers,payment_failed,monthly,4,2
2023-08-31,paid_social,paid_social-lookalike_subscribers,payment_failed,monthly,6,1
2023-08-31,paid_social,paid_social-lookalike_subscribers,payment_failed,monthly,14,1
2023-08-31,paid_social,paid_social-lookalike_subscribers,payment_failed,monthly,15,1
2023-08-31,paid_social,paid_social-lookalike_subscribers,payment_failed,monthly,20,2
2023-08-31,paid_social,paid_social-lookalike_subscribers,payment_failed,monthly,21,1
2023-08-31,paid_social,paid_social-lookalike_subscribers,payment_failed,monthly,25,2
2023-08-31,paid_social,paid_social-lookalike_subscribers,payment_failed,monthly,32,1
2023-08-31,paid_social,paid_social-lookalike_subscribers,voluntary,annual,11,1
2023-08-31,paid_social,paid_social-lookalike_subscribers,voluntary,annual,12,10
2023-08-31,paid_social,paid_social-lookalike_subscribers,voluntary,annual,24,8
2023-08-31,paid_social,paid_social-lookalike_subscribers,voluntary,monthly,1,15
2023-08-31,paid_social,paid_social-lookalike_subscribers,voluntary,monthly,2,2
2023-08-31,paid_social,paid_social-lookalike_subscribers,voluntary,monthly,3,5
2023-08-31,paid_social,paid_social-lookalike_subscribers,voluntary,monthly,4,7
2023-08-31,paid_social,paid_social-lookalike_subscribers,voluntary,monthly,5,1
2023-08-31,paid_social,paid_social-lookalike_subscribers,voluntary,monthly,6,2
2023-08-31,paid_social,paid_social-lookalike_subscribers,voluntary,monthly,8,2
2023-08-31,paid_social,paid_social-lookalike_subscribers,voluntary,monthly,9,1
2023-08-31,paid_social,paid_social-lookalike_subscribers,voluntary,monthly,11,3
2023-08-31,paid_social,paid_social-lookalike_subscribers,voluntary,monthly,13,1
2023-08-31,paid_social,paid_social-lookalike_subscribers,voluntary,monthly,15,1
2023-08-31,paid_social,paid_social-lookalike_subscribers,voluntary,monthly,27,1
2023-08-31,paid_social,paid_social-lookalike_subscribers,voluntary,monthly,30,1
2023-08-31,paid_social,paid_social-lookalike_subscribers,voluntary,monthly,34,1
2023-08-31,paid_social,paid_social-prospecting_broad,active_account,annual,35,15
2023-08-31,paid_social,paid_social-prospecting_broad,active_account,monthly,35,55
2023-08-31,paid_social,paid_social-prospecting_broad,payment_failed,annual,12,1
2023-08-31,paid_social,paid_social-prospecting_broad,payment_failed,annual,13,1
2023-08-31,paid_social,paid_social-prospecting_broad,payment_failed,annual,25,2
2023-08-31,paid_social,paid_social-prospecting_broad,payment_failed,monthly,1,1
2023-08-31,paid_social,paid_social-prospecting_broad,payment_failed,monthly,2,4
2023-08-31,paid_social,paid_social-prospecting_broad,payment_failed,monthly,3,2
2023-08-31,paid_social,paid_social-prospecting_broad,payment_failed,monthly,4,2
2023-08-31,paid_social,paid_social-prospecting_broad,payment_failed,monthly,5,3
2023-08-31,paid_social,paid_social-prospecting_broad,payment_failed,monthly,6,1
2023-08-31,paid_social,paid_social-prospecting_broad,payment_failed,monthly,7,1
2023-08-31,paid_social,paid_social-prospecting_broad,payment_failed,monthly,8,2
2023-08-31,paid_social,paid_social-prospecting_broad,payment_failed,monthly,10,1
2023-08-31,paid_social,paid_social-prospecting_broad,payment_failed,monthly,11,2
2023-08-31,paid_social,paid_social-prospecting_broad,payment_failed,monthly,12,1
2023-08-31,paid_social,paid_social-prospecting_broad,payment_failed,monthly,15,1
2023-08-31,paid_social,paid_social-prospecting_broad,payment_failed,monthly,17,2
2023-08-31,paid_social,paid_social-prospecting_broad,payment_failed,monthly,18,1
2023-08-31,paid_social,paid_social-prospecting_broad,payment_failed,monthly,19,1
2023-08-31,paid_social,paid_social-prospecting_broad,payment_failed,monthly,20,2
2023-08-31,paid_social,paid_social-prospecting_broad,payment_failed,monthly,21,2
2023-08-31,paid_social,paid_social-prospecting_broad,payment_failed,monthly,23,2
2023-08-31,paid_social,paid_social-prospecting_broad,payment_failed,monthly,24,1
2023-08-31,paid_social,paid_social-prospecting_broad,payment_failed,monthly,25,2
2023-08-31,paid_social,paid_social-prospecting_broad,payment_failed,monthly,27,1
2023-08-31,paid_social,paid_social-prospecting_broad,payment_failed,monthly,28,1
2023-08-31,paid_social,paid_social-prospecting_broad,payment_failed,monthly,32,1
2023-08-31,paid_social,paid_social-prospecting_broad,voluntary,annual,12,26
2023-08-31,paid_social,paid_social-prospecting_broad,voluntary,annual,24,3
2023-08-31,paid_social,paid_social-prospecting_broad,voluntary,monthly,1,57
2023-08-31,paid_social,paid_social-prospecting_broad,voluntary,monthly,2,27
2023-08-31,paid_social,paid_social-prospecting_broad,voluntary,monthly,3,11
2023-08-31,paid_social,paid_social-prospecting_broad,voluntary,monthly,4,8
2023-08-31,paid_social,paid_social-prospecting_broad,voluntary,monthly,5,6
2023-08-31,paid_social,paid_social-prospecting_broad,voluntary,monthly,6,4
2023-08-31,paid_social,paid_social-prospecting_broad,voluntary,monthly,7,3
2023-08-31,paid_social,paid_social-prospecting_broad,voluntary,monthly,8,5
2023-08-31,paid_social,paid_social-prospecting_broad,voluntary,monthly,10,4
2023-08-31,paid_social,paid_social-prospecting_broad,voluntary,monthly,11,3
2023-08-31,paid_social,paid_social-prospecting_broad,voluntary,monthly,13,2
2023-08-31,paid_social,paid_social-prospecting_broad,voluntary,monthly,16,3
2023-08-31,paid_social,paid_social-prospecting_broad,voluntary,monthly,17,4
2023-08-31,paid_social,paid_social-prospecting_broad,voluntary,monthly,19,4
2023-08-31,paid_social,paid_social-prospecting_broad,voluntary,monthly,22,1
2023-08-31,paid_social,paid_social-prospecting_broad,voluntary,monthly,23,1
2023-08-31,paid_social,paid_social-prospecting_broad,voluntary,monthly,24,1
2023-08-31,paid_social,paid_social-prospecting_broad,voluntary,monthly,33,1
2023-09-30,direct,direct,active_account,annual,34,152
2023-09-30,direct,direct,active_account,monthly,34,182
2023-09-30,direct,direct,payment_failed,annual,13,9
2023-09-30,direct,direct,payment_failed,annual,24,1
2023-09-30,direct,direct,payment_failed,annual,25,5
2023-09-30,direct,direct,payment_failed,monthly,2,1
2023-09-30,direct,direct,payment_failed,monthly,3,9
2023-09-30,direct,direct,payment_failed,monthly,4,5
2023-09-30,direct,direct,payment_failed,monthly,5,6
2023-09-30,direct,direct,payment_failed,monthly,6,2
2023-09-30,direct,direct,payment_failed,monthly,7,4
2023-09-30,direct,direct,payment_failed,monthly,8,2
2023-09-30,direct,direct,payment_failed,monthly,9,3
2023-09-30,direct,direct,payment_failed,monthly,11,1
2023-09-30,direct,direct,payment_failed,monthly,12,2
2023-09-30,direct,direct,payment_failed,monthly,13,3
2023-09-30,direct,direct,payment_failed,monthly,14,4
2023-09-30,direct,direct,payment_failed,monthly,16,3
2023-09-30,direct,direct,payment_failed,monthly,18,3
2023-09-30,direct,direct,payment_failed,monthly,19,2
2023-09-30,direct,direct,payment_failed,monthly,20,2
2023-09-30,direct,direct,payment_failed,monthly,21,1
2023-09-30,direct,direct,payment_failed,monthly,22,4
2023-09-30,direct,direct,payment_failed,monthly,23,1
2023-09-30,direct,direct,payment_failed,monthly,24,2
2023-09-30,direct,direct,payment_failed,monthly,25,1
2023-09-30,direct,direct,payment_failed,monthly,26,1
2023-09-30,direct,direct,payment_failed,monthly,28,3
2023-09-30,direct,direct,payment_failed,monthly,29,2
2023-09-30,direct,direct,payment_failed,monthly,30,1
2023-09-30,direct,direct,payment_failed,monthly,31,1
2023-09-30,direct,direct,payment_failed,monthly,32,3
2023-09-30,direct,direct,payment_failed,monthly,33,1
2023-09-30,direct,direct,voluntary,annual,11,2
2023-09-30,direct,direct,voluntary,annual,12,43
2023-09-30,direct,direct,voluntary,annual,24,11
2023-09-30,direct,direct,voluntary,monthly,1,59
2023-09-30,direct,direct,voluntary,monthly,2,23
2023-09-30,direct,direct,voluntary,monthly,3,12
2023-09-30,direct,direct,voluntary,monthly,4,16
2023-09-30,direct,direct,voluntary,monthly,5,13
2023-09-30,direct,direct,voluntary,monthly,6,6
2023-09-30,direct,direct,voluntary,monthly,7,6
2023-09-30,direct,direct,voluntary,monthly,8,6
2023-09-30,direct,direct,voluntary,monthly,9,5
2023-09-30,direct,direct,voluntary,monthly,10,2
2023-09-30,direct,direct,voluntary,monthly,11,1
2023-09-30,direct,direct,voluntary,monthly,12,2
2023-09-30,direct,direct,voluntary,monthly,13,3
2023-09-30,direct,direct,voluntary,monthly,14,2
2023-09-30,direct,direct,voluntary,monthly,15,1
2023-09-30,direct,direct,voluntary,monthly,16,1
2023-09-30,direct,direct,voluntary,monthly,17,1
2023-09-30,direct,direct,voluntary,monthly,18,1
2023-09-30,direct,direct,voluntary,monthly,23,2
2023-09-30,direct,direct,voluntary,monthly,24,2
2023-09-30,direct,direct,voluntary,monthly,25,1
2023-09-30,direct,direct,voluntary,monthly,26,2
2023-09-30,direct,direct,voluntary,monthly,27,3
2023-09-30,direct,direct,voluntary,monthly,28,2
2023-09-30,direct,direct,voluntary,monthly,29,1
2023-09-30,direct,direct,voluntary,monthly,30,1
2023-09-30,direct,direct,voluntary,monthly,31,2
2023-09-30,direct,direct,voluntary,monthly,32,2
2023-09-30,email,email,active_account,annual,34,170
2023-09-30,email,email,active_account,monthly,34,73
2023-09-30,email,email,payment_failed,annual,13,13
2023-09-30,email,email,payment_failed,annual,25,5
2023-09-30,email,email,payment_failed,monthly,2,2
2023-09-30,email,email,payment_failed,monthly,3,2
2023-09-30,email,email,payment_failed,monthly,4,4
2023-09-30,email,email,payment_failed,monthly,6,4
2023-09-30,email,email,payment_failed,monthly,7,4
2023-09-30,email,email,payment_failed,monthly,10,1
2023-09-30,email,email,payment_failed,monthly,11,2
2023-09-30,email,email,payment_failed,monthly,15,3
2023-09-30,email,email,payment_failed,monthly,16,3
2023-09-30,email,email,payment_failed,monthly,18,1
2023-09-30,email,email,payment_failed,monthly,19,3
2023-09-30,email,email,payment_failed,monthly,20,1
2023-09-30,email,email,payment_failed,monthly,21,1
2023-09-30,email,email,payment_failed,monthly,22,2
2023-09-30,email,email,payment_failed,monthly,24,2
2023-09-30,email,email,payment_failed,monthly,26,1
2023-09-30,email,email,payment_failed,monthly,27,1
2023-09-30,email,email,payment_failed,monthly,28,1
2023-09-30,email,email,payment_failed,monthly,29,1
2023-09-30,email,email,payment_failed,monthly,31,1
2023-09-30,email,email,voluntary,annual,11,2
2023-09-30,email,email,voluntary,annual,12,30
2023-09-30,email,email,voluntary,annual,24,10
2023-09-30,email,email,voluntary,monthly,1,8
2023-09-30,email,email,voluntary,monthly,2,8
2023-09-30,email,email,voluntary,monthly,3,6
2023-09-30,email,email,voluntary,monthly,4,5
2023-09-30,email,email,voluntary,monthly,5,7
2023-09-30,email,email,voluntary,monthly,6,1
2023-09-30,email,email,voluntary,monthly,8,2
2023-09-30,email,email,voluntary,monthly,9,1
2023-09-30,email,email,voluntary,monthly,10,2
2023-09-30,email,email,voluntary,monthly,11,2
2023-09-30,email,email,voluntary,monthly,12,1
2023-09-30,email,email,voluntary,monthly,13,1
2023-09-30,email,email,voluntary,monthly,18,2
2023-09-30,email,email,voluntary,monthly,20,1
2023-09-30,email,email,voluntary,monthly,21,1
2023-09-30,email,email,voluntary,monthly,22,1
2023-09-30,email,email,voluntary,monthly,27,4
2023-09-30,email,email,voluntary,monthly,32,1
2023-09-30,email,email,voluntary,monthly,33,1
2023-09-30,organic_search,organic_search,active_account,annual,34,78
2023-09-30,organic_search,organic_search,active_account,monthly,34,91
2023-09-30,organic_search,organic_search,payment_failed,annual,13,7
2023-09-30,organic_search,organic_search,payment_failed,annual,25,2
2023-09-30,organic_search,organic_search,payment_failed,monthly,1,1
2023-09-30,organic_search,organic_search,payment_failed,monthly,2,5
2023-09-30,organic_search,organic_search,payment_failed,monthly,3,2
2023-09-30,organic_search,organic_search,payment_failed,monthly,4,2
2023-09-30,organic_search,organic_search,payment_failed,monthly,5,4
2023-09-30,organic_search,organic_search,payment_failed,monthly,6,2
2023-09-30,organic_search,organic_search,payment_failed,monthly,7,7
2023-09-30,organic_search,organic_search,payment_failed,monthly,8,3
2023-09-30,organic_search,organic_search,payment_failed,monthly,9,5
2023-09-30,organic_search,organic_search,payment_failed,monthly,10,3
2023-09-30,organic_search,organic_search,payment_failed,monthly,11,3
2023-09-30,organic_search,organic_search,payment_failed,monthly,12,2
2023-09-30,organic_search,organic_search,payment_failed,monthly,13,1
2023-09-30,organic_search,organic_search,payment_failed,monthly,14,2
2023-09-30,organic_search,organic_search,payment_failed,monthly,15,2
2023-09-30,organic_search,organic_search,payment_failed,monthly,16,4
2023-09-30,organic_search,organic_search,payment_failed,monthly,18,2
2023-09-30,organic_search,organic_search,payment_failed,monthly,19,1
2023-09-30,organic_search,organic_search,payment_failed,monthly,20,1
2023-09-30,organic_search,organic_search,payment_failed,monthly,22,2
2023-09-30,organic_search,organic_search,payment_failed,monthly,23,3
2023-09-30,organic_search,organic_search,payment_failed,monthly,25,2
2023-09-30,organic_search,organic_search,payment_failed,monthly,29,2
2023-09-30,organic_search,organic_search,payment_failed,monthly,31,2
2023-09-30,organic_search,organic_search,payment_failed,monthly,32,1
2023-09-30,organic_search,organic_search,voluntary,annual,11,2
2023-09-30,organic_search,organic_search,voluntary,annual,12,28
2023-09-30,organic_search,organic_search,voluntary,annual,23,1
2023-09-30,organic_search,organic_search,voluntary,annual,24,5
2023-09-30,organic_search,organic_search,voluntary,monthly,1,39
2023-09-30,organic_search,organic_search,voluntary,monthly,2,13
2023-09-30,organic_search,organic_search,voluntary,monthly,3,21
2023-09-30,organic_search,organic_search,voluntary,monthly,4,7
2023-09-30,organic_search,organic_search,voluntary,monthly,5,5
2023-09-30,organic_search,organic_search,voluntary,monthly,6,6
2023-09-30,organic_search,organic_search,voluntary,monthly,7,4
2023-09-30,organic_search,organic_search,voluntary,monthly,8,4
2023-09-30,organic_search,organic_search,voluntary,monthly,9,4
2023-09-30,organic_search,organic_search,voluntary,monthly,10,2
2023-09-30,organic_search,organic_search,voluntary,monthly,11,3
2023-09-30,organic_search,organic_search,voluntary,monthly,12,2
2023-09-30,organic_search,organic_search,voluntary,monthly,13,2
2023-09-30,organic_search,organic_search,voluntary,monthly,15,3
2023-09-30,organic_search,organic_search,voluntary,monthly,17,2
2023-09-30,organic_search,organic_search,voluntary,monthly,20,2
2023-09-30,organic_search,organic_search,voluntary,monthly,21,3
2023-09-30,organic_search,organic_search,voluntary,monthly,25,1
2023-09-30,organic_search,organic_search,voluntary,monthly,26,2
2023-09-30,organic_search,organic_search,voluntary,monthly,29,1
2023-09-30,organic_search,organic_search,voluntary,monthly,30,2
2023-09-30,organic_search,organic_search,voluntary,monthly,31,2
2023-09-30,organic_search,organic_search,voluntary,monthly,32,4
2023-09-30,organic_search,organic_search,voluntary,monthly,33,2
2023-09-30,organic_social,organic_social,active_account,annual,34,20
2023-09-30,organic_social,organic_social,active_account,monthly,34,44
2023-09-30,organic_social,organic_social,payment_failed,annual,12,1
2023-09-30,organic_social,organic_social,payment_failed,annual,13,1
2023-09-30,organic_social,organic_social,payment_failed,monthly,2,2
2023-09-30,organic_social,organic_social,payment_failed,monthly,3,2
2023-09-30,organic_social,organic_social,payment_failed,monthly,4,2
2023-09-30,organic_social,organic_social,payment_failed,monthly,5,1
2023-09-30,organic_social,organic_social,payment_failed,monthly,6,3
2023-09-30,organic_social,organic_social,payment_failed,monthly,8,2
2023-09-30,organic_social,organic_social,payment_failed,monthly,9,1
2023-09-30,organic_social,organic_social,payment_failed,monthly,10,1
2023-09-30,organic_social,organic_social,payment_failed,monthly,11,1
2023-09-30,organic_social,organic_social,payment_failed,monthly,12,1
2023-09-30,organic_social,organic_social,payment_failed,monthly,14,1
2023-09-30,organic_social,organic_social,payment_failed,monthly,17,2
2023-09-30,organic_social,organic_social,payment_failed,monthly,19,2
2023-09-30,organic_social,organic_social,payment_failed,monthly,21,1
2023-09-30,organic_social,organic_social,payment_failed,monthly,29,1
2023-09-30,organic_social,organic_social,payment_failed,monthly,30,1
2023-09-30,organic_social,organic_social,payment_failed,monthly,32,2
2023-09-30,organic_social,organic_social,voluntary,annual,12,10
2023-09-30,organic_social,organic_social,voluntary,annual,24,3
2023-09-30,organic_social,organic_social,voluntary,monthly,1,39
2023-09-30,organic_social,organic_social,voluntary,monthly,2,15
2023-09-30,organic_social,organic_social,voluntary,monthly,3,9
2023-09-30,organic_social,organic_social,voluntary,monthly,4,7
2023-09-30,organic_social,organic_social,voluntary,monthly,5,5
2023-09-30,organic_social,organic_social,voluntary,monthly,6,4
2023-09-30,organic_social,organic_social,voluntary,monthly,7,5
2023-09-30,organic_social,organic_social,voluntary,monthly,8,5
2023-09-30,organic_social,organic_social,voluntary,monthly,9,1
2023-09-30,organic_social,organic_social,voluntary,monthly,11,4
2023-09-30,organic_social,organic_social,voluntary,monthly,12,1
2023-09-30,organic_social,organic_social,voluntary,monthly,13,1
2023-09-30,organic_social,organic_social,voluntary,monthly,14,1
2023-09-30,organic_social,organic_social,voluntary,monthly,15,2
2023-09-30,organic_social,organic_social,voluntary,monthly,18,1
2023-09-30,organic_social,organic_social,voluntary,monthly,19,2
2023-09-30,organic_social,organic_social,voluntary,monthly,20,1
2023-09-30,organic_social,organic_social,voluntary,monthly,22,1
2023-09-30,organic_social,organic_social,voluntary,monthly,23,1
2023-09-30,organic_social,organic_social,voluntary,monthly,28,1
2023-09-30,organic_social,organic_social,voluntary,monthly,30,1
2023-09-30,organic_social,organic_social,voluntary,monthly,32,1
2023-09-30,organic_social,organic_social,voluntary,monthly,33,1
2023-09-30,paid_social,paid_social-lookalike_subscribers,active_account,annual,34,44
2023-09-30,paid_social,paid_social-lookalike_subscribers,active_account,monthly,34,41
2023-09-30,paid_social,paid_social-lookalike_subscribers,payment_failed,annual,13,2
2023-09-30,paid_social,paid_social-lookalike_subscribers,payment_failed,annual,25,1
2023-09-30,paid_social,paid_social-lookalike_subscribers,payment_failed,monthly,3,2
2023-09-30,paid_social,paid_social-lookalike_subscribers,payment_failed,monthly,4,1
2023-09-30,paid_social,paid_social-lookalike_subscribers,payment_failed,monthly,5,1
2023-09-30,paid_social,paid_social-lookalike_subscribers,payment_failed,monthly,6,1
2023-09-30,paid_social,paid_social-lookalike_subscribers,payment_failed,monthly,10,2
2023-09-30,paid_social,paid_social-lookalike_subscribers,payment_failed,monthly,11,1
2023-09-30,paid_social,paid_social-lookalike_subscribers,payment_failed,monthly,12,1
2023-09-30,paid_social,paid_social-lookalike_subscribers,payment_failed,monthly,13,1
2023-09-30,paid_social,paid_social-lookalike_subscribers,payment_failed,monthly,14,1
2023-09-30,paid_social,paid_social-lookalike_subscribers,payment_failed,monthly,16,2
2023-09-30,paid_social,paid_social-lookalike_subscribers,payment_failed,monthly,17,1
2023-09-30,paid_social,paid_social-lookalike_subscribers,payment_failed,monthly,18,1
2023-09-30,paid_social,paid_social-lookalike_subscribers,payment_failed,monthly,20,1
2023-09-30,paid_social,paid_social-lookalike_subscribers,payment_failed,monthly,24,1
2023-09-30,paid_social,paid_social-lookalike_subscribers,payment_failed,monthly,27,1
2023-09-30,paid_social,paid_social-lookalike_subscribers,payment_failed,monthly,30,1
2023-09-30,paid_social,paid_social-lookalike_subscribers,payment_failed,monthly,33,1
2023-09-30,paid_social,paid_social-lookalike_subscribers,voluntary,annual,11,2
2023-09-30,paid_social,paid_social-lookalike_subscribers,voluntary,annual,12,21
2023-09-30,paid_social,paid_social-lookalike_subscribers,voluntary,annual,24,1
2023-09-30,paid_social,paid_social-lookalike_subscribers,voluntary,monthly,1,16
2023-09-30,paid_social,paid_social-lookalike_subscribers,voluntary,monthly,2,7
2023-09-30,paid_social,paid_social-lookalike_subscribers,voluntary,monthly,3,2
2023-09-30,paid_social,paid_social-lookalike_subscribers,voluntary,monthly,4,8
2023-09-30,paid_social,paid_social-lookalike_subscribers,voluntary,monthly,5,3
2023-09-30,paid_social,paid_social-lookalike_subscribers,voluntary,monthly,6,2
2023-09-30,paid_social,paid_social-lookalike_subscribers,voluntary,monthly,7,1
2023-09-30,paid_social,paid_social-lookalike_subscribers,voluntary,monthly,8,4
2023-09-30,paid_social,paid_social-lookalike_subscribers,voluntary,monthly,13,1
2023-09-30,paid_social,paid_social-lookalike_subscribers,voluntary,monthly,17,2
2023-09-30,paid_social,paid_social-lookalike_subscribers,voluntary,monthly,20,1
2023-09-30,paid_social,paid_social-lookalike_subscribers,voluntary,monthly,21,1
2023-09-30,paid_social,paid_social-lookalike_subscribers,voluntary,monthly,23,1
2023-09-30,paid_social,paid_social-lookalike_subscribers,voluntary,monthly,24,1
2023-09-30,paid_social,paid_social-lookalike_subscribers,voluntary,monthly,26,1
2023-09-30,paid_social,paid_social-lookalike_subscribers,voluntary,monthly,28,1
2023-09-30,paid_social,paid_social-lookalike_subscribers,voluntary,monthly,31,1
2023-09-30,paid_social,paid_social-lookalike_subscribers,voluntary,monthly,32,1
2023-09-30,paid_social,paid_social-prospecting_broad,active_account,annual,34,36
2023-09-30,paid_social,paid_social-prospecting_broad,active_account,monthly,34,62
2023-09-30,paid_social,paid_social-prospecting_broad,payment_failed,annual,13,4
2023-09-30,paid_social,paid_social-prospecting_broad,payment_failed,annual,25,1
2023-09-30,paid_social,paid_social-prospecting_broad,payment_failed,monthly,2,3
2023-09-30,paid_social,paid_social-prospecting_broad,payment_failed,monthly,3,2
2023-09-30,paid_social,paid_social-prospecting_broad,payment_failed,monthly,4,3
2023-09-30,paid_social,paid_social-prospecting_broad,payment_failed,monthly,5,4
2023-09-30,paid_social,paid_social-prospecting_broad,payment_failed,monthly,6,1
2023-09-30,paid_social,paid_social-prospecting_broad,payment_failed,monthly,7,1
2023-09-30,paid_social,paid_social-prospecting_broad,payment_failed,monthly,8,2
2023-09-30,paid_social,paid_social-prospecting_broad,payment_failed,monthly,9,1
2023-09-30,paid_social,paid_social-prospecting_broad,payment_failed,monthly,10,4
2023-09-30,paid_social,paid_social-prospecting_broad,payment_failed,monthly,11,1
2023-09-30,paid_social,paid_social-prospecting_broad,payment_failed,monthly,12,1
2023-09-30,paid_social,paid_social-prospecting_broad,payment_failed,monthly,13,5
2023-09-30,paid_social,paid_social-prospecting_broad,payment_failed,monthly,16,1
2023-09-30,paid_social,paid_social-prospecting_broad,payment_failed,monthly,17,1
2023-09-30,paid_social,paid_social-prospecting_broad,payment_failed,monthly,18,2
2023-09-30,paid_social,paid_social-prospecting_broad,payment_failed,monthly,19,1
2023-09-30,paid_social,paid_social-prospecting_broad,payment_failed,monthly,20,1
2023-09-30,paid_social,paid_social-prospecting_broad,payment_failed,monthly,21,2
2023-09-30,paid_social,paid_social-prospecting_broad,payment_failed,monthly,22,1
2023-09-30,paid_social,paid_social-prospecting_broad,payment_failed,monthly,23,1
2023-09-30,paid_social,paid_social-prospecting_broad,payment_failed,monthly,27,1
2023-09-30,paid_social,paid_social-prospecting_broad,payment_failed,monthly,29,1
2023-09-30,paid_social,paid_social-prospecting_broad,payment_failed,monthly,30,1
2023-09-30,paid_social,paid_social-prospecting_broad,payment_failed,monthly,31,1
2023-09-30,paid_social,paid_social-prospecting_broad,payment_failed,monthly,32,1
2023-09-30,paid_social,paid_social-prospecting_broad,payment_failed,monthly,33,1
2023-09-30,paid_social,paid_social-prospecting_broad,voluntary,annual,11,1
2023-09-30,paid_social,paid_social-prospecting_broad,voluntary,annual,12,18
2023-09-30,paid_social,paid_social-prospecting_broad,voluntary,annual,24,5
2023-09-30,paid_social,paid_social-prospecting_broad,voluntary,monthly,1,94
2023-09-30,paid_social,paid_social-prospecting_broad,voluntary,monthly,2,27
2023-09-30,paid_social,paid_social-prospecting_broad,voluntary,monthly,3,13
2023-09-30,paid_social,paid_social-prospecting_broad,voluntary,monthly,4,9
2023-09-30,paid_social,paid_social-prospecting_broad,voluntary,monthly,5,5
2023-09-30,paid_social,paid_social-prospecting_broad,voluntary,monthly,6,2
2023-09-30,paid_social,paid_social-prospecting_broad,voluntary,monthly,7,2
2023-09-30,paid_social,paid_social-prospecting_broad,voluntary,monthly,8,4
2023-09-30,paid_social,paid_social-prospecting_broad,voluntary,monthly,9,1
2023-09-30,paid_social,paid_social-prospecting_broad,voluntary,monthly,10,2
2023-09-30,paid_social,paid_social-prospecting_broad,voluntary,monthly,11,1
2023-09-30,paid_social,paid_social-prospecting_broad,voluntary,monthly,12,1
2023-09-30,paid_social,paid_social-prospecting_broad,voluntary,monthly,13,3
2023-09-30,paid_social,paid_social-prospecting_broad,voluntary,monthly,15,3
2023-09-30,paid_social,paid_social-prospecting_broad,voluntary,monthly,19,2
2023-09-30,paid_social,paid_social-prospecting_broad,voluntary,monthly,22,3
2023-09-30,paid_social,paid_social-prospecting_broad,voluntary,monthly,23,1
2023-09-30,paid_social,paid_social-prospecting_broad,voluntary,monthly,24,1
2023-09-30,paid_social,paid_social-prospecting_broad,voluntary,monthly,29,1
2023-09-30,paid_social,paid_social-prospecting_broad,voluntary,monthly,32,1
2023-10-31,direct,direct,active_account,annual,33,151
2023-10-31,direct,direct,active_account,monthly,33,178
2023-10-31,direct,direct,payment_failed,annual,13,8
2023-10-31,direct,direct,payment_failed,annual,25,7
2023-10-31,direct,direct,payment_failed,monthly,2,4
2023-10-31,direct,direct,payment_failed,monthly,3,10
2023-10-31,direct,direct,payment_failed,monthly,4,4
2023-10-31,direct,direct,payment_failed,monthly,5,7
2023-10-31,direct,direct,payment_failed,monthly,6,4
2023-10-31,direct,direct,payment_failed,monthly,7,7
2023-10-31,direct,direct,payment_failed,monthly,8,5
2023-10-31,direct,direct,payment_failed,monthly,9,5
2023-10-31,direct,direct,payment_failed,monthly,10,1
2023-10-31,direct,direct,payment_failed,monthly,11,2
2023-10-31,direct,direct,payment_failed,monthly,12,6
2023-10-31,direct,direct,payment_failed,monthly,13,1
2023-10-31,direct,direct,payment_failed,monthly,14,3
2023-10-31,direct,direct,payment_failed,monthly,15,3
2023-10-31,direct,direct,payment_failed,monthly,16,1
2023-10-31,direct,direct,payment_failed,monthly,18,2
2023-10-31,direct,direct,payment_failed,monthly,19,4
2023-10-31,direct,direct,payment_failed,monthly,20,1
2023-10-31,direct,direct,payment_failed,monthly,21,1
2023-10-31,direct,direct,payment_failed,monthly,22,2
2023-10-31,direct,direct,payment_failed,monthly,23,1
2023-10-31,direct,direct,payment_failed,monthly,24,2
2023-10-31,direct,direct,payment_failed,monthly,25,1
2023-10-31,direct,direct,payment_failed,monthly,26,5
2023-10-31,direct,direct,payment_failed,monthly,27,4
2023-10-31,direct,direct,payment_failed,monthly,28,2
2023-10-31,direct,direct,payment_failed,monthly,29,3
2023-10-31,direct,direct,payment_failed,monthly,30,1
2023-10-31,direct,direct,payment_failed,monthly,31,3
2023-10-31,direct,direct,payment_failed,monthly,32,2
2023-10-31,direct,direct,voluntary,annual,11,4
2023-10-31,direct,direct,voluntary,annual,12,55
2023-10-31,direct,direct,voluntary,annual,23,1
2023-10-31,direct,direct,voluntary,annual,24,11
2023-10-31,direct,direct,voluntary,monthly,1,61
2023-10-31,direct,direct,voluntary,monthly,2,26
2023-10-31,direct,direct,voluntary,monthly,3,21
2023-10-31,direct,direct,voluntary,monthly,4,15
2023-10-31,direct,direct,voluntary,monthly,5,10
2023-10-31,direct,direct,voluntary,monthly,6,5
2023-10-31,direct,direct,voluntary,monthly,7,6
2023-10-31,direct,direct,voluntary,monthly,8,3
2023-10-31,direct,direct,voluntary,monthly,9,1
2023-10-31,direct,direct,voluntary,monthly,10,3
2023-10-31,direct,direct,voluntary,monthly,11,2
2023-10-31,direct,direct,voluntary,monthly,12,2
2023-10-31,direct,direct,voluntary,monthly,13,2
2023-10-31,direct,direct,voluntary,monthly,14,4
2023-10-31,direct,direct,voluntary,monthly,15,4
2023-10-31,direct,direct,voluntary,monthly,16,6
2023-10-31,direct,direct,voluntary,monthly,17,2
2023-10-31,direct,direct,voluntary,monthly,18,1
2023-10-31,direct,direct,voluntary,monthly,19,3
2023-10-31,direct,direct,voluntary,monthly,20,3
2023-10-31,direct,direct,voluntary,monthly,21,2
2023-10-31,direct,direct,voluntary,monthly,22,3
2023-10-31,direct,direct,voluntary,monthly,24,2
2023-10-31,direct,direct,voluntary,monthly,25,1
2023-10-31,direct,direct,voluntary,monthly,26,5
2023-10-31,direct,direct,voluntary,monthly,27,2
2023-10-31,direct,direct,voluntary,monthly,29,2
2023-10-31,direct,direct,voluntary,monthly,30,1
2023-10-31,direct,direct,voluntary,monthly,31,1
2023-10-31,direct,direct,voluntary,monthly,32,1
2023-10-31,direct,direct,voluntary,monthly,33,1
2023-10-31,email,email,active_account,annual,33,183
2023-10-31,email,email,active_account,monthly,33,90
2023-10-31,email,email,payment_failed,annual,12,4
2023-10-31,email,email,payment_failed,annual,13,15
2023-10-31,email,email,payment_failed,annual,25,4
2023-10-31,email,email,payment_failed,monthly,2,5
2023-10-31,email,email,payment_failed,monthly,3,2
2023-10-31,email,email,payment_failed,monthly,4,2
2023-10-31,email,email,payment_failed,monthly,5,2
2023-10-31,email,email,payment_failed,monthly,6,4
2023-10-31,email,email,payment_failed,monthly,8,1
2023-10-31,email,email,payment_failed,monthly,9,1
2023-10-31,email,email,payment_failed,monthly,11,3
2023-10-31,email,email,payment_failed,monthly,12,4
2023-10-31,email,email,payment_failed,monthly,13,1
2023-10-31,email,email,payment_failed,monthly,14,1
2023-10-31,email,email,payment_failed,monthly,15,3
2023-10-31,email,email,payment_failed,monthly,16,1
2023-10-31,email,email,payment_failed,monthly,17,1
2023-10-31,email,email,payment_failed,monthly,20,2
2023-10-31,email,email,payment_failed,monthly,21,4
2023-10-31,email,email,payment_failed,monthly,22,1
2023-10-31,email,email,payment_failed,monthly,24,1
2023-10-31,email,email,payment_failed,monthly,26,1
2023-10-31,email,email,payment_failed,monthly,31,2
2023-10-31,email,email,voluntary,annual,12,25
2023-10-31,email,email,voluntary,annual,23,1
2023-10-31,email,email,voluntary,annual,24,12
2023-10-31,email,email,voluntary,monthly,1,18
2023-10-31,email,email,voluntary,monthly,2,4
2023-10-31,email,email,voluntary,monthly,3,10
2023-10-31,email,email,voluntary,monthly,4,4
2023-10-31,email,email,voluntary,monthly,5,3
2023-10-31,email,email,voluntary,monthly,6,1
2023-10-31,email,email,voluntary,monthly,10,1
2023-10-31,email,email,voluntary,monthly,11,1
2023-10-31,email,email,voluntary,monthly,14,1
2023-10-31,email,email,voluntary,monthly,16,1
2023-10-31,email,email,voluntary,monthly,18,1
2023-10-31,email,email,voluntary,monthly,20,1
2023-10-31,email,email,voluntary,monthly,22,1
2023-10-31,email,email,voluntary,monthly,24,1
2023-10-31,email,email,voluntary,monthly,27,2
2023-10-31,email,email,voluntary,monthly,30,2
2023-10-31,organic_search,organic_search,active_account,annual,33,81
2023-10-31,organic_search,organic_search,active_account,monthly,33,130
2023-10-31,organic_search,organic_search,payment_failed,annual,12,1
2023-10-31,organic_search,organic_search,payment_failed,annual,13,9
2023-10-31,organic_search,organic_search,payment_failed,annual,25,2
2023-10-31,organic_search,organic_search,payment_failed,monthly,2,4
2023-10-31,organic_search,organic_search,payment_failed,monthly,3,3
2023-10-31,organic_search,organic_search,payment_failed,monthly,4,10
2023-10-31,organic_search,organic_search,payment_failed,monthly,5,2
2023-10-31,organic_search,organic_search,payment_failed,monthly,6,2
2023-10-31,organic_search,organic_search,payment_failed,monthly,7,2
2023-10-31,organic_search,organic_search,payment_failed,monthly,8,2
2023-10-31,organic_search,organic_search,payment_failed,monthly,9,8
2023-10-31,organic_search,organic_search,payment_failed,monthly,10,3
2023-10-31,organic_search,organic_search,payment_failed,monthly,12,2
2023-10-31,organic_search,organic_search,payment_failed,monthly,13,2
2023-10-31,organic_search,organic_search,payment_failed,monthly,15,2
2023-10-31,organic_search,organic_search,payment_failed,monthly,16,1
2023-10-31,organic_search,organic_search,payment_failed,monthly,17,3
2023-10-31,organic_search,organic_search,payment_failed,monthly,18,1
2023-10-31,organic_search,organic_search,payment_failed,monthly,19,1
2023-10-31,organic_search,organic_search,payment_failed,monthly,20,3
2023-10-31,organic_search,organic_search,payment_failed,monthly,21,2
2023-10-31,organic_search,organic_search,payment_failed,monthly,22,2
2023-10-31,organic_search,organic_search,payment_failed,monthly,23,1
2023-10-31,organic_search,organic_search,payment_failed,monthly,25,2
2023-10-31,organic_search,organic_search,payment_failed,monthly,26,3
2023-10-31,organic_search,organic_search,payment_failed,monthly,27,4
2023-10-31,organic_search,organic_search,payment_failed,monthly,28,1
2023-10-31,organic_search,organic_search,payment_failed,monthly,29,3
2023-10-31,organic_search,organic_search,voluntary,annual,11,1
2023-10-31,organic_search,organic_search,voluntary,annual,12,32
2023-10-31,organic_search,organic_search,voluntary,annual,23,1
2023-10-31,organic_search,organic_search,voluntary,annual,24,16
2023-10-31,organic_search,organic_search,voluntary,monthly,1,47
2023-10-31,organic_search,organic_search,voluntary,monthly,2,16
2023-10-31,organic_search,organic_search,voluntary,monthly,3,10
2023-10-31,organic_search,organic_search,voluntary,monthly,4,6
2023-10-31,organic_search,organic_search,voluntary,monthly,5,4
2023-10-31,organic_search,organic_search,voluntary,monthly,6,4
2023-10-31,organic_search,organic_search,voluntary,monthly,7,6
2023-10-31,organic_search,organic_search,voluntary,monthly,8,1
2023-10-31,organic_search,organic_search,voluntary,monthly,9,3
2023-10-31,organic_search,organic_search,voluntary,monthly,10,4
2023-10-31,organic_search,organic_search,voluntary,monthly,11,2
2023-10-31,organic_search,organic_search,voluntary,monthly,12,5
2023-10-31,organic_search,organic_search,voluntary,monthly,13,2
2023-10-31,organic_search,organic_search,voluntary,monthly,14,3
2023-10-31,organic_search,organic_search,voluntary,monthly,15,2
2023-10-31,organic_search,organic_search,voluntary,monthly,16,1
2023-10-31,organic_search,organic_search,voluntary,monthly,17,1
2023-10-31,organic_search,organic_search,voluntary,monthly,20,2
2023-10-31,organic_search,organic_search,voluntary,monthly,21,2
2023-10-31,organic_search,organic_search,voluntary,monthly,22,1
2023-10-31,organic_search,organic_search,voluntary,monthly,24,1
2023-10-31,organic_search,organic_search,voluntary,monthly,25,1
2023-10-31,organic_search,organic_search,voluntary,monthly,26,1
2023-10-31,organic_search,organic_search,voluntary,monthly,27,1
2023-10-31,organic_search,organic_search,voluntary,monthly,32,2
2023-10-31,organic_social,organic_social,active_account,annual,33,21
2023-10-31,organic_social,organic_social,active_account,monthly,33,32
2023-10-31,organic_social,organic_social,payment_failed,annual,13,2
2023-10-31,organic_social,organic_social,payment_failed,monthly,1,1
2023-10-31,organic_social,organic_social,payment_failed,monthly,2,4
2023-10-31,organic_social,organic_social,payment_failed,monthly,3,3
2023-10-31,organic_social,organic_social,payment_failed,monthly,4,5
2023-10-31,organic_social,organic_social,payment_failed,monthly,5,1
2023-10-31,organic_social,organic_social,payment_failed,monthly,6,2
2023-10-31,organic_social,organic_social,payment_failed,monthly,7,3
2023-10-31,organic_social,organic_social,payment_failed,monthly,9,2
2023-10-31,organic_social,organic_social,payment_failed,monthly,10,1
2023-10-31,organic_social,organic_social,payment_failed,monthly,12,2
2023-10-31,organic_social,organic_social,payment_failed,monthly,13,2
2023-10-31,organic_social,organic_social,payment_failed,monthly,14,1
2023-10-31,organic_social,organic_social,payment_failed,monthly,16,1
2023-10-31,organic_social,organic_social,payment_failed,monthly,17,3
2023-10-31,organic_social,organic_social,payment_failed,monthly,20,1
2023-10-31,organic_social,organic_social,payment_failed,monthly,23,1
2023-10-31,organic_social,organic_social,payment_failed,monthly,24,1
2023-10-31,organic_social,organic_social,payment_failed,monthly,25,1
2023-10-31,organic_social,organic_social,payment_failed,monthly,26,2
2023-10-31,organic_social,organic_social,payment_failed,monthly,28,1
2023-10-31,organic_social,organic_social,voluntary,annual,11,1
2023-10-31,organic_social,organic_social,voluntary,annual,12,13
2023-10-31,organic_social,organic_social,voluntary,annual,24,4
2023-10-31,organic_social,organic_social,voluntary,monthly,1,49
2023-10-31,organic_social,organic_social,voluntary,monthly,2,22
2023-10-31,organic_social,organic_social,voluntary,monthly,3,11
2023-10-31,organic_social,organic_social,voluntary,monthly,4,9
2023-10-31,organic_social,organic_social,voluntary,monthly,5,8
2023-10-31,organic_social,organic_social,voluntary,monthly,6,4
2023-10-31,organic_social,organic_social,voluntary,monthly,8,4
2023-10-31,organic_social,organic_social,voluntary,monthly,9,2
2023-10-31,organic_social,organic_social,voluntary,monthly,10,1
2023-10-31,organic_social,organic_social,voluntary,monthly,11,1
2023-10-31,organic_social,organic_social,voluntary,monthly,13,2
2023-10-31,organic_social,organic_social,voluntary,monthly,15,1
2023-10-31,organic_social,organic_social,voluntary,monthly,17,1
2023-10-31,organic_social,organic_social,voluntary,monthly,18,1
2023-10-31,organic_social,organic_social,voluntary,monthly,19,2
2023-10-31,organic_social,organic_social,voluntary,monthly,20,2
2023-10-31,organic_social,organic_social,voluntary,monthly,21,1
2023-10-31,organic_social,organic_social,voluntary,monthly,24,1
2023-10-31,organic_social,organic_social,voluntary,monthly,25,1
2023-10-31,organic_social,organic_social,voluntary,monthly,29,2
2023-10-31,organic_social,organic_social,voluntary,monthly,31,1
2023-10-31,organic_social,organic_social,voluntary,monthly,32,1
2023-10-31,paid_social,paid_social-lookalike_subscribers,active_account,annual,33,57
2023-10-31,paid_social,paid_social-lookalike_subscribers,active_account,monthly,33,41
2023-10-31,paid_social,paid_social-lookalike_subscribers,payment_failed,annual,12,2
2023-10-31,paid_social,paid_social-lookalike_subscribers,payment_failed,annual,13,4
2023-10-31,paid_social,paid_social-lookalike_subscribers,payment_failed,monthly,4,2
2023-10-31,paid_social,paid_social-lookalike_subscribers,payment_failed,monthly,8,1
2023-10-31,paid_social,paid_social-lookalike_subscribers,payment_failed,monthly,9,1
2023-10-31,paid_social,paid_social-lookalike_subscribers,payment_failed,monthly,12,1
2023-10-31,paid_social,paid_social-lookalike_subscribers,payment_failed,monthly,16,2
2023-10-31,paid_social,paid_social-lookalike_subscribers,payment_failed,monthly,18,1
2023-10-31,paid_social,paid_social-lookalike_subscribers,payment_failed,monthly,21,3
2023-10-31,paid_social,paid_social-lookalike_subscribers,payment_failed,monthly,23,1
2023-10-31,paid_social,paid_social-lookalike_subscribers,payment_failed,monthly,25,2
2023-10-31,paid_social,paid_social-lookalike_subscribers,payment_failed,monthly,26,1
2023-10-31,paid_social,paid_social-lookalike_subscribers,payment_failed,monthly,27,1
2023-10-31,paid_social,paid_social-lookalike_subscribers,payment_failed,monthly,28,1
2023-10-31,paid_social,paid_social-lookalike_subscribers,payment_failed,monthly,29,1
2023-10-31,paid_social,paid_social-lookalike_subscribers,payment_failed,monthly,30,2
2023-10-31,paid_social,paid_social-lookalike_subscribers,voluntary,annual,12,11
2023-10-31,paid_social,paid_social-lookalike_subscribers,voluntary,annual,24,3
2023-10-31,paid_social,paid_social-lookalike_subscribers,voluntary,monthly,1,20
2023-10-31,paid_social,paid_social-lookalike_subscribers,voluntary,monthly,2,5
2023-10-31,paid_social,paid_social-lookalike_subscribers,voluntary,monthly,3,6
2023-10-31,paid_social,paid_social-lookalike_subscribers,voluntary,monthly,4,2
2023-10-31,paid_social,paid_social-lookalike_subscribers,voluntary,monthly,5,6
2023-10-31,paid_social,paid_social-lookalike_subscribers,voluntary,monthly,6,2
2023-10-31,paid_social,paid_social-lookalike_subscribers,voluntary,monthly,8,3
2023-10-31,paid_social,paid_social-lookalike_subscribers,voluntary,monthly,10,3
2023-10-31,paid_social,paid_social-lookalike_subscribers,voluntary,monthly,12,1
2023-10-31,paid_social,paid_social-lookalike_subscribers,voluntary,monthly,13,1
2023-10-31,paid_social,paid_social-lookalike_subscribers,voluntary,monthly,15,1
2023-10-31,paid_social,paid_social-lookalike_subscribers,voluntary,monthly,16,3
2023-10-31,paid_social,paid_social-lookalike_subscribers,voluntary,monthly,17,1
2023-10-31,paid_social,paid_social-lookalike_subscribers,voluntary,monthly,18,2
2023-10-31,paid_social,paid_social-lookalike_subscribers,voluntary,monthly,23,1
2023-10-31,paid_social,paid_social-lookalike_subscribers,voluntary,monthly,24,2
2023-10-31,paid_social,paid_social-lookalike_subscribers,voluntary,monthly,29,1
2023-10-31,paid_social,paid_social-lookalike_subscribers,voluntary,monthly,31,1
2023-10-31,paid_social,paid_social-prospecting_broad,active_account,annual,33,30
2023-10-31,paid_social,paid_social-prospecting_broad,active_account,monthly,33,55
2023-10-31,paid_social,paid_social-prospecting_broad,payment_failed,annual,12,1
2023-10-31,paid_social,paid_social-prospecting_broad,payment_failed,annual,13,4
2023-10-31,paid_social,paid_social-prospecting_broad,payment_failed,annual,25,1
2023-10-31,paid_social,paid_social-prospecting_broad,payment_failed,monthly,2,4
2023-10-31,paid_social,paid_social-prospecting_broad,payment_failed,monthly,3,3
2023-10-31,paid_social,paid_social-prospecting_broad,payment_failed,monthly,4,4
2023-10-31,paid_social,paid_social-prospecting_broad,payment_failed,monthly,5,4
2023-10-31,paid_social,paid_social-prospecting_broad,payment_failed,monthly,6,2
2023-10-31,paid_social,paid_social-prospecting_broad,payment_failed,monthly,7,4
2023-10-31,paid_social,paid_social-prospecting_broad,payment_failed,monthly,8,4
2023-10-31,paid_social,paid_social-prospecting_broad,payment_failed,monthly,10,1
2023-10-31,paid_social,paid_social-prospecting_broad,payment_failed,monthly,11,2
2023-10-31,paid_social,paid_social-prospecting_broad,payment_failed,monthly,12,2
2023-10-31,paid_social,paid_social-prospecting_broad,payment_failed,monthly,13,1
2023-10-31,paid_social,paid_social-prospecting_broad,payment_failed,monthly,14,1
2023-10-31,paid_social,paid_social-prospecting_broad,payment_failed,monthly,15,1
2023-10-31,paid_social,paid_social-prospecting_broad,payment_failed,monthly,16,1
2023-10-31,paid_social,paid_social-prospecting_broad,payment_failed,monthly,17,1
2023-10-31,paid_social,paid_social-prospecting_broad,payment_failed,monthly,23,1
2023-10-31,paid_social,paid_social-prospecting_broad,payment_failed,monthly,25,2
2023-10-31,paid_social,paid_social-prospecting_broad,payment_failed,monthly,28,1
2023-10-31,paid_social,paid_social-prospecting_broad,payment_failed,monthly,29,1
2023-10-31,paid_social,paid_social-prospecting_broad,payment_failed,monthly,32,1
2023-10-31,paid_social,paid_social-prospecting_broad,voluntary,annual,12,22
2023-10-31,paid_social,paid_social-prospecting_broad,voluntary,annual,24,1
2023-10-31,paid_social,paid_social-prospecting_broad,voluntary,monthly,1,97
2023-10-31,paid_social,paid_social-prospecting_broad,voluntary,monthly,2,28
2023-10-31,paid_social,paid_social-prospecting_broad,voluntary,monthly,3,17
2023-10-31,paid_social,paid_social-prospecting_broad,voluntary,monthly,4,15
2023-10-31,paid_social,paid_social-prospecting_broad,voluntary,monthly,5,6
2023-10-31,paid_social,paid_social-prospecting_broad,voluntary,monthly,6,9
2023-10-31,paid_social,paid_social-prospecting_broad,voluntary,monthly,7,5
2023-10-31,paid_social,paid_social-prospecting_broad,voluntary,monthly,8,5
2023-10-31,paid_social,paid_social-prospecting_broad,voluntary,monthly,9,6
2023-10-31,paid_social,paid_social-prospecting_broad,voluntary,monthly,10,6
2023-10-31,paid_social,paid_social-prospecting_broad,voluntary,monthly,11,1
2023-10-31,paid_social,paid_social-prospecting_broad,voluntary,monthly,12,2
2023-10-31,paid_social,paid_social-prospecting_broad,voluntary,monthly,14,1
2023-10-31,paid_social,paid_social-prospecting_broad,voluntary,monthly,15,1
2023-10-31,paid_social,paid_social-prospecting_broad,voluntary,monthly,16,3
2023-10-31,paid_social,paid_social-prospecting_broad,voluntary,monthly,17,1
2023-10-31,paid_social,paid_social-prospecting_broad,voluntary,monthly,18,2
2023-10-31,paid_social,paid_social-prospecting_broad,voluntary,monthly,21,1
2023-10-31,paid_social,paid_social-prospecting_broad,voluntary,monthly,22,2
2023-10-31,paid_social,paid_social-prospecting_broad,voluntary,monthly,23,1
2023-10-31,paid_social,paid_social-prospecting_broad,voluntary,monthly,27,2
2023-10-31,paid_social,paid_social-prospecting_broad,voluntary,monthly,28,1
2023-10-31,paid_social,paid_social-prospecting_broad,voluntary,monthly,32,1
2023-11-30,direct,direct,active_account,annual,32,155
2023-11-30,direct,direct,active_account,monthly,32,203
2023-11-30,direct,direct,payment_failed,annual,12,1
2023-11-30,direct,direct,payment_failed,annual,13,10
2023-11-30,direct,direct,payment_failed,annual,24,1
2023-11-30,direct,direct,payment_failed,annual,25,5
2023-11-30,direct,direct,payment_failed,monthly,2,5
2023-11-30,direct,direct,payment_failed,monthly,3,3
2023-11-30,direct,direct,payment_failed,monthly,4,1
2023-11-30,direct,direct,payment_failed,monthly,5,3
2023-11-30,direct,direct,payment_failed,monthly,6,4
2023-11-30,direct,direct,payment_failed,monthly,7,4
2023-11-30,direct,direct,payment_failed,monthly,8,5
2023-11-30,direct,direct,payment_failed,monthly,9,3
2023-11-30,direct,direct,payment_failed,monthly,10,2
2023-11-30,direct,direct,payment_failed,monthly,11,5
2023-11-30,direct,direct,payment_failed,monthly,12,3
2023-11-30,direct,direct,payment_failed,monthly,13,2
2023-11-30,direct,direct,payment_failed,monthly,14,4
2023-11-30,direct,direct,payment_failed,monthly,15,3
2023-11-30,direct,direct,payment_failed,monthly,16,1
2023-11-30,direct,direct,payment_failed,monthly,17,3
2023-11-30,direct,direct,payment_failed,monthly,18,4
2023-11-30,direct,direct,payment_failed,monthly,19,2
2023-11-30,direct,direct,payment_failed,monthly,20,3
2023-11-30,direct,direct,payment_failed,monthly,21,3
2023-11-30,direct,direct,payment_failed,monthly,22,3
2023-11-30,direct,direct,payment_failed,monthly,23,5
2023-11-30,direct,direct,payment_failed,monthly,25,2
2023-11-30,direct,direct,payment_failed,monthly,27,2
2023-11-30,direct,direct,payment_failed,monthly,30,2
2023-11-30,direct,direct,payment_failed,monthly,31,3
2023-11-30,direct,direct,voluntary,annual,11,2
2023-11-30,direct,direct,voluntary,annual,12,60
2023-11-30,direct,direct,voluntary,annual,23,1
2023-11-30,direct,direct,voluntary,annual,24,15
2023-11-30,direct,direct,voluntary,monthly,1,47
2023-11-30,direct,direct,voluntary,monthly,2,38
2023-11-30,direct,direct,voluntary,monthly,3,15
2023-11-30,direct,direct,voluntary,monthly,4,17
2023-11-30,direct,direct,voluntary,monthly,5,7
2023-11-30,direct,direct,voluntary,monthly,6,9
2023-11-30,direct,direct,voluntary,monthly,7,9
2023-11-30,direct,direct,voluntary,monthly,8,4
2023-11-30,direct,direct,voluntary,monthly,9,4
2023-11-30,direct,direct,voluntary,monthly,10,2
2023-11-30,direct,direct,voluntary,monthly,11,4
2023-11-30,direct,direct,voluntary,monthly,12,2
2023-11-30,direct,direct,voluntary,monthly,13,2
2023-11-30,direct,direct,voluntary,monthly,14,3
2023-11-30,direct,direct,voluntary,monthly,15,3
2023-11-30,direct,direct,voluntary,monthly,16,1
2023-11-30,direct,direct,voluntary,monthly,19,2
2023-11-30,direct,direct,voluntary,monthly,23,2
2023-11-30,direct,direct,voluntary,monthly,24,1
2023-11-30,direct,direct,voluntary,monthly,25,1
2023-11-30,direct,direct,voluntary,monthly,26,1
2023-11-30,direct,direct,voluntary,monthly,27,1
2023-11-30,direct,direct,voluntary,monthly,29,2
2023-11-30,direct,direct,voluntary,monthly,30,2
2023-11-30,email,email,active_account,annual,32,171
2023-11-30,email,email,active_account,monthly,32,105
2023-11-30,email,email,payment_failed,annual,12,1
2023-11-30,email,email,payment_failed,annual,13,8
2023-11-30,email,email,payment_failed,annual,25,4
2023-11-30,email,email,payment_failed,monthly,3,3
2023-11-30,email,email,payment_failed,monthly,4,3
2023-11-30,email,email,payment_failed,monthly,5,1
2023-11-30,email,email,payment_failed,monthly,7,1
2023-11-30,email,email,payment_failed,monthly,8,3
2023-11-30,email,email,payment_failed,monthly,11,2
2023-11-30,email,email,payment_failed,monthly,14,2
2023-11-30,email,email,payment_failed,monthly,15,2
2023-11-30,email,email,payment_failed,monthly,20,2
2023-11-30,email,email,payment_failed,monthly,21,2
2023-11-30,email,email,payment_failed,monthly,23,1
2023-11-30,email,email,payment_failed,monthly,24,1
2023-11-30,email,email,payment_failed,monthly,25,1
2023-11-30,email,email,payment_failed,monthly,26,1
2023-11-30,email,email,payment_failed,monthly,27,1
2023-11-30,email,email,payment_failed,monthly,28,1
2023-11-30,email,email,payment_failed,monthly,29,2
2023-11-30,email,email,voluntary,annual,12,31
2023-11-30,email,email,voluntary,annual,24,12
2023-11-30,email,email,voluntary,monthly,1,16
2023-11-30,email,email,voluntary,monthly,2,9
2023-11-30,email,email,voluntary,monthly,3,3
2023-11-30,email,email,voluntary,monthly,4,2
2023-11-30,email,email,voluntary,monthly,5,2
2023-11-30,email,email,voluntary,monthly,6,4
2023-11-30,email,email,voluntary,monthly,7,1
2023-11-30,email,email,voluntary,monthly,8,2
2023-11-30,email,email,voluntary,monthly,9,1
2023-11-30,email,email,voluntary,monthly,11,1
2023-11-30,email,email,voluntary,monthly,12,1
2023-11-30,email,email,voluntary,monthly,13,1
2023-11-30,email,email,voluntary,monthly,14,1
2023-11-30,email,email,voluntary,monthly,15,1
2023-11-30,email,email,voluntary,monthly,16,1
2023-11-30,email,email,voluntary,monthly,19,3
2023-11-30,email,email,voluntary,monthly,20,1
2023-11-30,email,email,voluntary,monthly,21,2
2023-11-30,email,email,voluntary,monthly,22,2
2023-11-30,email,email,voluntary,monthly,23,1
2023-11-30,email,email,voluntary,monthly,24,2
2023-11-30,email,email,voluntary,monthly,25,2
2023-11-30,email,email,voluntary,monthly,28,1
2023-11-30,organic_search,organic_search,active_account,annual,32,104
2023-11-30,organic_search,organic_search,active_account,monthly,32,132
2023-11-30,organic_search,organic_search,payment_failed,annual,12,2
2023-11-30,organic_search,organic_search,payment_failed,annual,13,5
2023-11-30,organic_search,organic_search,payment_failed,annual,25,6
2023-11-30,organic_search,organic_search,payment_failed,monthly,2,7
2023-11-30,organic_search,organic_search,payment_failed,monthly,3,7
2023-11-30,organic_search,organic_search,payment_failed,monthly,4,4
2023-11-30,organic_search,organic_search,payment_failed,monthly,5,3
2023-11-30,organic_search,organic_search,payment_failed,monthly,6,6
2023-11-30,organic_search,organic_search,payment_failed,monthly,7,4
2023-11-30,organic_search,organic_search,payment_failed,monthly,8,2
2023-11-30,organic_search,organic_search,payment_failed,monthly,9,3
2023-11-30,organic_search,organic_search,payment_failed,monthly,10,5
2023-11-30,organic_search,organic_search,payment_failed,monthly,11,4
2023-11-30,organic_search,organic_search,payment_failed,monthly,12,1
2023-11-30,organic_search,organic_search,payment_failed,monthly,13,2
2023-11-30,organic_search,organic_search,payment_failed,monthly,14,2
2023-11-30,organic_search,organic_search,payment_failed,monthly,16,2
2023-11-30,organic_search,organic_search,payment_failed,monthly,17,2
2023-11-30,organic_search,organic_search,payment_failed,monthly,19,1
2023-11-30,organic_search,organic_search,payment_failed,monthly,20,4
2023-11-30,organic_search,organic_search,payment_failed,monthly,21,1
2023-11-30,organic_search,organic_search,payment_failed,monthly,22,2
2023-11-30,organic_search,organic_search,payment_failed,monthly,23,2
2023-11-30,organic_search,organic_search,payment_failed,monthly,25,2
2023-11-30,organic_search,organic_search,payment_failed,monthly,27,1
2023-11-30,organic_search,organic_search,payment_failed,monthly,29,1
2023-11-30,organic_search,organic_search,payment_failed,monthly,30,2
2023-11-30,organic_search,organic_search,voluntary,annual,12,20
2023-11-30,organic_search,organic_search,voluntary,annual,24,5
2023-11-30,organic_search,organic_search,voluntary,monthly,1,55
2023-11-30,organic_search,organic_search,voluntary,monthly,2,25
2023-11-30,organic_search,organic_search,voluntary,monthly,3,15
2023-11-30,organic_search,organic_search,voluntary,monthly,4,20
2023-11-30,organic_search,organic_search,voluntary,monthly,5,3
2023-11-30,organic_search,organic_search,voluntary,monthly,6,5
2023-11-30,organic_search,organic_search,voluntary,monthly,7,6
2023-11-30,organic_search,organic_search,voluntary,monthly,8,2
2023-11-30,organic_search,organic_search,voluntary,monthly,9,2
2023-11-30,organic_search,organic_search,voluntary,monthly,10,3
2023-11-30,organic_search,organic_search,voluntary,monthly,11,2
2023-11-30,organic_search,organic_search,voluntary,monthly,12,3
2023-11-30,organic_search,organic_search,voluntary,monthly,15,2
2023-11-30,organic_search,organic_search,voluntary,monthly,17,3
2023-11-30,organic_search,organic_search,voluntary,monthly,18,2
2023-11-30,organic_search,organic_search,voluntary,monthly,19,2
2023-11-30,organic_search,organic_search,voluntary,monthly,20,2
2023-11-30,organic_search,organic_search,voluntary,monthly,21,1
2023-11-30,organic_search,organic_search,voluntary,monthly,22,2
2023-11-30,organic_search,organic_search,voluntary,monthly,23,1
2023-11-30,organic_search,organic_search,voluntary,monthly,24,2
2023-11-30,organic_search,organic_search,voluntary,monthly,26,2
2023-11-30,organic_search,organic_search,voluntary,monthly,27,1
2023-11-30,organic_search,organic_search,voluntary,monthly,28,4
2023-11-30,organic_search,organic_search,voluntary,monthly,29,1
2023-11-30,organic_search,organic_search,voluntary,monthly,31,2
2023-11-30,organic_search,organic_search,voluntary,monthly,32,1
2023-11-30,organic_social,organic_social,active_account,annual,32,19
2023-11-30,organic_social,organic_social,active_account,monthly,32,40
2023-11-30,organic_social,organic_social,payment_failed,annual,13,4
2023-11-30,organic_social,organic_social,payment_failed,annual,25,1
2023-11-30,organic_social,organic_social,payment_failed,monthly,2,5
2023-11-30,organic_social,organic_social,payment_failed,monthly,3,2
2023-11-30,organic_social,organic_social,payment_failed,monthly,4,2
2023-11-30,organic_social,organic_social,payment_failed,monthly,5,3
2023-11-30,organic_social,organic_social,payment_failed,monthly,6,2
2023-11-30,organic_social,organic_social,payment_failed,monthly,7,1
2023-11-30,organic_social,organic_social,payment_failed,monthly,8,1
2023-11-30,organic_social,organic_social,payment_failed,monthly,9,1
2023-11-30,organic_social,organic_social,payment_failed,monthly,10,2
2023-11-30,organic_social,organic_social,payment_failed,monthly,12,4
2023-11-30,organic_social,organic_social,payment_failed,monthly,16,3
2023-11-30,organic_social,organic_social,payment_failed,monthly,18,1
2023-11-30,organic_social,organic_social,payment_failed,monthly,21,2
2023-11-30,organic_social,organic_social,payment_failed,monthly,22,1
2023-11-30,organic_social,organic_social,payment_failed,monthly,23,2
2023-11-30,organic_social,organic_social,payment_failed,monthly,25,1
2023-11-30,organic_social,organic_social,payment_failed,monthly,27,1
2023-11-30,organic_social,organic_social,payment_failed,monthly,30,2
2023-11-30,organic_social,organic_social,voluntary,annual,12,10
2023-11-30,organic_social,organic_social,voluntary,annual,24,3
2023-11-30,organic_social,organic_social,voluntary,monthly,1,56
2023-11-30,organic_social,organic_social,voluntary,monthly,2,15
2023-11-30,organic_social,organic_social,voluntary,monthly,3,12
2023-11-30,organic_social,organic_social,voluntary,monthly,4,6
2023-11-30,organic_social,organic_social,voluntary,monthly,5,10
2023-11-30,organic_social,organic_social,voluntary,monthly,6,4
2023-11-30,organic_social,organic_social,voluntary,monthly,7,3
2023-11-30,organic_social,organic_social,voluntary,monthly,8,1
2023-11-30,organic_social,organic_social,voluntary,monthly,9,3
2023-11-30,organic_social,organic_social,voluntary,monthly,10,2
2023-11-30,organic_social,organic_social,voluntary,monthly,11,2
2023-11-30,organic_social,organic_social,voluntary,monthly,12,2
2023-11-30,organic_social,organic_social,voluntary,monthly,13,3
2023-11-30,organic_social,organic_social,voluntary,monthly,14,6
2023-11-30,organic_social,organic_social,voluntary,monthly,15,1
2023-11-30,organic_social,organic_social,voluntary,monthly,17,2
2023-11-30,organic_social,organic_social,voluntary,monthly,18,2
2023-11-30,organic_social,organic_social,voluntary,monthly,20,1
2023-11-30,organic_social,organic_social,voluntary,monthly,22,1
2023-11-30,organic_social,organic_social,voluntary,monthly,26,1
2023-11-30,organic_social,organic_social,voluntary,monthly,28,1
2023-11-30,paid_social,paid_social-lookalike_subscribers,active_account,annual,32,41
2023-11-30,paid_social,paid_social-lookalike_subscribers,active_account,monthly,32,48
2023-11-30,paid_social,paid_social-lookalike_subscribers,payment_failed,annual,12,1
2023-11-30,paid_social,paid_social-lookalike_subscribers,payment_failed,annual,13,3
2023-11-30,paid_social,paid_social-lookalike_subscribers,payment_failed,monthly,2,3
2023-11-30,paid_social,paid_social-lookalike_subscribers,payment_failed,monthly,3,3
2023-11-30,paid_social,paid_social-lookalike_subscribers,payment_failed,monthly,4,1
2023-11-30,paid_social,paid_social-lookalike_subscribers,payment_failed,monthly,5,1
2023-11-30,paid_social,paid_social-lookalike_subscribers,payment_failed,monthly,6,1
2023-11-30,paid_social,paid_social-lookalike_subscribers,payment_failed,monthly,8,1
2023-11-30,paid_social,paid_social-lookalike_subscribers,payment_failed,monthly,12,2
2023-11-30,paid_social,paid_social-lookalike_subscribers,payment_failed,monthly,14,3
2023-11-30,paid_social,paid_social-lookalike_subscribers,payment_failed,monthly,15,1
2023-11-30,paid_social,paid_social-lookalike_subscribers,payment_failed,monthly,17,1
2023-11-30,paid_social,paid_social-lookalike_subscribers,payment_failed,monthly,18,2
2023-11-30,paid_social,paid_social-lookalike_subscribers,payment_failed,monthly,19,2
2023-11-30,paid_social,paid_social-lookalike_subscribers,payment_failed,monthly,20,1
2023-11-30,paid_social,paid_social-lookalike_subscribers,payment_failed,monthly,22,1
2023-11-30,paid_social,paid_social-lookalike_subscribers,payment_failed,monthly,23,3
2023-11-30,paid_social,paid_social-lookalike_subscribers,payment_failed,monthly,24,1
2023-11-30,paid_social,paid_social-lookalike_subscribers,payment_failed,monthly,25,3
2023-11-30,paid_social,paid_social-lookalike_subscribers,payment_failed,monthly,26,1
2023-11-30,paid_social,paid_social-lookalike_subscribers,payment_failed,monthly,30,1
2023-11-30,paid_social,paid_social-lookalike_subscribers,voluntary,annual,12,12
2023-11-30,paid_social,paid_social-lookalike_subscribers,voluntary,annual,23,1
2023-11-30,paid_social,paid_social-lookalike_subscribers,voluntary,annual,24,1
2023-11-30,paid_social,paid_social-lookalike_subscribers,voluntary,monthly,1,17
2023-11-30,paid_social,paid_social-lookalike_subscribers,voluntary,monthly,2,4
2023-11-30,paid_social,paid_social-lookalike_subscribers,voluntary,monthly,3,6
2023-11-30,paid_social,paid_social-lookalike_subscribers,voluntary,monthly,4,5
2023-11-30,paid_social,paid_social-lookalike_subscribers,voluntary,monthly,5,2
2023-11-30,paid_social,paid_social-lookalike_subscribers,voluntary,monthly,6,5
2023-11-30,paid_social,paid_social-lookalike_subscribers,voluntary,monthly,7,3
2023-11-30,paid_social,paid_social-lookalike_subscribers,voluntary,monthly,9,1
2023-11-30,paid_social,paid_social-lookalike_subscribers,voluntary,monthly,10,1
2023-11-30,paid_social,paid_social-lookalike_subscribers,voluntary,monthly,13,2
2023-11-30,paid_social,paid_social-lookalike_subscribers,voluntary,monthly,14,1
2023-11-30,paid_social,paid_social-lookalike_subscribers,voluntary,monthly,16,2
2023-11-30,paid_social,paid_social-lookalike_subscribers,voluntary,monthly,17,1
2023-11-30,paid_social,paid_social-lookalike_subscribers,voluntary,monthly,18,1
2023-11-30,paid_social,paid_social-lookalike_subscribers,voluntary,monthly,19,1
2023-11-30,paid_social,paid_social-lookalike_subscribers,voluntary,monthly,22,1
2023-11-30,paid_social,paid_social-lookalike_subscribers,voluntary,monthly,23,1
2023-11-30,paid_social,paid_social-lookalike_subscribers,voluntary,monthly,24,1
2023-11-30,paid_social,paid_social-lookalike_subscribers,voluntary,monthly,25,2
2023-11-30,paid_social,paid_social-lookalike_subscribers,voluntary,monthly,30,1
2023-11-30,paid_social,paid_social-prospecting_broad,active_account,annual,32,31
2023-11-30,paid_social,paid_social-prospecting_broad,active_account,monthly,32,55
2023-11-30,paid_social,paid_social-prospecting_broad,payment_failed,annual,13,5
2023-11-30,paid_social,paid_social-prospecting_broad,payment_failed,monthly,2,5
2023-11-30,paid_social,paid_social-prospecting_broad,payment_failed,monthly,3,5
2023-11-30,paid_social,paid_social-prospecting_broad,payment_failed,monthly,4,2
2023-11-30,paid_social,paid_social-prospecting_broad,payment_failed,monthly,5,4
2023-11-30,paid_social,paid_social-prospecting_broad,payment_failed,monthly,6,3
2023-11-30,paid_social,paid_social-prospecting_broad,payment_failed,monthly,7,3
2023-11-30,paid_social,paid_social-prospecting_broad,payment_failed,monthly,8,1
2023-11-30,paid_social,paid_social-prospecting_broad,payment_failed,monthly,11,3
2023-11-30,paid_social,paid_social-prospecting_broad,payment_failed,monthly,12,1
2023-11-30,paid_social,paid_social-prospecting_broad,payment_failed,monthly,14,1
2023-11-30,paid_social,paid_social-prospecting_broad,payment_failed,monthly,15,1
2023-11-30,paid_social,paid_social-prospecting_broad,payment_failed,monthly,17,2
2023-11-30,paid_social,paid_social-prospecting_broad,payment_failed,monthly,18,1
2023-11-30,paid_social,paid_social-prospecting_broad,payment_failed,monthly,20,3
2023-11-30,paid_social,paid_social-prospecting_broad,payment_failed,monthly,21,1
2023-11-30,paid_social,paid_social-prospecting_broad,payment_failed,monthly,22,4
2023-11-30,paid_social,paid_social-prospecting_broad,payment_failed,monthly,23,1
2023-11-30,paid_social,paid_social-prospecting_broad,payment_failed,monthly,29,1
2023-11-30,paid_social,paid_social-prospecting_broad,payment_failed,monthly,30,1
2023-11-30,paid_social,paid_social-prospecting_broad,voluntary,annual,11,1
2023-11-30,paid_social,paid_social-prospecting_broad,voluntary,annual,12,22
2023-11-30,paid_social,paid_social-prospecting_broad,voluntary,annual,24,6
2023-11-30,paid_social,paid_social-prospecting_broad,voluntary,monthly,1,80
2023-11-30,paid_social,paid_social-prospecting_broad,voluntary,monthly,2,25
2023-11-30,paid_social,paid_social-prospecting_broad,voluntary,monthly,3,14
2023-11-30,paid_social,paid_social-prospecting_broad,voluntary,monthly,4,8
2023-11-30,paid_social,paid_social-prospecting_broad,voluntary,monthly,5,8
2023-11-30,paid_social,paid_social-prospecting_broad,voluntary,monthly,6,9
2023-11-30,paid_social,paid_social-prospecting_broad,voluntary,monthly,7,2
2023-11-30,paid_social,paid_social-prospecting_broad,voluntary,monthly,8,3
2023-11-30,paid_social,paid_social-prospecting_broad,voluntary,monthly,9,2
2023-11-30,paid_social,paid_social-prospecting_broad,voluntary,monthly,10,1
2023-11-30,paid_social,paid_social-prospecting_broad,voluntary,monthly,12,1
2023-11-30,paid_social,paid_social-prospecting_broad,voluntary,monthly,13,3
2023-11-30,paid_social,paid_social-prospecting_broad,voluntary,monthly,14,1
2023-11-30,paid_social,paid_social-prospecting_broad,voluntary,monthly,15,1
2023-11-30,paid_social,paid_social-prospecting_broad,voluntary,monthly,16,3
2023-11-30,paid_social,paid_social-prospecting_broad,voluntary,monthly,17,1
2023-11-30,paid_social,paid_social-prospecting_broad,voluntary,monthly,18,1
2023-11-30,paid_social,paid_social-prospecting_broad,voluntary,monthly,19,1
2023-11-30,paid_social,paid_social-prospecting_broad,voluntary,monthly,21,1
2023-11-30,paid_social,paid_social-prospecting_broad,voluntary,monthly,22,1
2023-11-30,paid_social,paid_social-prospecting_broad,voluntary,monthly,23,1
2023-11-30,paid_social,paid_social-prospecting_broad,voluntary,monthly,25,1
2023-11-30,paid_social,paid_social-prospecting_broad,voluntary,monthly,27,2
2023-11-30,paid_social,paid_social-prospecting_broad,voluntary,monthly,28,1
2023-11-30,paid_social,paid_social-prospecting_broad,voluntary,monthly,30,2
2023-11-30,paid_social,paid_social-prospecting_broad,voluntary,monthly,31,1
2023-12-31,direct,direct,active_account,annual,31,307
2023-12-31,direct,direct,active_account,monthly,31,338
2023-12-31,direct,direct,payment_failed,annual,12,6
2023-12-31,direct,direct,payment_failed,annual,13,16
2023-12-31,direct,direct,payment_failed,annual,25,8
2023-12-31,direct,direct,payment_failed,monthly,1,3
2023-12-31,direct,direct,payment_failed,monthly,2,8
2023-12-31,direct,direct,payment_failed,monthly,3,10
2023-12-31,direct,direct,payment_failed,monthly,4,13
2023-12-31,direct,direct,payment_failed,monthly,5,6
2023-12-31,direct,direct,payment_failed,monthly,6,9
2023-12-31,direct,direct,payment_failed,monthly,7,4
2023-12-31,direct,direct,payment_failed,monthly,8,3
2023-12-31,direct,direct,payment_failed,monthly,9,5
2023-12-31,direct,direct,payment_failed,monthly,10,8
2023-12-31,direct,direct,payment_failed,monthly,11,5
2023-12-31,direct,direct,payment_failed,monthly,12,6
2023-12-31,direct,direct,payment_failed,monthly,13,5
2023-12-31,direct,direct,payment_failed,monthly,14,5
2023-12-31,direct,direct,payment_failed,monthly,15,8
2023-12-31,direct,direct,payment_failed,monthly,16,4
2023-12-31,direct,direct,payment_failed,monthly,17,3
2023-12-31,direct,direct,payment_failed,monthly,18,4
2023-12-31,direct,direct,payment_failed,monthly,19,3
2023-12-31,direct,direct,payment_failed,monthly,20,3
2023-12-31,direct,direct,payment_failed,monthly,21,6
2023-12-31,direct,direct,payment_failed,monthly,22,3
2023-12-31,direct,direct,payment_failed,monthly,23,4
2023-12-31,direct,direct,payment_failed,monthly,24,3
2023-12-31,direct,direct,payment_failed,monthly,25,2
2023-12-31,direct,direct,payment_failed,monthly,26,4
2023-12-31,direct,direct,payment_failed,monthly,27,3
2023-12-31,direct,direct,payment_failed,monthly,28,4
2023-12-31,direct,direct,payment_failed,monthly,29,4
2023-12-31,direct,direct,payment_failed,monthly,30,2
2023-12-31,direct,direct,voluntary,annual,11,4
2023-12-31,direct,direct,voluntary,annual,12,79
2023-12-31,direct,direct,voluntary,annual,24,31
2023-12-31,direct,direct,voluntary,monthly,1,111
2023-12-31,direct,direct,voluntary,monthly,2,45
2023-12-31,direct,direct,voluntary,monthly,3,31
2023-12-31,direct,direct,voluntary,monthly,4,30
2023-12-31,direct,direct,voluntary,monthly,5,14
2023-12-31,direct,direct,voluntary,monthly,6,9
2023-12-31,direct,direct,voluntary,monthly,7,16
2023-12-31,direct,direct,voluntary,monthly,8,8
2023-12-31,direct,direct,voluntary,monthly,9,6
2023-12-31,direct,direct,voluntary,monthly,10,4
2023-12-31,direct,direct,voluntary,monthly,11,4
2023-12-31,direct,direct,voluntary,monthly,12,2
2023-12-31,direct,direct,voluntary,monthly,13,1
2023-12-31,direct,direct,voluntary,monthly,14,7
2023-12-31,direct,direct,voluntary,monthly,15,6
2023-12-31,direct,direct,voluntary,monthly,16,5
2023-12-31,direct,direct,voluntary,monthly,17,2
2023-12-31,direct,direct,voluntary,monthly,18,5
2023-12-31,direct,direct,voluntary,monthly,19,6
2023-12-31,direct,direct,voluntary,monthly,20,3
2023-12-31,direct,direct,voluntary,monthly,21,2
2023-12-31,direct,direct,voluntary,monthly,22,5
2023-12-31,direct,direct,voluntary,monthly,23,2
2023-12-31,direct,direct,voluntary,monthly,24,2
2023-12-31,direct,direct,voluntary,monthly,25,3
2023-12-31,direct,direct,voluntary,monthly,26,3
2023-12-31,direct,direct,voluntary,monthly,27,3
2023-12-31,direct,direct,voluntary,monthly,28,3
2023-12-31,direct,direct,voluntary,monthly,29,5
2023-12-31,direct,direct,voluntary,monthly,30,2
2023-12-31,email,email,active_account,annual,31,312
2023-12-31,email,email,active_account,monthly,31,171
2023-12-31,email,email,payment_failed,annual,13,22
2023-12-31,email,email,payment_failed,annual,24,4
2023-12-31,email,email,payment_failed,annual,25,12
2023-12-31,email,email,payment_failed,monthly,1,1
2023-12-31,email,email,payment_failed,monthly,2,4
2023-12-31,email,email,payment_failed,monthly,3,7
2023-12-31,email,email,payment_failed,monthly,4,1
2023-12-31,email,email,payment_failed,monthly,5,2
2023-12-31,email,email,payment_failed,monthly,6,8
2023-12-31,email,email,payment_failed,monthly,7,6
2023-12-31,email,email,payment_failed,monthly,8,5
2023-12-31,email,email,payment_failed,monthly,9,2
2023-12-31,email,email,payment_failed,monthly,10,1
2023-12-31,email,email,payment_failed,monthly,11,3
2023-12-31,email,email,payment_failed,monthly,13,4
2023-12-31,email,email,payment_failed,monthly,15,1
2023-12-31,email,email,payment_failed,monthly,16,1
2023-12-31,email,email,payment_failed,monthly,17,3
2023-12-31,email,email,payment_failed,monthly,18,2
2023-12-31,email,email,payment_failed,monthly,20,3
2023-12-31,email,email,payment_failed,monthly,21,2
2023-12-31,email,email,payment_failed,monthly,22,3
2023-12-31,email,email,payment_failed,monthly,23,2
2023-12-31,email,email,payment_failed,monthly,25,1
2023-12-31,email,email,payment_failed,monthly,26,1
2023-12-31,email,email,payment_failed,monthly,27,1
2023-12-31,email,email,payment_failed,monthly,28,3
2023-12-31,email,email,payment_failed,monthly,29,2
2023-12-31,email,email,payment_failed,monthly,30,2
2023-12-31,email,email,voluntary,annual,11,3
2023-12-31,email,email,voluntary,annual,12,54
2023-12-31,email,email,voluntary,annual,23,1
2023-12-31,email,email,voluntary,annual,24,18
2023-12-31,email,email,voluntary,monthly,1,23
2023-12-31,email,email,voluntary,monthly,2,12
2023-12-31,email,email,voluntary,monthly,3,8
2023-12-31,email,email,voluntary,monthly,4,7
2023-12-31,email,email,voluntary,monthly,5,4
2023-12-31,email,email,voluntary,monthly,6,7
2023-12-31,email,email,voluntary,monthly,7,3
2023-12-31,email,email,voluntary,monthly,8,2
2023-12-31,email,email,voluntary,monthly,9,1
2023-12-31,email,email,voluntary,monthly,10,1
2023-12-31,email,email,voluntary,monthly,11,4
2023-12-31,email,email,voluntary,monthly,12,2
2023-12-31,email,email,voluntary,monthly,13,1
2023-12-31,email,email,voluntary,monthly,14,2
2023-12-31,email,email,voluntary,monthly,17,3
2023-12-31,email,email,voluntary,monthly,18,3
2023-12-31,email,email,voluntary,monthly,19,2
2023-12-31,email,email,voluntary,monthly,20,1
2023-12-31,email,email,voluntary,monthly,24,1
2023-12-31,email,email,voluntary,monthly,25,1
2023-12-31,email,email,voluntary,monthly,26,3
2023-12-31,email,email,voluntary,monthly,28,1
2023-12-31,email,email,voluntary,monthly,29,2
2023-12-31,organic_search,organic_search,active_account,annual,31,167
2023-12-31,organic_search,organic_search,active_account,monthly,31,249
2023-12-31,organic_search,organic_search,payment_failed,annual,12,1
2023-12-31,organic_search,organic_search,payment_failed,annual,13,21
2023-12-31,organic_search,organic_search,payment_failed,annual,24,4
2023-12-31,organic_search,organic_search,payment_failed,annual,25,5
2023-12-31,organic_search,organic_search,payment_failed,monthly,2,8
2023-12-31,organic_search,organic_search,payment_failed,monthly,3,5
2023-12-31,organic_search,organic_search,payment_failed,monthly,4,5
2023-12-31,organic_search,organic_search,payment_failed,monthly,5,5
2023-12-31,organic_search,organic_search,payment_failed,monthly,6,8
2023-12-31,organic_search,organic_search,payment_failed,monthly,7,1
2023-12-31,organic_search,organic_search,payment_failed,monthly,8,6
2023-12-31,organic_search,organic_search,payment_failed,monthly,9,3
2023-12-31,organic_search,organic_search,payment_failed,monthly,10,3
2023-12-31,organic_search,organic_search,payment_failed,monthly,11,2
2023-12-31,organic_search,organic_search,payment_failed,monthly,12,1
2023-12-31,organic_search,organic_search,payment_failed,monthly,13,3
2023-12-31,organic_search,organic_search,payment_failed,monthly,14,3
2023-12-31,organic_search,organic_search,payment_failed,monthly,15,4
2023-12-31,organic_search,organic_search,payment_failed,monthly,16,2
2023-12-31,organic_search,organic_search,payment_failed,monthly,17,3
2023-12-31,organic_search,organic_search,payment_failed,monthly,18,4
2023-12-31,organic_search,organic_search,payment_failed,monthly,19,3
2023-12-31,organic_search,organic_search,payment_failed,monthly,20,1
2023-12-31,organic_search,organic_search,payment_failed,monthly,21,3
2023-12-31,organic_search,organic_search,payment_failed,monthly,22,1
2023-12-31,organic_search,organic_search,payment_failed,monthly,23,1
2023-12-31,organic_search,organic_search,payment_failed,monthly,24,1
2023-12-31,organic_search,organic_search,payment_failed,monthly,25,2
2023-12-31,organic_search,organic_search,payment_failed,monthly,26,1
2023-12-31,organic_search,organic_search,payment_failed,monthly,28,1
2023-12-31,organic_search,organic_search,payment_failed,monthly,29,2
2023-12-31,organic_search,organic_search,payment_failed,monthly,30,1
2023-12-31,organic_search,organic_search,voluntary,annual,11,5
2023-12-31,organic_search,organic_search,voluntary,annual,12,70
2023-12-31,organic_search,organic_search,voluntary,annual,24,19
2023-12-31,organic_search,organic_search,voluntary,monthly,1,80
2023-12-31,organic_search,organic_search,voluntary,monthly,2,29
2023-12-31,organic_search,organic_search,voluntary,monthly,3,26
2023-12-31,organic_search,organic_search,voluntary,monthly,4,19
2023-12-31,organic_search,organic_search,voluntary,monthly,5,9
2023-12-31,organic_search,organic_search,voluntary,monthly,6,15
2023-12-31,organic_search,organic_search,voluntary,monthly,7,9
2023-12-31,organic_search,organic_search,voluntary,monthly,8,7
2023-12-31,organic_search,organic_search,voluntary,monthly,9,2
2023-12-31,organic_search,organic_search,voluntary,monthly,10,6
2023-12-31,organic_search,organic_search,voluntary,monthly,11,3
2023-12-31,organic_search,organic_search,voluntary,monthly,12,2
2023-12-31,organic_search,organic_search,voluntary,monthly,13,1
2023-12-31,organic_search,organic_search,voluntary,monthly,14,4
2023-12-31,organic_search,organic_search,voluntary,monthly,15,1
2023-12-31,organic_search,organic_search,voluntary,monthly,16,7
2023-12-31,organic_search,organic_search,voluntary,monthly,17,5
2023-12-31,organic_search,organic_search,voluntary,monthly,18,5
2023-12-31,organic_search,organic_search,voluntary,monthly,19,1
2023-12-31,organic_search,organic_search,voluntary,monthly,20,3
2023-12-31,organic_search,organic_search,voluntary,monthly,21,3
2023-12-31,organic_search,organic_search,voluntary,monthly,22,6
2023-12-31,organic_search,organic_search,voluntary,monthly,23,2
2023-12-31,organic_search,organic_search,voluntary,monthly,24,3
2023-12-31,organic_search,organic_search,voluntary,monthly,25,4
2023-12-31,organic_search,organic_search,voluntary,monthly,26,3
2023-12-31,organic_search,organic_search,voluntary,monthly,27,1
2023-12-31,organic_search,organic_search,voluntary,monthly,28,2
2023-12-31,organic_search,organic_search,voluntary,monthly,30,3
2023-12-31,organic_social,organic_social,active_account,annual,31,29
2023-12-31,organic_social,organic_social,active_account,monthly,31,91
2023-12-31,organic_social,organic_social,payment_failed,annual,13,3
2023-12-31,organic_social,organic_social,payment_failed,annual,25,5
2023-12-31,organic_social,organic_social,payment_failed,monthly,2,4
2023-12-31,organic_social,organic_social,payment_failed,monthly,3,5
2023-12-31,organic_social,organic_social,payment_failed,monthly,4,5
2023-12-31,organic_social,organic_social,payment_failed,monthly,5,1
2023-12-31,organic_social,organic_social,payment_failed,monthly,6,3
2023-12-31,organic_social,organic_social,payment_failed,monthly,7,4
2023-12-31,organic_social,organic_social,payment_failed,monthly,8,1
2023-12-31,organic_social,organic_social,payment_failed,monthly,9,2
2023-12-31,organic_social,organic_social,payment_failed,monthly,10,1
2023-12-31,organic_social,organic_social,payment_failed,monthly,11,2
2023-12-31,organic_social,organic_social,payment_failed,monthly,13,3
2023-12-31,organic_social,organic_social,payment_failed,monthly,14,2
2023-12-31,organic_social,organic_social,payment_failed,monthly,15,2
2023-12-31,organic_social,organic_social,payment_failed,monthly,16,1
2023-12-31,organic_social,organic_social,payment_failed,monthly,17,2
2023-12-31,organic_social,organic_social,payment_failed,monthly,18,3
2023-12-31,organic_social,organic_social,payment_failed,monthly,21,2
2023-12-31,organic_social,organic_social,payment_failed,monthly,23,2
2023-12-31,organic_social,organic_social,payment_failed,monthly,25,1
2023-12-31,organic_social,organic_social,payment_failed,monthly,26,2
2023-12-31,organic_social,organic_social,payment_failed,monthly,27,1
2023-12-31,organic_social,organic_social,payment_failed,monthly,30,1
2023-12-31,organic_social,organic_social,voluntary,annual,11,1
2023-12-31,organic_social,organic_social,voluntary,annual,12,27
2023-12-31,organic_social,organic_social,voluntary,annual,24,5
2023-12-31,organic_social,organic_social,voluntary,monthly,1,92
2023-12-31,organic_social,organic_social,voluntary,monthly,2,35
2023-12-31,organic_social,organic_social,voluntary,monthly,3,14
2023-12-31,organic_social,organic_social,voluntary,monthly,4,16
2023-12-31,organic_social,organic_social,voluntary,monthly,5,15
2023-12-31,organic_social,organic_social,voluntary,monthly,6,8
2023-12-31,organic_social,organic_social,voluntary,monthly,7,8
2023-12-31,organic_social,organic_social,voluntary,monthly,8,6
2023-12-31,organic_social,organic_social,voluntary,monthly,9,5
2023-12-31,organic_social,organic_social,voluntary,monthly,10,4
2023-12-31,organic_social,organic_social,voluntary,monthly,11,1
2023-12-31,organic_social,organic_social,voluntary,monthly,12,3
2023-12-31,organic_social,organic_social,voluntary,monthly,13,2
2023-12-31,organic_social,organic_social,voluntary,monthly,15,1
2023-12-31,organic_social,organic_social,voluntary,monthly,16,4
2023-12-31,organic_social,organic_social,voluntary,monthly,17,3
2023-12-31,organic_social,organic_social,voluntary,monthly,18,2
2023-12-31,organic_social,organic_social,voluntary,monthly,21,3
2023-12-31,organic_social,organic_social,voluntary,monthly,23,1
2023-12-31,organic_social,organic_social,voluntary,monthly,24,1
2023-12-31,organic_social,organic_social,voluntary,monthly,25,1
2023-12-31,organic_social,organic_social,voluntary,monthly,27,3
2023-12-31,organic_social,organic_social,voluntary,monthly,29,1
2023-12-31,organic_social,organic_social,voluntary,monthly,30,1
2023-12-31,paid_social,paid_social-lookalike_subscribers,active_account,annual,31,88
2023-12-31,paid_social,paid_social-lookalike_subscribers,active_account,monthly,31,73
2023-12-31,paid_social,paid_social-lookalike_subscribers,payment_failed,annual,12,1
2023-12-31,paid_social,paid_social-lookalike_subscribers,payment_failed,annual,13,12
2023-12-31,paid_social,paid_social-lookalike_subscribers,payment_failed,annual,24,3
2023-12-31,paid_social,paid_social-lookalike_subscribers,payment_failed,annual,25,5
2023-12-31,paid_social,paid_social-lookalike_subscribers,payment_failed,monthly,2,2
2023-12-31,paid_social,paid_social-lookalike_subscribers,payment_failed,monthly,3,2
2023-12-31,paid_social,paid_social-lookalike_subscribers,payment_failed,monthly,4,4
2023-12-31,paid_social,paid_social-lookalike_subscribers,payment_failed,monthly,5,2
2023-12-31,paid_social,paid_social-lookalike_subscribers,payment_failed,monthly,6,1
2023-12-31,paid_social,paid_social-lookalike_subscribers,payment_failed,monthly,7,1
2023-12-31,paid_social,paid_social-lookalike_subscribers,payment_failed,monthly,9,2
2023-12-31,paid_social,paid_social-lookalike_subscribers,payment_failed,monthly,10,1
2023-12-31,paid_social,paid_social-lookalike_subscribers,payment_failed,monthly,12,1
2023-12-31,paid_social,paid_social-lookalike_subscribers,payment_failed,monthly,13,1
2023-12-31,paid_social,paid_social-lookalike_subscribers,payment_failed,monthly,14,1
2023-12-31,paid_social,paid_social-lookalike_subscribers,payment_failed,monthly,15,2
2023-12-31,paid_social,paid_social-lookalike_subscribers,payment_failed,monthly,16,1
2023-12-31,paid_social,paid_social-lookalike_subscribers,payment_failed,monthly,18,1
2023-12-31,paid_social,paid_social-lookalike_subscribers,payment_failed,monthly,19,1
2023-12-31,paid_social,paid_social-lookalike_subscribers,payment_failed,monthly,20,3
2023-12-31,paid_social,paid_social-lookalike_subscribers,payment_failed,monthly,21,2
2023-12-31,paid_social,paid_social-lookalike_subscribers,payment_failed,monthly,23,1
2023-12-31,paid_social,paid_social-lookalike_subscribers,payment_failed,monthly,24,1
2023-12-31,paid_social,paid_social-lookalike_subscribers,payment_failed,monthly,25,1
2023-12-31,paid_social,paid_social-lookalike_subscribers,payment_failed,monthly,26,1
2023-12-31,paid_social,paid_social-lookalike_subscribers,payment_failed,monthly,28,1
2023-12-31,paid_social,paid_social-lookalike_subscribers,payment_failed,monthly,29,1
2023-12-31,paid_social,paid_social-lookalike_subscribers,voluntary,annual,12,29
2023-12-31,paid_social,paid_social-lookalike_subscribers,voluntary,annual,23,1
2023-12-31,paid_social,paid_social-lookalike_subscribers,voluntary,annual,24,8
2023-12-31,paid_social,paid_social-lookalike_subscribers,voluntary,monthly,1,24
2023-12-31,paid_social,paid_social-lookalike_subscribers,voluntary,monthly,2,8
2023-12-31,paid_social,paid_social-lookalike_subscribers,voluntary,monthly,3,15
2023-12-31,paid_social,paid_social-lookalike_subscribers,voluntary,monthly,4,9
2023-12-31,paid_social,paid_social-lookalike_subscribers,voluntary,monthly,5,5
2023-12-31,paid_social,paid_social-lookalike_subscribers,voluntary,monthly,6,4
2023-12-31,paid_social,paid_social-lookalike_subscribers,voluntary,monthly,7,7
2023-12-31,paid_social,paid_social-lookalike_subscribers,voluntary,monthly,8,3
2023-12-31,paid_social,paid_social-lookalike_subscribers,voluntary,monthly,9,2
2023-12-31,paid_social,paid_social-lookalike_subscribers,voluntary,monthly,11,3
2023-12-31,paid_social,paid_social-lookalike_subscribers,voluntary,monthly,12,1
2023-12-31,paid_social,paid_social-lookalike_subscribers,voluntary,monthly,13,2
2023-12-31,paid_social,paid_social-lookalike_subscribers,voluntary,monthly,14,3
2023-12-31,paid_social,paid_social-lookalike_subscribers,voluntary,monthly,15,1
2023-12-31,paid_social,paid_social-lookalike_subscribers,voluntary,monthly,18,1
2023-12-31,paid_social,paid_social-lookalike_subscribers,voluntary,monthly,19,1
2023-12-31,paid_social,paid_social-lookalike_subscribers,voluntary,monthly,20,2
2023-12-31,paid_social,paid_social-lookalike_subscribers,voluntary,monthly,26,1
2023-12-31,paid_social,paid_social-lookalike_subscribers,voluntary,monthly,27,4
2023-12-31,paid_social,paid_social-lookalike_subscribers,voluntary,monthly,28,1
2023-12-31,paid_social,paid_social-lookalike_subscribers,voluntary,monthly,30,1
2023-12-31,paid_social,paid_social-prospecting_broad,active_account,annual,31,45
2023-12-31,paid_social,paid_social-prospecting_broad,active_account,monthly,31,90
2023-12-31,paid_social,paid_social-prospecting_broad,payment_failed,annual,13,2
2023-12-31,paid_social,paid_social-prospecting_broad,payment_failed,annual,25,1
2023-12-31,paid_social,paid_social-prospecting_broad,payment_failed,monthly,1,1
2023-12-31,paid_social,paid_social-prospecting_broad,payment_failed,monthly,2,9
2023-12-31,paid_social,paid_social-prospecting_broad,payment_failed,monthly,3,7
2023-12-31,paid_social,paid_social-prospecting_broad,payment_failed,monthly,4,7
2023-12-31,paid_social,paid_social-prospecting_broad,payment_failed,monthly,5,2
2023-12-31,paid_social,paid_social-prospecting_broad,payment_failed,monthly,6,2
2023-12-31,paid_social,paid_social-prospecting_broad,payment_failed,monthly,7,2
2023-12-31,paid_social,paid_social-prospecting_broad,payment_failed,monthly,8,2
2023-12-31,paid_social,paid_social-prospecting_broad,payment_failed,monthly,9,2
2023-12-31,paid_social,paid_social-prospecting_broad,payment_failed,monthly,10,2
2023-12-31,paid_social,paid_social-prospecting_broad,payment_failed,monthly,11,7
2023-12-31,paid_social,paid_social-prospecting_broad,payment_failed,monthly,12,2
2023-12-31,paid_social,paid_social-prospecting_broad,payment_failed,monthly,13,2
2023-12-31,paid_social,paid_social-prospecting_broad,payment_failed,monthly,15,2
2023-12-31,paid_social,paid_social-prospecting_broad,payment_failed,monthly,16,3
2023-12-31,paid_social,paid_social-prospecting_broad,payment_failed,monthly,17,1
2023-12-31,paid_social,paid_social-prospecting_broad,payment_failed,monthly,18,3
2023-12-31,paid_social,paid_social-prospecting_broad,payment_failed,monthly,19,1
2023-12-31,paid_social,paid_social-prospecting_broad,payment_failed,monthly,20,1
2023-12-31,paid_social,paid_social-prospecting_broad,payment_failed,monthly,22,1
2023-12-31,paid_social,paid_social-prospecting_broad,payment_failed,monthly,23,1
2023-12-31,paid_social,paid_social-prospecting_broad,payment_failed,monthly,24,2
2023-12-31,paid_social,paid_social-prospecting_broad,payment_failed,monthly,25,5
2023-12-31,paid_social,paid_social-prospecting_broad,payment_failed,monthly,26,1
2023-12-31,paid_social,paid_social-prospecting_broad,payment_failed,monthly,27,7
2023-12-31,paid_social,paid_social-prospecting_broad,payment_failed,monthly,29,2
2023-12-31,paid_social,paid_social-prospecting_broad,payment_failed,monthly,30,1
2023-12-31,paid_social,paid_social-prospecting_broad,voluntary,annual,11,1
2023-12-31,paid_social,paid_social-prospecting_broad,voluntary,annual,12,31
2023-12-31,paid_social,paid_social-prospecting_broad,voluntary,annual,24,9
2023-12-31,paid_social,paid_social-prospecting_broad,voluntary,monthly,1,104
2023-12-31,paid_social,paid_social-prospecting_broad,voluntary,monthly,2,49
2023-12-31,paid_social,paid_social-prospecting_broad,voluntary,monthly,3,23
2023-12-31,paid_social,paid_social-prospecting_broad,voluntary,monthly,4,18
2023-12-31,paid_social,paid_social-prospecting_broad,voluntary,monthly,5,13
2023-12-31,paid_social,paid_social-prospecting_broad,voluntary,monthly,6,7
2023-12-31,paid_social,paid_social-prospecting_broad,voluntary,monthly,7,5
2023-12-31,paid_social,paid_social-prospecting_broad,voluntary,monthly,8,7
2023-12-31,paid_social,paid_social-prospecting_broad,voluntary,monthly,9,2
2023-12-31,paid_social,paid_social-prospecting_broad,voluntary,monthly,10,3
2023-12-31,paid_social,paid_social-prospecting_broad,voluntary,monthly,11,6
2023-12-31,paid_social,paid_social-prospecting_broad,voluntary,monthly,12,5
2023-12-31,paid_social,paid_social-prospecting_broad,voluntary,monthly,13,6
2023-12-31,paid_social,paid_social-prospecting_broad,voluntary,monthly,14,2
2023-12-31,paid_social,paid_social-prospecting_broad,voluntary,monthly,15,2
2023-12-31,paid_social,paid_social-prospecting_broad,voluntary,monthly,16,2
2023-12-31,paid_social,paid_social-prospecting_broad,voluntary,monthly,17,2
2023-12-31,paid_social,paid_social-prospecting_broad,voluntary,monthly,18,3
2023-12-31,paid_social,paid_social-prospecting_broad,voluntary,monthly,19,3
2023-12-31,paid_social,paid_social-prospecting_broad,voluntary,monthly,20,1
2023-12-31,paid_social,paid_social-prospecting_broad,voluntary,monthly,21,2
2023-12-31,paid_social,paid_social-prospecting_broad,voluntary,monthly,22,1
2023-12-31,paid_social,paid_social-prospecting_broad,voluntary,monthly,23,5
2023-12-31,paid_social,paid_social-prospecting_broad,voluntary,monthly,24,1
2023-12-31,paid_social,paid_social-prospecting_broad,voluntary,monthly,25,3
2023-12-31,paid_social,paid_social-prospecting_broad,voluntary,monthly,28,1
2023-12-31,paid_social,paid_social-prospecting_broad,voluntary,monthly,29,1
2023-12-31,paid_social,paid_social-prospecting_broad,voluntary,monthly,30,1
2024-01-31,direct,direct,active_account,annual,30,189
2024-01-31,direct,direct,active_account,monthly,30,198
2024-01-31,direct,direct,payment_failed,annual,12,2
2024-01-31,direct,direct,payment_failed,annual,13,15
2024-01-31,direct,direct,payment_failed,annual,24,1
2024-01-31,direct,direct,payment_failed,annual,25,5
2024-01-31,direct,direct,payment_failed,monthly,2,8
2024-01-31,direct,direct,payment_failed,monthly,3,6
2024-01-31,direct,direct,payment_failed,monthly,4,2
2024-01-31,direct,direct,payment_failed,monthly,5,6
2024-01-31,direct,direct,payment_failed,monthly,6,2
2024-01-31,direct,direct,payment_failed,monthly,7,4
2024-01-31,direct,direct,payment_failed,monthly,8,6
2024-01-31,direct,direct,payment_failed,monthly,9,4
2024-01-31,direct,direct,payment_failed,monthly,10,3
2024-01-31,direct,direct,payment_failed,monthly,11,7
2024-01-31,direct,direct,payment_failed,monthly,12,3
2024-01-31,direct,direct,payment_failed,monthly,13,1
2024-01-31,direct,direct,payment_failed,monthly,14,4
2024-01-31,direct,direct,payment_failed,monthly,16,1
2024-01-31,direct,direct,payment_failed,monthly,17,3
2024-01-31,direct,direct,payment_failed,monthly,18,9
2024-01-31,direct,direct,payment_failed,monthly,19,5
2024-01-31,direct,direct,payment_failed,monthly,20,1
2024-01-31,direct,direct,payment_failed,monthly,21,1
2024-01-31,direct,direct,payment_failed,monthly,22,3
2024-01-31,direct,direct,payment_failed,monthly,23,3
2024-01-31,direct,direct,payment_failed,monthly,24,2
2024-01-31,direct,direct,payment_failed,monthly,25,3
2024-01-31,direct,direct,payment_failed,monthly,26,1
2024-01-31,direct,direct,payment_failed,monthly,27,1
2024-01-31,direct,direct,payment_failed,monthly,28,3
2024-01-31,direct,direct,payment_failed,monthly,29,3
2024-01-31,direct,direct,voluntary,annual,11,3
2024-01-31,direct,direct,voluntary,annual,12,60
2024-01-31,direct,direct,voluntary,annual,23,1
2024-01-31,direct,direct,voluntary,annual,24,15
2024-01-31,direct,direct,voluntary,monthly,1,64
2024-01-31,direct,direct,voluntary,monthly,2,42
2024-01-31,direct,direct,voluntary,monthly,3,12
2024-01-31,direct,direct,voluntary,monthly,4,14
2024-01-31,direct,direct,voluntary,monthly,5,7
2024-01-31,direct,direct,voluntary,monthly,6,8
2024-01-31,direct,direct,voluntary,monthly,7,4
2024-01-31,direct,direct,voluntary,monthly,8,4
2024-01-31,direct,direct,voluntary,monthly,9,4
2024-01-31,direct,direct,voluntary,monthly,10,4
2024-01-31,direct,direct,voluntary,monthly,11,6
2024-01-31,direct,direct,voluntary,monthly,12,1
2024-01-31,direct,direct,voluntary,monthly,13,1
2024-01-31,direct,direct,voluntary,monthly,14,2
2024-01-31,direct,direct,voluntary,monthly,15,2
2024-01-31,direct,direct,voluntary,monthly,16,1
2024-01-31,direct,direct,voluntary,monthly,17,4
2024-01-31,direct,direct,voluntary,monthly,18,6
2024-01-31,direct,direct,voluntary,monthly,19,1
2024-01-31,direct,direct,voluntary,monthly,20,3
2024-01-31,direct,direct,voluntary,monthly,21,5
2024-01-31,direct,direct,voluntary,monthly,22,2
2024-01-31,direct,direct,voluntary,monthly,23,1
2024-01-31,direct,direct,voluntary,monthly,25,3
2024-01-31,direct,direct,voluntary,monthly,26,4
2024-01-31,direct,direct,voluntary,monthly,27,1
2024-01-31,direct,direct,voluntary,monthly,28,3
2024-01-31,direct,direct,voluntary,monthly,29,1
2024-01-31,email,email,active_account,annual,30,210
2024-01-31,email,email,active_account,monthly,30,123
2024-01-31,email,email,payment_failed,annual,12,2
2024-01-31,email,email,payment_failed,annual,13,12
2024-01-31,email,email,payment_failed,annual,24,2
2024-01-31,email,email,payment_failed,annual,25,6
2024-01-31,email,email,payment_failed,monthly,2,4
2024-01-31,email,email,payment_failed,monthly,3,3
2024-01-31,email,email,payment_failed,monthly,4,3
2024-01-31,email,email,payment_failed,monthly,5,3
2024-01-31,email,email,payment_failed,monthly,6,1
2024-01-31,email,email,payment_failed,monthly,7,1
2024-01-31,email,email,payment_failed,monthly,8,1
2024-01-31,email,email,payment_failed,monthly,9,5
2024-01-31,email,email,payment_failed,monthly,11,5
2024-01-31,email,email,payment_failed,monthly,12,2
2024-01-31,email,email,payment_failed,monthly,13,4
2024-01-31,email,email,payment_failed,monthly,15,2
2024-01-31,email,email,payment_failed,monthly,16,2
2024-01-31,email,email,payment_failed,monthly,17,2
2024-01-31,email,email,payment_failed,monthly,20,1
2024-01-31,email,email,payment_failed,monthly,21,1
2024-01-31,email,email,payment_failed,monthly,22,1
2024-01-31,email,email,payment_failed,monthly,23,2
2024-01-31,email,email,payment_failed,monthly,24,2
2024-01-31,email,email,payment_failed,monthly,25,2
2024-01-31,email,email,payment_failed,monthly,26,3
2024-01-31,email,email,payment_failed,monthly,27,2
2024-01-31,email,email,payment_failed,monthly,28,3
2024-01-31,email,email,payment_failed,monthly,29,2
2024-01-31,email,email,voluntary,annual,11,2
2024-01-31,email,email,voluntary,annual,12,32
2024-01-31,email,email,voluntary,annual,23,2
2024-01-31,email,email,voluntary,annual,24,8
2024-01-31,email,email,voluntary,monthly,1,12
2024-01-31,email,email,voluntary,monthly,2,14
2024-01-31,email,email,voluntary,monthly,3,4
2024-01-31,email,email,voluntary,monthly,4,5
2024-01-31,email,email,voluntary,monthly,5,5
2024-01-31,email,email,voluntary,monthly,6,1
2024-01-31,email,email,voluntary,monthly,7,3
2024-01-31,email,email,voluntary,monthly,10,2
2024-01-31,email,email,voluntary,monthly,16,1
2024-01-31,email,email,voluntary,monthly,17,1
2024-01-31,email,email,voluntary,monthly,19,1
2024-01-31,email,email,voluntary,monthly,20,1
2024-01-31,email,email,voluntary,monthly,21,1
2024-01-31,email,email,voluntary,monthly,22,2
2024-01-31,email,email,voluntary,monthly,26,1
2024-01-31,email,email,voluntary,monthly,28,1
2024-01-31,email,email,voluntary,monthly,29,1
2024-01-31,organic_search,organic_search,active_account,annual,30,95
2024-01-31,organic_search,organic_search,active_account,monthly,30,136
2024-01-31,organic_search,organic_search,payment_failed,annual,12,2
2024-01-31,organic_search,organic_search,payment_failed,annual,13,10
2024-01-31,organic_search,organic_search,payment_failed,annual,25,4
2024-01-31,organic_search,organic_search,payment_failed,monthly,2,7
2024-01-31,organic_search,organic_search,payment_failed,monthly,3,6
2024-01-31,organic_search,organic_search,payment_failed,monthly,4,5
2024-01-31,organic_search,organic_search,payment_failed,monthly,5,5
2024-01-31,organic_search,organic_search,payment_failed,monthly,6,7
2024-01-31,organic_search,organic_search,payment_failed,monthly,7,4
2024-01-31,organic_search,organic_search,payment_failed,monthly,8,3
2024-01-31,organic_search,organic_search,payment_failed,monthly,9,1
2024-01-31,organic_search,organic_search,payment_failed,monthly,10,6
2024-01-31,organic_search,organic_search,payment_failed,monthly,11,3
2024-01-31,organic_search,organic_search,payment_failed,monthly,12,4
2024-01-31,organic_search,organic_search,payment_failed,monthly,13,2
2024-01-31,organic_search,organic_search,payment_failed,monthly,14,3
2024-01-31,organic_search,organic_search,payment_failed,monthly,15,2
2024-01-31,organic_search,organic_search,payment_failed,monthly,16,1
2024-01-31,organic_search,organic_search,payment_failed,monthly,19,1
2024-01-31,organic_search,organic_search,payment_failed,monthly,20,2
2024-01-31,organic_search,organic_search,payment_failed,monthly,21,1
2024-01-31,organic_search,organic_search,payment_failed,monthly,23,3
2024-01-31,organic_search,organic_search,payment_failed,monthly,26,1
2024-01-31,organic_search,organic_search,payment_failed,monthly,29,2
2024-01-31,organic_search,organic_search,voluntary,annual,12,41
2024-01-31,organic_search,organic_search,voluntary,annual,23,2
2024-01-31,organic_search,organic_search,voluntary,annual,24,12
2024-01-31,organic_search,organic_search,voluntary,monthly,1,48
2024-01-31,organic_search,organic_search,voluntary,monthly,2,29
2024-01-31,organic_search,organic_search,voluntary,monthly,3,23
2024-01-31,organic_search,organic_search,voluntary,monthly,4,13
2024-01-31,organic_search,organic_search,voluntary,monthly,5,5
2024-01-31,organic_search,organic_search,voluntary,monthly,6,5
2024-01-31,organic_search,organic_search,voluntary,monthly,7,7
2024-01-31,organic_search,organic_search,voluntary,monthly,8,6
2024-01-31,organic_search,organic_search,voluntary,monthly,10,3
2024-01-31,organic_search,organic_search,voluntary,monthly,12,3
2024-01-31,organic_search,organic_search,voluntary,monthly,13,4
2024-01-31,organic_search,organic_search,voluntary,monthly,14,6
2024-01-31,organic_search,organic_search,voluntary,monthly,15,3
2024-01-31,organic_search,organic_search,voluntary,monthly,16,4
2024-01-31,organic_search,organic_search,voluntary,monthly,17,1
2024-01-31,organic_search,organic_search,voluntary,monthly,18,2
2024-01-31,organic_search,organic_search,voluntary,monthly,19,1
2024-01-31,organic_search,organic_search,voluntary,monthly,20,2
2024-01-31,organic_search,organic_search,voluntary,monthly,21,2
2024-01-31,organic_search,organic_search,voluntary,monthly,22,2
2024-01-31,organic_search,organic_search,voluntary,monthly,23,3
2024-01-31,organic_search,organic_search,voluntary,monthly,25,1
2024-01-31,organic_search,organic_search,voluntary,monthly,26,1
2024-01-31,organic_search,organic_search,voluntary,monthly,27,3
2024-01-31,organic_search,organic_search,voluntary,monthly,29,1
2024-01-31,organic_social,organic_social,active_account,annual,30,19
2024-01-31,organic_social,organic_social,active_account,monthly,30,59
2024-01-31,organic_social,organic_social,payment_failed,annual,13,1
2024-01-31,organic_social,organic_social,payment_failed,annual,25,1
2024-01-31,organic_social,organic_social,payment_failed,monthly,2,3
2024-01-31,organic_social,organic_social,payment_failed,monthly,3,3
2024-01-31,organic_social,organic_social,payment_failed,monthly,4,3
2024-01-31,organic_social,organic_social,payment_failed,monthly,5,1
2024-01-31,organic_social,organic_social,payment_failed,monthly,6,2
2024-01-31,organic_social,organic_social,payment_failed,monthly,7,2
2024-01-31,organic_social,organic_social,payment_failed,monthly,9,1
2024-01-31,organic_social,organic_social,payment_failed,monthly,10,1
2024-01-31,organic_social,organic_social,payment_failed,monthly,12,1
2024-01-31,organic_social,organic_social,payment_failed,monthly,13,1
2024-01-31,organic_social,organic_social,payment_failed,monthly,14,1
2024-01-31,organic_social,organic_social,payment_failed,monthly,15,2
2024-01-31,organic_social,organic_social,payment_failed,monthly,16,1
2024-01-31,organic_social,organic_social,payment_failed,monthly,17,2
2024-01-31,organic_social,organic_social,payment_failed,monthly,19,1
2024-01-31,organic_social,organic_social,payment_failed,monthly,20,1
2024-01-31,organic_social,organic_social,payment_failed,monthly,22,1
2024-01-31,organic_social,organic_social,payment_failed,monthly,23,1
2024-01-31,organic_social,organic_social,payment_failed,monthly,24,1
2024-01-31,organic_social,organic_social,payment_failed,monthly,29,1
2024-01-31,organic_social,organic_social,voluntary,annual,12,12
2024-01-31,organic_social,organic_social,voluntary,annual,24,4
2024-01-31,organic_social,organic_social,voluntary,monthly,1,55
2024-01-31,organic_social,organic_social,voluntary,monthly,2,21
2024-01-31,organic_social,organic_social,voluntary,monthly,3,9
2024-01-31,organic_social,organic_social,voluntary,monthly,4,6
2024-01-31,organic_social,organic_social,voluntary,monthly,5,9
2024-01-31,organic_social,organic_social,voluntary,monthly,6,7
2024-01-31,organic_social,organic_social,voluntary,monthly,7,5
2024-01-31,organic_social,organic_social,voluntary,monthly,8,1
2024-01-31,organic_social,organic_social,voluntary,monthly,9,2
2024-01-31,organic_social,organic_social,voluntary,monthly,10,1
2024-01-31,organic_social,organic_social,voluntary,monthly,11,1
2024-01-31,organic_social,organic_social,voluntary,monthly,12,1
2024-01-31,organic_social,organic_social,voluntary,monthly,13,2
2024-01-31,organic_social,organic_social,voluntary,monthly,15,1
2024-01-31,organic_social,organic_social,voluntary,monthly,16,1
2024-01-31,organic_social,organic_social,voluntary,monthly,20,1
2024-01-31,organic_social,organic_social,voluntary,monthly,21,2
2024-01-31,organic_social,organic_social,voluntary,monthly,23,1
2024-01-31,organic_social,organic_social,voluntary,monthly,26,2
2024-01-31,paid_social,paid_social-lookalike_subscribers,active_account,annual,30,42
2024-01-31,paid_social,paid_social-lookalike_subscribers,active_account,monthly,30,54
2024-01-31,paid_social,paid_social-lookalike_subscribers,payment_failed,annual,13,3
2024-01-31,paid_social,paid_social-lookalike_subscribers,payment_failed,annual,25,2
2024-01-31,paid_social,paid_social-lookalike_subscribers,payment_failed,monthly,2,1
2024-01-31,paid_social,paid_social-lookalike_subscribers,payment_failed,monthly,3,3
2024-01-31,paid_social,paid_social-lookalike_subscribers,payment_failed,monthly,4,2
2024-01-31,paid_social,paid_social-lookalike_subscribers,payment_failed,monthly,5,2
2024-01-31,paid_social,paid_social-lookalike_subscribers,payment_failed,monthly,6,2
2024-01-31,paid_social,paid_social-lookalike_subscribers,payment_failed,monthly,7,1
2024-01-31,paid_social,paid_social-lookalike_subscribers,payment_failed,monthly,8,4
2024-01-31,paid_social,paid_social-lookalike_subscribers,payment_failed,monthly,9,1
2024-01-31,paid_social,paid_social-lookalike_subscribers,payment_failed,monthly,10,3
2024-01-31,paid_social,paid_social-lookalike_subscribers,payment_failed,monthly,12,1
2024-01-31,paid_social,paid_social-lookalike_subscribers,payment_failed,monthly,13,1
2024-01-31,paid_social,paid_social-lookalike_subscribers,payment_failed,monthly,15,2
2024-01-31,paid_social,paid_social-lookalike_subscribers,payment_failed,monthly,16,1
2024-01-31,paid_social,paid_social-lookalike_subscribers,payment_failed,monthly,17,2
2024-01-31,paid_social,paid_social-lookalike_subscribers,payment_failed,monthly,19,2
2024-01-31,paid_social,paid_social-lookalike_subscribers,payment_failed,monthly,20,1
2024-01-31,paid_social,paid_social-lookalike_subscribers,payment_failed,monthly,23,2
2024-01-31,paid_social,paid_social-lookalike_subscribers,payment_failed,monthly,26,1
2024-01-31,paid_social,paid_social-lookalike_subscribers,payment_failed,monthly,28,1
2024-01-31,paid_social,paid_social-lookalike_subscribers,voluntary,annual,11,1
2024-01-31,paid_social,paid_social-lookalike_subscribers,voluntary,annual,12,21
2024-01-31,paid_social,paid_social-lookalike_subscribers,voluntary,annual,24,7
2024-01-31,paid_social,paid_social-lookalike_subscribers,voluntary,monthly,1,14
2024-01-31,paid_social,paid_social-lookalike_subscribers,voluntary,monthly,2,14
2024-01-31,paid_social,paid_social-lookalike_subscribers,voluntary,monthly,3,6
2024-01-31,paid_social,paid_social-lookalike_subscribers,voluntary,monthly,4,7
2024-01-31,paid_social,paid_social-lookalike_subscribers,voluntary,monthly,5,2
2024-01-31,paid_social,paid_social-lookalike_subscribers,voluntary,monthly,6,1
2024-01-31,paid_social,paid_social-lookalike_subscribers,voluntary,monthly,9,4
2024-01-31,paid_social,paid_social-lookalike_subscribers,voluntary,monthly,10,2
2024-01-31,paid_social,paid_social-lookalike_subscribers,voluntary,monthly,11,1
2024-01-31,paid_social,paid_social-lookalike_subscribers,voluntary,monthly,12,3
2024-01-31,paid_social,paid_social-lookalike_subscribers,voluntary,monthly,14,1
2024-01-31,paid_social,paid_social-lookalike_subscribers,voluntary,monthly,16,1
2024-01-31,paid_social,paid_social-lookalike_subscribers,voluntary,monthly,18,1
2024-01-31,paid_social,paid_social-lookalike_subscribers,voluntary,monthly,19,1
2024-01-31,paid_social,paid_social-lookalike_subscribers,voluntary,monthly,20,1
2024-01-31,paid_social,paid_social-lookalike_subscribers,voluntary,monthly,22,1
2024-01-31,paid_social,paid_social-prospecting_broad,active_account,annual,30,36
2024-01-31,paid_social,paid_social-prospecting_broad,active_account,monthly,30,83
2024-01-31,paid_social,paid_social-prospecting_broad,payment_failed,annual,12,1
2024-01-31,paid_social,paid_social-prospecting_broad,payment_failed,annual,13,2
2024-01-31,paid_social,paid_social-prospecting_broad,payment_failed,annual,25,3
2024-01-31,paid_social,paid_social-prospecting_broad,payment_failed,monthly,1,1
2024-01-31,paid_social,paid_social-prospecting_broad,payment_failed,monthly,2,6
2024-01-31,paid_social,paid_social-prospecting_broad,payment_failed,monthly,3,8
2024-01-31,paid_social,paid_social-prospecting_broad,payment_failed,monthly,4,1
2024-01-31,paid_social,paid_social-prospecting_broad,payment_failed,monthly,5,5
2024-01-31,paid_social,paid_social-prospecting_broad,payment_failed,monthly,6,4
2024-01-31,paid_social,paid_social-prospecting_broad,payment_failed,monthly,7,2
2024-01-31,paid_social,paid_social-prospecting_broad,payment_failed,monthly,8,2
2024-01-31,paid_social,paid_social-prospecting_broad,payment_failed,monthly,9,1
2024-01-31,paid_social,paid_social-prospecting_broad,payment_failed,monthly,10,2
2024-01-31,paid_social,paid_social-prospecting_broad,payment_failed,monthly,11,1
2024-01-31,paid_social,paid_social-prospecting_broad,payment_failed,monthly,14,5
2024-01-31,paid_social,paid_social-prospecting_broad,payment_failed,monthly,15,1
2024-01-31,paid_social,paid_social-prospecting_broad,payment_failed,monthly,16,1
2024-01-31,paid_social,paid_social-prospecting_broad,payment_failed,monthly,18,2
2024-01-31,paid_social,paid_social-prospecting_broad,payment_failed,monthly,19,4
2024-01-31,paid_social,paid_social-prospecting_broad,payment_failed,monthly,20,1
2024-01-31,paid_social,paid_social-prospecting_broad,payment_failed,monthly,21,3
2024-01-31,paid_social,paid_social-prospecting_broad,payment_failed,monthly,22,1
2024-01-31,paid_social,paid_social-prospecting_broad,payment_failed,monthly,23,2
2024-01-31,paid_social,paid_social-prospecting_broad,payment_failed,monthly,24,1
2024-01-31,paid_social,paid_social-prospecting_broad,payment_failed,monthly,26,1
2024-01-31,paid_social,paid_social-prospecting_broad,payment_failed,monthly,27,3
2024-01-31,paid_social,paid_social-prospecting_broad,payment_failed,monthly,28,1
2024-01-31,paid_social,paid_social-prospecting_broad,payment_failed,monthly,29,3
2024-01-31,paid_social,paid_social-prospecting_broad,voluntary,annual,11,1
2024-01-31,paid_social,paid_social-prospecting_broad,voluntary,annual,12,22
2024-01-31,paid_social,paid_social-prospecting_broad,voluntary,annual,24,8
2024-01-31,paid_social,paid_social-prospecting_broad,voluntary,monthly,1,82
2024-01-31,paid_social,paid_social-prospecting_broad,voluntary,monthly,2,32
2024-01-31,paid_social,paid_social-prospecting_broad,voluntary,monthly,3,24
2024-01-31,paid_social,paid_social-prospecting_broad,voluntary,monthly,4,7
2024-01-31,paid_social,paid_social-prospecting_broad,voluntary,monthly,5,16
2024-01-31,paid_social,paid_social-prospecting_broad,voluntary,monthly,6,6
2024-01-31,paid_social,paid_social-prospecting_broad,voluntary,monthly,7,6
2024-01-31,paid_social,paid_social-prospecting_broad,voluntary,monthly,8,2
2024-01-31,paid_social,paid_social-prospecting_broad,voluntary,monthly,9,2
2024-01-31,paid_social,paid_social-prospecting_broad,voluntary,monthly,10,4
2024-01-31,paid_social,paid_social-prospecting_broad,voluntary,monthly,11,3
2024-01-31,paid_social,paid_social-prospecting_broad,voluntary,monthly,12,2
2024-01-31,paid_social,paid_social-prospecting_broad,voluntary,monthly,13,2
2024-01-31,paid_social,paid_social-prospecting_broad,voluntary,monthly,14,3
2024-01-31,paid_social,paid_social-prospecting_broad,voluntary,monthly,15,1
2024-01-31,paid_social,paid_social-prospecting_broad,voluntary,monthly,16,3
2024-01-31,paid_social,paid_social-prospecting_broad,voluntary,monthly,17,2
2024-01-31,paid_social,paid_social-prospecting_broad,voluntary,monthly,18,1
2024-01-31,paid_social,paid_social-prospecting_broad,voluntary,monthly,19,4
2024-01-31,paid_social,paid_social-prospecting_broad,voluntary,monthly,20,1
2024-01-31,paid_social,paid_social-prospecting_broad,voluntary,monthly,22,2
2024-01-31,paid_social,paid_social-prospecting_broad,voluntary,monthly,23,1
2024-01-31,paid_social,paid_social-prospecting_broad,voluntary,monthly,25,1
2024-01-31,paid_social,paid_social-prospecting_broad,voluntary,monthly,26,3
2024-01-31,paid_social,paid_social-prospecting_broad,voluntary,monthly,27,1
2024-02-29,direct,direct,active_account,annual,29,177
2024-02-29,direct,direct,active_account,monthly,29,221
2024-02-29,direct,direct,payment_failed,annual,12,1
2024-02-29,direct,direct,payment_failed,annual,13,14
2024-02-29,direct,direct,payment_failed,annual,25,12
2024-02-29,direct,direct,payment_failed,monthly,1,1
2024-02-29,direct,direct,payment_failed,monthly,2,12
2024-02-29,direct,direct,payment_failed,monthly,3,6
2024-02-29,direct,direct,payment_failed,monthly,4,6
2024-02-29,direct,direct,payment_failed,monthly,5,3
2024-02-29,direct,direct,payment_failed,monthly,6,4
2024-02-29,direct,direct,payment_failed,monthly,7,8
2024-02-29,direct,direct,payment_failed,monthly,8,5
2024-02-29,direct,direct,payment_failed,monthly,9,10
2024-02-29,direct,direct,payment_failed,monthly,10,4
2024-02-29,direct,direct,payment_failed,monthly,11,2
2024-02-29,direct,direct,payment_failed,monthly,12,5
2024-02-29,direct,direct,payment_failed,monthly,13,5
2024-02-29,direct,direct,payment_failed,monthly,14,3
2024-02-29,direct,direct,payment_failed,monthly,15,1
2024-02-29,direct,direct,payment_failed,monthly,16,1
2024-02-29,direct,direct,payment_failed,monthly,17,3
2024-02-29,direct,direct,payment_failed,monthly,18,6
2024-02-29,direct,direct,payment_failed,monthly,19,2
2024-02-29,direct,direct,payment_failed,monthly,21,3
2024-02-29,direct,direct,payment_failed,monthly,22,2
2024-02-29,direct,direct,payment_failed,monthly,23,1
2024-02-29,direct,direct,payment_failed,monthly,24,4
2024-02-29,direct,direct,payment_failed,monthly,25,1
2024-02-29,direct,direct,payment_failed,monthly,26,1
2024-02-29,direct,direct,payment_failed,monthly,28,3
2024-02-29,direct,direct,voluntary,annual,11,4
2024-02-29,direct,direct,voluntary,annual,12,69
2024-02-29,direct,direct,voluntary,annual,24,10
2024-02-29,direct,direct,voluntary,monthly,1,72
2024-02-29,direct,direct,voluntary,monthly,2,34
2024-02-29,direct,direct,voluntary,monthly,3,43
2024-02-29,direct,direct,voluntary,monthly,4,9
2024-02-29,direct,direct,voluntary,monthly,5,8
2024-02-29,direct,direct,voluntary,monthly,6,6
2024-02-29,direct,direct,voluntary,monthly,7,2
2024-02-29,direct,direct,voluntary,monthly,8,3
2024-02-29,direct,direct,voluntary,monthly,9,7
2024-02-29,direct,direct,voluntary,monthly,10,5
2024-02-29,direct,direct,voluntary,monthly,11,2
2024-02-29,direct,direct,voluntary,monthly,12,3
2024-02-29,direct,direct,voluntary,monthly,14,4
2024-02-29,direct,direct,voluntary,monthly,15,2
2024-02-29,direct,direct,voluntary,monthly,17,5
2024-02-29,direct,direct,voluntary,monthly,18,5
2024-02-29,direct,direct,voluntary,monthly,19,2
2024-02-29,direct,direct,voluntary,monthly,20,2
2024-02-29,direct,direct,voluntary,monthly,21,7
2024-02-29,direct,direct,voluntary,monthly,22,2
2024-02-29,direct,direct,voluntary,monthly,23,1
2024-02-29,direct,direct,voluntary,monthly,24,1
2024-02-29,direct,direct,voluntary,monthly,26,2
2024-02-29,direct,direct,voluntary,monthly,27,2
2024-02-29,direct,direct,voluntary,monthly,28,5
2024-02-29,email,email,active_account,annual,29,213
2024-02-29,email,email,active_account,monthly,29,106
2024-02-29,email,email,payment_failed,annual,12,1
2024-02-29,email,email,payment_failed,annual,13,19
2024-02-29,email,email,payment_failed,annual,25,11
2024-02-29,email,email,payment_failed,monthly,2,1
2024-02-29,email,email,payment_failed,monthly,3,3
2024-02-29,email,email,payment_failed,monthly,4,1
2024-02-29,email,email,payment_failed,monthly,5,3
2024-02-29,email,email,payment_failed,monthly,7,3
2024-02-29,email,email,payment_failed,monthly,8,1
2024-02-29,email,email,payment_failed,monthly,9,2
2024-02-29,email,email,payment_failed,monthly,10,5
2024-02-29,email,email,payment_failed,monthly,11,2
2024-02-29,email,email,payment_failed,monthly,13,1
2024-02-29,email,email,payment_failed,monthly,14,2
2024-02-29,email,email,payment_failed,monthly,15,1
2024-02-29,email,email,payment_failed,monthly,16,1
2024-02-29,email,email,payment_failed,monthly,17,2
2024-02-29,email,email,payment_failed,monthly,19,1
2024-02-29,email,email,payment_failed,monthly,20,2
2024-02-29,email,email,payment_failed,monthly,21,2
2024-02-29,email,email,payment_failed,monthly,25,1
2024-02-29,email,email,payment_failed,monthly,26,1
2024-02-29,email,email,payment_failed,monthly,27,3
2024-02-29,email,email,voluntary,annual,12,35
2024-02-29,email,email,voluntary,annual,23,2
2024-02-29,email,email,voluntary,annual,24,11
2024-02-29,email,email,voluntary,monthly,1,16
2024-02-29,email,email,voluntary,monthly,2,6
2024-02-29,email,email,voluntary,monthly,3,7
2024-02-29,email,email,voluntary,monthly,4,2
2024-02-29,email,email,voluntary,monthly,5,4
2024-02-29,email,email,voluntary,monthly,6,4
2024-02-29,email,email,voluntary,monthly,7,1
2024-02-29,email,email,voluntary,monthly,8,3
2024-02-29,email,email,voluntary,monthly,10,3
2024-02-29,email,email,voluntary,monthly,11,3
2024-02-29,email,email,voluntary,monthly,13,3
2024-02-29,email,email,voluntary,monthly,15,1
2024-02-29,email,email,voluntary,monthly,16,2
2024-02-29,email,email,voluntary,monthly,17,1
2024-02-29,email,email,voluntary,monthly,18,1
2024-02-29,email,email,voluntary,monthly,19,1
2024-02-29,email,email,voluntary,monthly,28,2
2024-02-29,organic_search,organic_search,active_account,annual,29,92
2024-02-29,organic_search,organic_search,active_account,monthly,29,175
2024-02-29,organic_search,organic_search,payment_failed,annual,13,13
2024-02-29,organic_search,organic_search,payment_failed,annual,24,1
2024-02-29,organic_search,organic_search,payment_failed,annual,25,5
2024-02-29,organic_search,organic_search,payment_failed,monthly,2,6
2024-02-29,organic_search,organic_search,payment_failed,monthly,3,6
2024-02-29,organic_search,organic_search,payment_failed,monthly,4,2
2024-02-29,organic_search,organic_search,payment_failed,monthly,6,3
2024-02-29,organic_search,organic_search,payment_failed,monthly,7,1
2024-02-29,organic_search,organic_search,payment_failed,monthly,8,4
2024-02-29,organic_search,organic_search,payment_failed,monthly,9,3
2024-02-29,organic_search,organic_search,payment_failed,monthly,10,5
2024-02-29,organic_search,organic_search,payment_failed,monthly,11,2
2024-02-29,organic_search,organic_search,payment_failed,monthly,12,2
2024-02-29,organic_search,organic_search,payment_failed,monthly,13,2
2024-02-29,organic_search,organic_search,payment_failed,monthly,14,3
2024-02-29,organic_search,organic_search,payment_failed,monthly,15,5
2024-02-29,organic_search,organic_search,payment_failed,monthly,16,2
2024-02-29,organic_search,organic_search,payment_failed,monthly,17,3
2024-02-29,organic_search,organic_search,payment_failed,monthly,18,2
2024-02-29,organic_search,organic_search,payment_failed,monthly,19,2
2024-02-29,organic_search,organic_search,payment_failed,monthly,20,1
2024-02-29,organic_search,organic_search,payment_failed,monthly,21,2
2024-02-29,organic_search,organic_search,payment_failed,monthly,22,3
2024-02-29,organic_search,organic_search,payment_failed,monthly,23,4
2024-02-29,organic_search,organic_search,payment_failed,monthly,24,1
2024-02-29,organic_search,organic_search,payment_failed,monthly,26,2
2024-02-29,organic_search,organic_search,payment_failed,monthly,27,1
2024-02-29,organic_search,organic_search,payment_failed,monthly,28,1
2024-02-29,organic_search,organic_search,voluntary,annual,11,1
2024-02-29,organic_search,organic_search,voluntary,annual,12,34
2024-02-29,organic_search,organic_search,voluntary,annual,23,1
2024-02-29,organic_search,organic_search,voluntary,annual,24,9
2024-02-29,organic_search,organic_search,voluntary,monthly,1,46
2024-02-29,organic_search,organic_search,voluntary,monthly,2,25
2024-02-29,organic_search,organic_search,voluntary,monthly,3,9
2024-02-29,organic_search,organic_search,voluntary,monthly,4,13
2024-02-29,organic_search,organic_search,voluntary,monthly,5,8
2024-02-29,organic_search,organic_search,voluntary,monthly,6,4
2024-02-29,organic_search,organic_search,voluntary,monthly,7,4
2024-02-29,organic_search,organic_search,voluntary,monthly,8,7
2024-02-29,organic_search,organic_search,voluntary,monthly,9,1
2024-02-29,organic_search,organic_search,voluntary,monthly,11,4
2024-02-29,organic_search,organic_search,voluntary,monthly,12,3
2024-02-29,organic_search,organic_search,voluntary,monthly,13,3
2024-02-29,organic_search,organic_search,voluntary,monthly,14,1
2024-02-29,organic_search,organic_search,voluntary,monthly,16,4
2024-02-29,organic_search,organic_search,voluntary,monthly,17,2
2024-02-29,organic_search,organic_search,voluntary,monthly,18,2
2024-02-29,organic_search,organic_search,voluntary,monthly,19,1
2024-02-29,organic_search,organic_search,voluntary,monthly,20,1
2024-02-29,organic_search,organic_search,voluntary,monthly,22,2
2024-02-29,organic_search,organic_search,voluntary,monthly,23,1
2024-02-29,organic_search,organic_search,voluntary,monthly,24,1
2024-02-29,organic_search,organic_search,voluntary,monthly,26,1
2024-02-29,organic_search,organic_search,voluntary,monthly,28,1
2024-02-29,organic_social,organic_social,active_account,annual,29,27
2024-02-29,organic_social,organic_social,active_account,monthly,29,67
2024-02-29,organic_social,organic_social,payment_failed,annual,13,5
2024-02-29,organic_social,organic_social,payment_failed,annual,25,1
2024-02-29,organic_social,organic_social,payment_failed,monthly,2,5
2024-02-29,organic_social,organic_social,payment_failed,monthly,3,4
2024-02-29,organic_social,organic_social,payment_failed,monthly,4,1
2024-02-29,organic_social,organic_social,payment_failed,monthly,5,3
2024-02-29,organic_social,organic_social,payment_failed,monthly,6,1
2024-02-29,organic_social,organic_social,payment_failed,monthly,7,1
2024-02-29,organic_social,organic_social,payment_failed,monthly,8,2
2024-02-29,organic_social,organic_social,payment_failed,monthly,9,2
2024-02-29,organic_social,organic_social,payment_failed,monthly,10,2
2024-02-29,organic_social,organic_social,payment_failed,monthly,11,1
2024-02-29,organic_social,organic_social,payment_failed,monthly,12,1
2024-02-29,organic_social,organic_social,payment_failed,monthly,13,1
2024-02-29,organic_social,organic_social,payment_failed,monthly,14,2
2024-02-29,organic_social,organic_social,payment_failed,monthly,15,1
2024-02-29,organic_social,organic_social,payment_failed,monthly,16,1
2024-02-29,organic_social,organic_social,payment_failed,monthly,18,1
2024-02-29,organic_social,organic_social,payment_failed,monthly,19,2
2024-02-29,organic_social,organic_social,payment_failed,monthly,21,2
2024-02-29,organic_social,organic_social,payment_failed,monthly,23,1
2024-02-29,organic_social,organic_social,payment_failed,monthly,26,1
2024-02-29,organic_social,organic_social,payment_failed,monthly,28,1
2024-02-29,organic_social,organic_social,voluntary,annual,12,11
2024-02-29,organic_social,organic_social,voluntary,monthly,1,54
2024-02-29,organic_social,organic_social,voluntary,monthly,2,16
2024-02-29,organic_social,organic_social,voluntary,monthly,3,12
2024-02-29,organic_social,organic_social,voluntary,monthly,4,9
2024-02-29,organic_social,organic_social,voluntary,monthly,5,4
2024-02-29,organic_social,organic_social,voluntary,monthly,6,5
2024-02-29,organic_social,organic_social,voluntary,monthly,7,1
2024-02-29,organic_social,organic_social,voluntary,monthly,9,3
2024-02-29,organic_social,organic_social,voluntary,monthly,10,3
2024-02-29,organic_social,organic_social,voluntary,monthly,11,2
2024-02-29,organic_social,organic_social,voluntary,monthly,12,1
2024-02-29,organic_social,organic_social,voluntary,monthly,14,4
2024-02-29,organic_social,organic_social,voluntary,monthly,15,1
2024-02-29,organic_social,organic_social,voluntary,monthly,16,3
2024-02-29,organic_social,organic_social,voluntary,monthly,18,2
2024-02-29,organic_social,organic_social,voluntary,monthly,19,1
2024-02-29,organic_social,organic_social,voluntary,monthly,20,1
2024-02-29,organic_social,organic_social,voluntary,monthly,21,1
2024-02-29,organic_social,organic_social,voluntary,monthly,22,2
2024-02-29,organic_social,organic_social,voluntary,monthly,25,1
2024-02-29,organic_social,organic_social,voluntary,monthly,26,2
2024-02-29,paid_social,paid_social-lookalike_subscribers,active_account,annual,29,40
2024-02-29,paid_social,paid_social-lookalike_subscribers,active_account,monthly,29,52
2024-02-29,paid_social,paid_social-lookalike_subscribers,payment_failed,annual,13,4
2024-02-29,paid_social,paid_social-lookalike_subscribers,payment_failed,annual,25,3
2024-02-29,paid_social,paid_social-lookalike_subscribers,payment_failed,monthly,2,3
2024-02-29,paid_social,paid_social-lookalike_subscribers,payment_failed,monthly,4,2
2024-02-29,paid_social,paid_social-lookalike_subscribers,payment_failed,monthly,5,1
2024-02-29,paid_social,paid_social-lookalike_subscribers,payment_failed,monthly,6,1
2024-02-29,paid_social,paid_social-lookalike_subscribers,payment_failed,monthly,7,1
2024-02-29,paid_social,paid_social-lookalike_subscribers,payment_failed,monthly,8,1
2024-02-29,paid_social,paid_social-lookalike_subscribers,payment_failed,monthly,10,1
2024-02-29,paid_social,paid_social-lookalike_subscribers,payment_failed,monthly,11,1
2024-02-29,paid_social,paid_social-lookalike_subscribers,payment_failed,monthly,12,2
2024-02-29,paid_social,paid_social-lookalike_subscribers,payment_failed,monthly,13,2
2024-02-29,paid_social,paid_social-lookalike_subscribers,payment_failed,monthly,14,1
2024-02-29,paid_social,paid_social-lookalike_subscribers,payment_failed,monthly,16,2
2024-02-29,paid_social,paid_social-lookalike_subscribers,payment_failed,monthly,19,1
2024-02-29,paid_social,paid_social-lookalike_subscribers,payment_failed,monthly,21,1
2024-02-29,paid_social,paid_social-lookalike_subscribers,payment_failed,monthly,25,1
2024-02-29,paid_social,paid_social-lookalike_subscribers,payment_failed,monthly,27,1
2024-02-29,paid_social,paid_social-lookalike_subscribers,payment_failed,monthly,28,1
2024-02-29,paid_social,paid_social-lookalike_subscribers,voluntary,annual,11,1
2024-02-29,paid_social,paid_social-lookalike_subscribers,voluntary,annual,12,19
2024-02-29,paid_social,paid_social-lookalike_subscribers,voluntary,annual,24,7
2024-02-29,paid_social,paid_social-lookalike_subscribers,voluntary,monthly,1,20
2024-02-29,paid_social,paid_social-lookalike_subscribers,voluntary,monthly,2,7
2024-02-29,paid_social,paid_social-lookalike_subscribers,voluntary,monthly,3,4
2024-02-29,paid_social,paid_social-lookalike_subscribers,voluntary,monthly,5,3
2024-02-29,paid_social,paid_social-lookalike_subscribers,voluntary,monthly,6,3
2024-02-29,paid_social,paid_social-lookalike_subscribers,voluntary,monthly,7,1
2024-02-29,paid_social,paid_social-lookalike_subscribers,voluntary,monthly,8,3
2024-02-29,paid_social,paid_social-lookalike_subscribers,voluntary,monthly,9,2
2024-02-29,paid_social,paid_social-lookalike_subscribers,voluntary,monthly,10,3
2024-02-29,paid_social,paid_social-lookalike_subscribers,voluntary,monthly,11,1
2024-02-29,paid_social,paid_social-lookalike_subscribers,voluntary,monthly,12,1
2024-02-29,paid_social,paid_social-lookalike_subscribers,voluntary,monthly,15,1
2024-02-29,paid_social,paid_social-lookalike_subscribers,voluntary,monthly,17,1
2024-02-29,paid_social,paid_social-lookalike_subscribers,voluntary,monthly,20,1
2024-02-29,paid_social,paid_social-lookalike_subscribers,voluntary,monthly,21,1
2024-02-29,paid_social,paid_social-lookalike_subscribers,voluntary,monthly,24,2
2024-02-29,paid_social,paid_social-lookalike_subscribers,voluntary,monthly,25,1
2024-02-29,paid_social,paid_social-lookalike_subscribers,voluntary,monthly,27,1
2024-02-29,paid_social,paid_social-lookalike_subscribers,voluntary,monthly,28,1
2024-02-29,paid_social,paid_social-prospecting_broad,active_account,annual,29,38
2024-02-29,paid_social,paid_social-prospecting_broad,active_account,monthly,29,74
2024-02-29,paid_social,paid_social-prospecting_broad,payment_failed,annual,13,3
2024-02-29,paid_social,paid_social-prospecting_broad,payment_failed,annual,25,2
2024-02-29,paid_social,paid_social-prospecting_broad,payment_failed,monthly,2,4
2024-02-29,paid_social,paid_social-prospecting_broad,payment_failed,monthly,3,5
2024-02-29,paid_social,paid_social-prospecting_broad,payment_failed,monthly,4,4
2024-02-29,paid_social,paid_social-prospecting_broad,payment_failed,monthly,5,5
2024-02-29,paid_social,paid_social-prospecting_broad,payment_failed,monthly,6,2
2024-02-29,paid_social,paid_social-prospecting_broad,payment_failed,monthly,7,3
2024-02-29,paid_social,paid_social-prospecting_broad,payment_failed,monthly,8,5
2024-02-29,paid_social,paid_social-prospecting_broad,payment_failed,monthly,9,2
2024-02-29,paid_social,paid_social-prospecting_broad,payment_failed,monthly,10,3
2024-02-29,paid_social,paid_social-prospecting_broad,payment_failed,monthly,11,2
2024-02-29,paid_social,paid_social-prospecting_broad,payment_failed,monthly,12,2
2024-02-29,paid_social,paid_social-prospecting_broad,payment_failed,monthly,13,3
2024-02-29,paid_social,paid_social-prospecting_broad,payment_failed,monthly,14,3
2024-02-29,paid_social,paid_social-prospecting_broad,payment_failed,monthly,17,2
2024-02-29,paid_social,paid_social-prospecting_broad,payment_failed,monthly,18,1
2024-02-29,paid_social,paid_social-prospecting_broad,payment_failed,monthly,20,1
2024-02-29,paid_social,paid_social-prospecting_broad,payment_failed,monthly,21,1
2024-02-29,paid_social,paid_social-prospecting_broad,payment_failed,monthly,22,1
2024-02-29,paid_social,paid_social-prospecting_broad,payment_failed,monthly,23,3
2024-02-29,paid_social,paid_social-prospecting_broad,payment_failed,monthly,25,1
2024-02-29,paid_social,paid_social-prospecting_broad,payment_failed,monthly,26,1
2024-02-29,paid_social,paid_social-prospecting_broad,voluntary,annual,12,29
2024-02-29,paid_social,paid_social-prospecting_broad,voluntary,annual,24,3
2024-02-29,paid_social,paid_social-prospecting_broad,voluntary,monthly,1,68
2024-02-29,paid_social,paid_social-prospecting_broad,voluntary,monthly,2,29
2024-02-29,paid_social,paid_social-prospecting_broad,voluntary,monthly,3,19
2024-02-29,paid_social,paid_social-prospecting_broad,voluntary,monthly,4,5
2024-02-29,paid_social,paid_social-prospecting_broad,voluntary,monthly,5,11
2024-02-29,paid_social,paid_social-prospecting_broad,voluntary,monthly,6,3
2024-02-29,paid_social,paid_social-prospecting_broad,voluntary,monthly,7,5
2024-02-29,paid_social,paid_social-prospecting_broad,voluntary,monthly,8,5
2024-02-29,paid_social,paid_social-prospecting_broad,voluntary,monthly,9,1
2024-02-29,paid_social,paid_social-prospecting_broad,voluntary,monthly,10,5
2024-02-29,paid_social,paid_social-prospecting_broad,voluntary,monthly,11,1
2024-02-29,paid_social,paid_social-prospecting_broad,voluntary,monthly,13,2
2024-02-29,paid_social,paid_social-prospecting_broad,voluntary,monthly,15,2
2024-02-29,paid_social,paid_social-prospecting_broad,voluntary,monthly,16,1
2024-02-29,paid_social,paid_social-prospecting_broad,voluntary,monthly,19,1
2024-02-29,paid_social,paid_social-prospecting_broad,voluntary,monthly,20,3
2024-02-29,paid_social,paid_social-prospecting_broad,voluntary,monthly,23,1
2024-02-29,paid_social,paid_social-prospecting_broad,voluntary,monthly,24,2
2024-02-29,paid_social,paid_social-prospecting_broad,voluntary,monthly,25,1
2024-02-29,paid_social,paid_social-prospecting_broad,voluntary,monthly,28,1
2024-03-31,direct,direct,active_account,annual,28,199
2024-03-31,direct,direct,active_account,monthly,28,268
2024-03-31,direct,direct,payment_failed,annual,12,2
2024-03-31,direct,direct,payment_failed,annual,13,13
2024-03-31,direct,direct,payment_failed,annual,24,3
2024-03-31,direct,direct,payment_failed,annual,25,9
2024-03-31,direct,direct,payment_failed,monthly,2,7
2024-03-31,direct,direct,payment_failed,monthly,3,11
2024-03-31,direct,direct,payment_failed,monthly,4,4
2024-03-31,direct,direct,payment_failed,monthly,5,6
2024-03-31,direct,direct,payment_failed,monthly,6,3
2024-03-31,direct,direct,payment_failed,monthly,7,8
2024-03-31,direct,direct,payment_failed,monthly,8,7
2024-03-31,direct,direct,payment_failed,monthly,9,6
2024-03-31,direct,direct,payment_failed,monthly,10,4
2024-03-31,direct,direct,payment_failed,monthly,11,6
2024-03-31,direct,direct,payment_failed,monthly,12,5
2024-03-31,direct,direct,payment_failed,monthly,13,2
2024-03-31,direct,direct,payment_failed,monthly,14,2
2024-03-31,direct,direct,payment_failed,monthly,15,2
2024-03-31,direct,direct,payment_failed,monthly,16,2
2024-03-31,direct,direct,payment_failed,monthly,17,3
2024-03-31,direct,direct,payment_failed,monthly,18,5
2024-03-31,direct,direct,payment_failed,monthly,19,1
2024-03-31,direct,direct,payment_failed,monthly,20,2
2024-03-31,direct,direct,payment_failed,monthly,22,6
2024-03-31,direct,direct,payment_failed,monthly,23,3
2024-03-31,direct,direct,payment_failed,monthly,24,1
2024-03-31,direct,direct,payment_failed,monthly,25,1
2024-03-31,direct,direct,payment_failed,monthly,26,2
2024-03-31,direct,direct,payment_failed,monthly,27,5
2024-03-31,direct,direct,voluntary,annual,12,53
2024-03-31,direct,direct,voluntary,annual,24,23
2024-03-31,direct,direct,voluntary,monthly,1,72
2024-03-31,direct,direct,voluntary,monthly,2,45
2024-03-31,direct,direct,voluntary,monthly,3,16
2024-03-31,direct,direct,voluntary,monthly,4,18
2024-03-31,direct,direct,voluntary,monthly,5,14
2024-03-31,direct,direct,voluntary,monthly,6,10
2024-03-31,direct,direct,voluntary,monthly,7,7
2024-03-31,direct,direct,voluntary,monthly,8,8
2024-03-31,direct,direct,voluntary,monthly,9,4
2024-03-31,direct,direct,voluntary,monthly,10,2
2024-03-31,direct,direct,voluntary,monthly,11,3
2024-03-31,direct,direct,voluntary,monthly,12,5
2024-03-31,direct,direct,voluntary,monthly,13,3
2024-03-31,direct,direct,voluntary,monthly,14,2
2024-03-31,direct,direct,voluntary,monthly,15,3
2024-03-31,direct,direct,voluntary,monthly,16,3
2024-03-31,direct,direct,voluntary,monthly,17,3
2024-03-31,direct,direct,voluntary,monthly,18,2
2024-03-31,direct,direct,voluntary,monthly,19,3
2024-03-31,direct,direct,voluntary,monthly,20,1
2024-03-31,direct,direct,voluntary,monthly,21,2
2024-03-31,direct,direct,voluntary,monthly,22,3
2024-03-31,direct,direct,voluntary,monthly,23,1
2024-03-31,direct,direct,voluntary,monthly,24,5
2024-03-31,direct,direct,voluntary,monthly,25,2
2024-03-31,direct,direct,voluntary,monthly,26,2
2024-03-31,direct,direct,voluntary,monthly,27,2
2024-03-31,email,email,active_account,annual,28,236
2024-03-31,email,email,active_account,monthly,28,149
2024-03-31,email,email,payment_failed,annual,12,2
2024-03-31,email,email,payment_failed,annual,13,8
2024-03-31,email,email,payment_failed,annual,25,7
2024-03-31,email,email,payment_failed,monthly,2,1
2024-03-31,email,email,payment_failed,monthly,3,2
2024-03-31,email,email,payment_failed,monthly,4,2
2024-03-31,email,email,payment_failed,monthly,5,1
2024-03-31,email,email,payment_failed,monthly,6,1
2024-03-31,email,email,payment_failed,monthly,9,3
2024-03-31,email,email,payment_failed,monthly,11,1
2024-03-31,email,email,payment_failed,monthly,12,4
2024-03-31,email,email,payment_failed,monthly,13,1
2024-03-31,email,email,payment_failed,monthly,14,3
2024-03-31,email,email,payment_failed,monthly,15,3
2024-03-31,email,email,payment_failed,monthly,16,4
2024-03-31,email,email,payment_failed,monthly,17,2
2024-03-31,email,email,payment_failed,monthly,18,2
2024-03-31,email,email,payment_failed,monthly,19,1
2024-03-31,email,email,payment_failed,monthly,21,2
2024-03-31,email,email,payment_failed,monthly,23,3
2024-03-31,email,email,payment_failed,monthly,24,3
2024-03-31,email,email,payment_failed,monthly,25,3
2024-03-31,email,email,payment_failed,monthly,27,1
2024-03-31,email,email,voluntary,annual,12,29
2024-03-31,email,email,voluntary,annual,24,13
2024-03-31,email,email,voluntary,monthly,1,21
2024-03-31,email,email,voluntary,monthly,2,9
2024-03-31,email,email,voluntary,monthly,3,3
2024-03-31,email,email,voluntary,monthly,4,8
2024-03-31,email,email,voluntary,monthly,5,1
2024-03-31,email,email,voluntary,monthly,7,3
2024-03-31,email,email,voluntary,monthly,8,2
2024-03-31,email,email,voluntary,monthly,10,2
2024-03-31,email,email,voluntary,monthly,11,3
2024-03-31,email,email,voluntary,monthly,12,2
2024-03-31,email,email,voluntary,monthly,13,6
2024-03-31,email,email,voluntary,monthly,14,1
2024-03-31,email,email,voluntary,monthly,16,1
2024-03-31,email,email,voluntary,monthly,21,1
2024-03-31,email,email,voluntary,monthly,23,1
2024-03-31,email,email,voluntary,monthly,24,2
2024-03-31,email,email,voluntary,monthly,25,1
2024-03-31,organic_search,organic_search,active_account,annual,28,103
2024-03-31,organic_search,organic_search,active_account,monthly,28,178
2024-03-31,organic_search,organic_search,payment_failed,annual,12,1
2024-03-31,organic_search,organic_search,payment_failed,annual,13,8
2024-03-31,organic_search,organic_search,payment_failed,monthly,2,8
2024-03-31,organic_search,organic_search,payment_failed,monthly,3,6
2024-03-31,organic_search,organic_search,payment_failed,monthly,4,3
2024-03-31,organic_search,organic_search,payment_failed,monthly,5,5
2024-03-31,organic_search,organic_search,payment_failed,monthly,6,6
2024-03-31,organic_search,organic_search,payment_failed,monthly,7,5
2024-03-31,organic_search,organic_search,payment_failed,monthly,8,3
2024-03-31,organic_search,organic_search,payment_failed,monthly,9,3
2024-03-31,organic_search,organic_search,payment_failed,monthly,10,3
2024-03-31,organic_search,organic_search,payment_failed,monthly,11,6
2024-03-31,organic_search,organic_search,payment_failed,monthly,12,1
2024-03-31,organic_search,organic_search,payment_failed,monthly,13,4
2024-03-31,organic_search,organic_search,payment_failed,monthly,14,1
2024-03-31,organic_search,organic_search,payment_failed,monthly,15,5
2024-03-31,organic_search,organic_search,payment_failed,monthly,16,2
2024-03-31,organic_search,organic_search,payment_failed,monthly,17,1
2024-03-31,organic_search,organic_search,payment_failed,monthly,18,1
2024-03-31,organic_search,organic_search,payment_failed,monthly,19,4
2024-03-31,organic_search,organic_search,payment_failed,monthly,20,2
2024-03-31,organic_search,organic_search,payment_failed,monthly,21,4
2024-03-31,organic_search,organic_search,payment_failed,monthly,22,3
2024-03-31,organic_search,organic_search,payment_failed,monthly,23,2
2024-03-31,organic_search,organic_search,payment_failed,monthly,24,2
2024-03-31,organic_search,organic_search,payment_failed,monthly,25,1
2024-03-31,organic_search,organic_search,payment_failed,monthly,26,3
2024-03-31,organic_search,organic_search,payment_failed,monthly,27,2
2024-03-31,organic_search,organic_search,voluntary,annual,12,41
2024-03-31,organic_search,organic_search,voluntary,annual,24,11
2024-03-31,organic_search,organic_search,voluntary,monthly,1,69
2024-03-31,organic_search,organic_search,voluntary,monthly,2,33
2024-03-31,organic_search,organic_search,voluntary,monthly,3,16
2024-03-31,organic_search,organic_search,voluntary,monthly,4,10
2024-03-31,organic_search,organic_search,voluntary,monthly,5,9
2024-03-31,organic_search,organic_search,voluntary,monthly,6,8
2024-03-31,organic_search,organic_search,voluntary,monthly,7,4
2024-03-31,organic_search,organic_search,voluntary,monthly,8,4
2024-03-31,organic_search,organic_search,voluntary,monthly,9,3
2024-03-31,organic_search,organic_search,voluntary,monthly,10,3
2024-03-31,organic_search,organic_search,voluntary,monthly,11,1
2024-03-31,organic_search,organic_search,voluntary,monthly,12,2
2024-03-31,organic_search,organic_search,voluntary,monthly,14,1
2024-03-31,organic_search,organic_search,voluntary,monthly,15,2
2024-03-31,organic_search,organic_search,voluntary,monthly,16,1
2024-03-31,organic_search,organic_search,voluntary,monthly,17,2
2024-03-31,organic_search,organic_search,voluntary,monthly,18,3
2024-03-31,organic_search,organic_search,voluntary,monthly,19,1
2024-03-31,organic_search,organic_search,voluntary,monthly,20,6
2024-03-31,organic_search,organic_search,voluntary,monthly,21,1
2024-03-31,organic_search,organic_search,voluntary,monthly,23,1
2024-03-31,organic_search,organic_search,voluntary,monthly,24,3
2024-03-31,organic_search,organic_search,voluntary,monthly,25,2
2024-03-31,organic_search,organic_search,voluntary,monthly,26,2
2024-03-31,organic_search,organic_search,voluntary,monthly,27,1
2024-03-31,organic_social,organic_social,active_account,annual,28,19
2024-03-31,organic_social,organic_social,active_account,monthly,28,71
2024-03-31,organic_social,organic_social,payment_failed,annual,13,2
2024-03-31,organic_social,organic_social,payment_failed,annual,25,3
2024-03-31,organic_social,organic_social,payment_failed,monthly,2,1
2024-03-31,organic_social,organic_social,payment_failed,monthly,3,2
2024-03-31,organic_social,organic_social,payment_failed,monthly,4,1
2024-03-31,organic_social,organic_social,payment_failed,monthly,6,2
2024-03-31,organic_social,organic_social,payment_failed,monthly,9,3
2024-03-31,organic_social,organic_social,payment_failed,monthly,10,1
2024-03-31,organic_social,organic_social,payment_failed,monthly,11,2
2024-03-31,organic_social,organic_social,payment_failed,monthly,13,2
2024-03-31,organic_social,organic_social,payment_failed,monthly,15,2
2024-03-31,organic_social,organic_social,payment_failed,monthly,16,2
2024-03-31,organic_social,organic_social,payment_failed,monthly,19,1
2024-03-31,organic_social,organic_social,payment_failed,monthly,20,1
2024-03-31,organic_social,organic_social,voluntary,annual,12,20
2024-03-31,organic_social,organic_social,voluntary,annual,24,2
2024-03-31,organic_social,organic_social,voluntary,monthly,1,59
2024-03-31,organic_social,organic_social,voluntary,monthly,2,21
2024-03-31,organic_social,organic_social,voluntary,monthly,3,12
2024-03-31,organic_social,organic_social,voluntary,monthly,4,9
2024-03-31,organic_social,organic_social,voluntary,monthly,5,6
2024-03-31,organic_social,organic_social,voluntary,monthly,6,1
2024-03-31,organic_social,organic_social,voluntary,monthly,7,2
2024-03-31,organic_social,organic_social,voluntary,monthly,8,5
2024-03-31,organic_social,organic_social,voluntary,monthly,9,1
2024-03-31,organic_social,organic_social,voluntary,monthly,10,2
2024-03-31,organic_social,organic_social,voluntary,monthly,11,2
2024-03-31,organic_social,organic_social,voluntary,monthly,12,1
2024-03-31,organic_social,organic_social,voluntary,monthly,14,2
2024-03-31,organic_social,organic_social,voluntary,monthly,15,2
2024-03-31,organic_social,organic_social,voluntary,monthly,16,1
2024-03-31,organic_social,organic_social,voluntary,monthly,17,2
2024-03-31,organic_social,organic_social,voluntary,monthly,18,1
2024-03-31,organic_social,organic_social,voluntary,monthly,21,1
2024-03-31,organic_social,organic_social,voluntary,monthly,24,1
2024-03-31,organic_social,organic_social,voluntary,monthly,27,1
2024-03-31,paid_social,paid_social-lookalike_subscribers,active_account,annual,28,49
2024-03-31,paid_social,paid_social-lookalike_subscribers,active_account,monthly,28,69
2024-03-31,paid_social,paid_social-lookalike_subscribers,payment_failed,annual,12,1
2024-03-31,paid_social,paid_social-lookalike_subscribers,payment_failed,annual,13,1
2024-03-31,paid_social,paid_social-lookalike_subscribers,payment_failed,annual,25,6
2024-03-31,paid_social,paid_social-lookalike_subscribers,payment_failed,monthly,2,1
2024-03-31,paid_social,paid_social-lookalike_subscribers,payment_failed,monthly,3,1
2024-03-31,paid_social,paid_social-lookalike_subscribers,payment_failed,monthly,4,2
2024-03-31,paid_social,paid_social-lookalike_subscribers,payment_failed,monthly,5,2
2024-03-31,paid_social,paid_social-lookalike_subscribers,payment_failed,monthly,6,3
2024-03-31,paid_social,paid_social-lookalike_subscribers,payment_failed,monthly,8,2
2024-03-31,paid_social,paid_social-lookalike_subscribers,payment_failed,monthly,9,1
2024-03-31,paid_social,paid_social-lookalike_subscribers,payment_failed,monthly,12,2
2024-03-31,paid_social,paid_social-lookalike_subscribers,payment_failed,monthly,16,2
2024-03-31,paid_social,paid_social-lookalike_subscribers,payment_failed,monthly,17,1
2024-03-31,paid_social,paid_social-lookalike_subscribers,payment_failed,monthly,21,1
2024-03-31,paid_social,paid_social-lookalike_subscribers,payment_failed,monthly,23,2
2024-03-31,paid_social,paid_social-lookalike_subscribers,payment_failed,monthly,25,1
2024-03-31,paid_social,paid_social-lookalike_subscribers,payment_failed,monthly,27,2
2024-03-31,paid_social,paid_social-lookalike_subscribers,voluntary,annual,12,18
2024-03-31,paid_social,paid_social-lookalike_subscribers,voluntary,annual,24,5
2024-03-31,paid_social,paid_social-lookalike_subscribers,voluntary,monthly,1,28
2024-03-31,paid_social,paid_social-lookalike_subscribers,voluntary,monthly,2,14
2024-03-31,paid_social,paid_social-lookalike_subscribers,voluntary,monthly,3,8
2024-03-31,paid_social,paid_social-lookalike_subscribers,voluntary,monthly,4,8
2024-03-31,paid_social,paid_social-lookalike_subscribers,voluntary,monthly,5,3
2024-03-31,paid_social,paid_social-lookalike_subscribers,voluntary,monthly,6,4
2024-03-31,paid_social,paid_social-lookalike_subscribers,voluntary,monthly,7,2
2024-03-31,paid_social,paid_social-lookalike_subscribers,voluntary,monthly,8,3
2024-03-31,paid_social,paid_social-lookalike_subscribers,voluntary,monthly,11,1
2024-03-31,paid_social,paid_social-lookalike_subscribers,voluntary,monthly,12,1
2024-03-31,paid_social,paid_social-lookalike_subscribers,voluntary,monthly,14,1
2024-03-31,paid_social,paid_social-lookalike_subscribers,voluntary,monthly,16,1
2024-03-31,paid_social,paid_social-lookalike_subscribers,voluntary,monthly,17,1
2024-03-31,paid_social,paid_social-lookalike_subscribers,voluntary,monthly,25,2
2024-03-31,paid_social,paid_social-lookalike_subscribers,voluntary,monthly,27,1
2024-03-31,paid_social,paid_social-prospecting_broad,active_account,annual,28,27
2024-03-31,paid_social,paid_social-prospecting_broad,active_account,monthly,28,82
2024-03-31,paid_social,paid_social-prospecting_broad,payment_failed,annual,12,2
2024-03-31,paid_social,paid_social-prospecting_broad,payment_failed,annual,13,5
2024-03-31,paid_social,paid_social-prospecting_broad,payment_failed,annual,25,2
2024-03-31,paid_social,paid_social-prospecting_broad,payment_failed,monthly,2,12
2024-03-31,paid_social,paid_social-prospecting_broad,payment_failed,monthly,3,2
2024-03-31,paid_social,paid_social-prospecting_broad,payment_failed,monthly,4,4
2024-03-31,paid_social,paid_social-prospecting_broad,payment_failed,monthly,5,2
2024-03-31,paid_social,paid_social-prospecting_broad,payment_failed,monthly,6,2
2024-03-31,paid_social,paid_social-prospecting_broad,payment_failed,monthly,7,3
2024-03-31,paid_social,paid_social-prospecting_broad,payment_failed,monthly,8,2
2024-03-31,paid_social,paid_social-prospecting_broad,payment_failed,monthly,9,3
2024-03-31,paid_social,paid_social-prospecting_broad,payment_failed,monthly,10,6
2024-03-31,paid_social,paid_social-prospecting_broad,payment_failed,monthly,11,2
2024-03-31,paid_social,paid_social-prospecting_broad,payment_failed,monthly,12,1
2024-03-31,paid_social,paid_social-prospecting_broad,payment_failed,monthly,13,3
2024-03-31,paid_social,paid_social-prospecting_broad,payment_failed,monthly,14,2
2024-03-31,paid_social,paid_social-prospecting_broad,payment_failed,monthly,15,2
2024-03-31,paid_social,paid_social-prospecting_broad,payment_failed,monthly,16,3
2024-03-31,paid_social,paid_social-prospecting_broad,payment_failed,monthly,17,1
2024-03-31,paid_social,paid_social-prospecting_broad,payment_failed,monthly,18,1
2024-03-31,paid_social,paid_social-prospecting_broad,payment_failed,monthly,19,1
2024-03-31,paid_social,paid_social-prospecting_broad,payment_failed,monthly,20,3
2024-03-31,paid_social,paid_social-prospecting_broad,payment_failed,monthly,21,1
2024-03-31,paid_social,paid_social-prospecting_broad,payment_failed,monthly,23,2
2024-03-31,paid_social,paid_social-prospecting_broad,payment_failed,monthly,24,1
2024-03-31,paid_social,paid_social-prospecting_broad,payment_failed,monthly,25,1
2024-03-31,paid_social,paid_social-prospecting_broad,payment_failed,monthly,26,1
2024-03-31,paid_social,paid_social-prospecting_broad,voluntary,annual,12,34
2024-03-31,paid_social,paid_social-prospecting_broad,voluntary,annual,24,5
2024-03-31,paid_social,paid_social-prospecting_broad,voluntary,monthly,1,93
2024-03-31,paid_social,paid_social-prospecting_broad,voluntary,monthly,2,34
2024-03-31,paid_social,paid_social-prospecting_broad,voluntary,monthly,3,29
2024-03-31,paid_social,paid_social-prospecting_broad,voluntary,monthly,4,13
2024-03-31,paid_social,paid_social-prospecting_broad,voluntary,monthly,5,9
2024-03-31,paid_social,paid_social-prospecting_broad,voluntary,monthly,6,8
2024-03-31,paid_social,paid_social-prospecting_broad,voluntary,monthly,7,8
2024-03-31,paid_social,paid_social-prospecting_broad,voluntary,monthly,8,1
2024-03-31,paid_social,paid_social-prospecting_broad,voluntary,monthly,9,3
2024-03-31,paid_social,paid_social-prospecting_broad,voluntary,monthly,10,3
2024-03-31,paid_social,paid_social-prospecting_broad,voluntary,monthly,11,2
2024-03-31,paid_social,paid_social-prospecting_broad,voluntary,monthly,12,4
2024-03-31,paid_social,paid_social-prospecting_broad,voluntary,monthly,13,3
2024-03-31,paid_social,paid_social-prospecting_broad,voluntary,monthly,14,1
2024-03-31,paid_social,paid_social-prospecting_broad,voluntary,monthly,15,1
2024-03-31,paid_social,paid_social-prospecting_broad,voluntary,monthly,16,3
2024-03-31,paid_social,paid_social-prospecting_broad,voluntary,monthly,17,1
2024-03-31,paid_social,paid_social-prospecting_broad,voluntary,monthly,18,1
2024-03-31,paid_social,paid_social-prospecting_broad,voluntary,monthly,20,2
2024-03-31,paid_social,paid_social-prospecting_broad,voluntary,monthly,22,1
2024-03-31,paid_social,paid_social-prospecting_broad,voluntary,monthly,23,1
2024-03-31,paid_social,paid_social-prospecting_broad,voluntary,monthly,26,1
2024-03-31,paid_social,paid_social-prospecting_broad,voluntary,monthly,27,1
2024-04-30,direct,direct,active_account,annual,27,202
2024-04-30,direct,direct,active_account,monthly,27,256
2024-04-30,direct,direct,payment_failed,annual,13,21
2024-04-30,direct,direct,payment_failed,annual,25,8
2024-04-30,direct,direct,payment_failed,monthly,2,11
2024-04-30,direct,direct,payment_failed,monthly,3,8
2024-04-30,direct,direct,payment_failed,monthly,4,7
2024-04-30,direct,direct,payment_failed,monthly,5,6
2024-04-30,direct,direct,payment_failed,monthly,6,4
2024-04-30,direct,direct,payment_failed,monthly,7,6
2024-04-30,direct,direct,payment_failed,monthly,8,4
2024-04-30,direct,direct,payment_failed,monthly,9,4
2024-04-30,direct,direct,payment_failed,monthly,10,3
2024-04-30,direct,direct,payment_failed,monthly,11,3
2024-04-30,direct,direct,payment_failed,monthly,12,3
2024-04-30,direct,direct,payment_failed,monthly,13,4
2024-04-30,direct,direct,payment_failed,monthly,14,3
2024-04-30,direct,direct,payment_failed,monthly,15,2
2024-04-30,direct,direct,payment_failed,monthly,16,1
2024-04-30,direct,direct,payment_failed,monthly,17,4
2024-04-30,direct,direct,payment_failed,monthly,18,4
2024-04-30,direct,direct,payment_failed,monthly,19,4
2024-04-30,direct,direct,payment_failed,monthly,20,2
2024-04-30,direct,direct,payment_failed,monthly,21,1
2024-04-30,direct,direct,payment_failed,monthly,22,1
2024-04-30,direct,direct,payment_failed,monthly,23,2
2024-04-30,direct,direct,payment_failed,monthly,24,5
2024-04-30,direct,direct,payment_failed,monthly,25,2
2024-04-30,direct,direct,payment_failed,monthly,26,4
2024-04-30,direct,direct,voluntary,annual,12,48
2024-04-30,direct,direct,voluntary,annual,24,16
2024-04-30,direct,direct,voluntary,monthly,1,61
2024-04-30,direct,direct,voluntary,monthly,2,33
2024-04-30,direct,direct,voluntary,monthly,3,20
2024-04-30,direct,direct,voluntary,monthly,4,16
2024-04-30,direct,direct,voluntary,monthly,5,20
2024-04-30,direct,direct,voluntary,monthly,6,8
2024-04-30,direct,direct,voluntary,monthly,7,6
2024-04-30,direct,direct,voluntary,monthly,8,6
2024-04-30,direct,direct,voluntary,monthly,9,4
2024-04-30,direct,direct,voluntary,monthly,10,6
2024-04-30,direct,direct,voluntary,monthly,11,5
2024-04-30,direct,direct,voluntary,monthly,12,2
2024-04-30,direct,direct,voluntary,monthly,13,6
2024-04-30,direct,direct,voluntary,monthly,14,5
2024-04-30,direct,direct,voluntary,monthly,15,1
2024-04-30,direct,direct,voluntary,monthly,16,1
2024-04-30,direct,direct,voluntary,monthly,17,3
2024-04-30,direct,direct,voluntary,monthly,18,2
2024-04-30,direct,direct,voluntary,monthly,19,1
2024-04-30,direct,direct,voluntary,monthly,20,2
2024-04-30,direct,direct,voluntary,monthly,21,3
2024-04-30,direct,direct,voluntary,monthly,22,2
2024-04-30,direct,direct,voluntary,monthly,23,2
2024-04-30,direct,direct,voluntary,monthly,24,2
2024-04-30,direct,direct,voluntary,monthly,25,3
2024-04-30,direct,direct,voluntary,monthly,26,1
2024-04-30,email,email,active_account,annual,27,203
2024-04-30,email,email,active_account,monthly,27,181
2024-04-30,email,email,payment_failed,annual,13,22
2024-04-30,email,email,payment_failed,annual,24,1
2024-04-30,email,email,payment_failed,annual,25,10
2024-04-30,email,email,payment_failed,monthly,2,2
2024-04-30,email,email,payment_failed,monthly,3,3
2024-04-30,email,email,payment_failed,monthly,4,3
2024-04-30,email,email,payment_failed,monthly,6,1
2024-04-30,email,email,payment_failed,monthly,7,4
2024-04-30,email,email,payment_failed,monthly,8,2
2024-04-30,email,email,payment_failed,monthly,9,1
2024-04-30,email,email,payment_failed,monthly,10,3
2024-04-30,email,email,payment_failed,monthly,11,3
2024-04-30,email,email,payment_failed,monthly,12,1
2024-04-30,email,email,payment_failed,monthly,13,2
2024-04-30,email,email,payment_failed,monthly,15,3
2024-04-30,email,email,payment_failed,monthly,16,3
2024-04-30,email,email,payment_failed,monthly,17,2
2024-04-30,email,email,payment_failed,monthly,18,1
2024-04-30,email,email,payment_failed,monthly,19,1
2024-04-30,email,email,payment_failed,monthly,20,1
2024-04-30,email,email,payment_failed,monthly,21,1
2024-04-30,email,email,payment_failed,monthly,22,1
2024-04-30,email,email,payment_failed,monthly,24,1
2024-04-30,email,email,payment_failed,monthly,25,1
2024-04-30,email,email,payment_failed,monthly,26,2
2024-04-30,email,email,voluntary,annual,12,34
2024-04-30,email,email,voluntary,annual,24,13
2024-04-30,email,email,voluntary,monthly,1,13
2024-04-30,email,email,voluntary,monthly,2,5
2024-04-30,email,email,voluntary,monthly,3,8
2024-04-30,email,email,voluntary,monthly,4,5
2024-04-30,email,email,voluntary,monthly,5,3
2024-04-30,email,email,voluntary,monthly,6,2
2024-04-30,email,email,voluntary,monthly,7,2
2024-04-30,email,email,voluntary,monthly,8,3
2024-04-30,email,email,voluntary,monthly,9,1
2024-04-30,email,email,voluntary,monthly,10,2
2024-04-30,email,email,voluntary,monthly,11,2
2024-04-30,email,email,voluntary,monthly,12,1
2024-04-30,email,email,voluntary,monthly,13,1
2024-04-30,email,email,voluntary,monthly,14,1
2024-04-30,email,email,voluntary,monthly,15,1
2024-04-30,email,email,voluntary,monthly,16,2
2024-04-30,email,email,voluntary,monthly,18,1
2024-04-30,email,email,voluntary,monthly,20,2
2024-04-30,email,email,voluntary,monthly,23,2
2024-04-30,email,email,voluntary,monthly,24,3
2024-04-30,email,email,voluntary,monthly,26,1
2024-04-30,organic_search,organic_search,active_account,annual,27,110
2024-04-30,organic_search,organic_search,active_account,monthly,27,199
2024-04-30,organic_search,organic_search,payment_failed,annual,12,2
2024-04-30,organic_search,organic_search,payment_failed,annual,13,11
2024-04-30,organic_search,organic_search,payment_failed,annual,24,1
2024-04-30,organic_search,organic_search,payment_failed,annual,25,3
2024-04-30,organic_search,organic_search,payment_failed,monthly,2,5
2024-04-30,organic_search,organic_search,payment_failed,monthly,3,5
2024-04-30,organic_search,organic_search,payment_failed,monthly,4,3
2024-04-30,organic_search,organic_search,payment_failed,monthly,5,4
2024-04-30,organic_search,organic_search,payment_failed,monthly,6,5
2024-04-30,organic_search,organic_search,payment_failed,monthly,7,3
2024-04-30,organic_search,organic_search,payment_failed,monthly,8,3
2024-04-30,organic_search,organic_search,payment_failed,monthly,9,3
2024-04-30,organic_search,organic_search,payment_failed,monthly,10,5
2024-04-30,organic_search,organic_search,payment_failed,monthly,11,3
2024-04-30,organic_search,organic_search,payment_failed,monthly,12,1
2024-04-30,organic_search,organic_search,payment_failed,monthly,13,1
2024-04-30,organic_search,organic_search,payment_failed,monthly,14,1
2024-04-30,organic_search,organic_search,payment_failed,monthly,15,1
2024-04-30,organic_search,organic_search,payment_failed,monthly,16,2
2024-04-30,organic_search,organic_search,payment_failed,monthly,17,1
2024-04-30,organic_search,organic_search,payment_failed,monthly,18,3
2024-04-30,organic_search,organic_search,payment_failed,monthly,19,3
2024-04-30,organic_search,organic_search,payment_failed,monthly,20,1
2024-04-30,organic_search,organic_search,payment_failed,monthly,21,2
2024-04-30,organic_search,organic_search,payment_failed,monthly,22,2
2024-04-30,organic_search,organic_search,payment_failed,monthly,23,1
2024-04-30,organic_search,organic_search,payment_failed,monthly,24,2
2024-04-30,organic_search,organic_search,payment_failed,monthly,25,1
2024-04-30,organic_search,organic_search,payment_failed,monthly,26,3
2024-04-30,organic_search,organic_search,voluntary,annual,12,41
2024-04-30,organic_search,organic_search,voluntary,annual,24,10
2024-04-30,organic_search,organic_search,voluntary,monthly,1,58
2024-04-30,organic_search,organic_search,voluntary,monthly,2,24
2024-04-30,organic_search,organic_search,voluntary,monthly,3,22
2024-04-30,organic_search,organic_search,voluntary,monthly,4,12
2024-04-30,organic_search,organic_search,voluntary,monthly,5,8
2024-04-30,organic_search,organic_search,voluntary,monthly,6,8
2024-04-30,organic_search,organic_search,voluntary,monthly,7,5
2024-04-30,organic_search,organic_search,voluntary,monthly,8,5
2024-04-30,organic_search,organic_search,voluntary,monthly,9,6
2024-04-30,organic_search,organic_search,voluntary,monthly,10,3
2024-04-30,organic_search,organic_search,voluntary,monthly,11,3
2024-04-30,organic_search,organic_search,voluntary,monthly,12,1
2024-04-30,organic_search,organic_search,voluntary,monthly,13,1
2024-04-30,organic_search,organic_search,voluntary,monthly,14,2
2024-04-30,organic_search,organic_search,voluntary,monthly,15,2
2024-04-30,organic_search,organic_search,voluntary,monthly,17,1
2024-04-30,organic_search,organic_search,voluntary,monthly,18,2
2024-04-30,organic_search,organic_search,voluntary,monthly,20,3
2024-04-30,organic_search,organic_search,voluntary,monthly,21,1
2024-04-30,organic_search,organic_search,voluntary,monthly,23,1
2024-04-30,organic_search,organic_search,voluntary,monthly,24,1
2024-04-30,organic_search,organic_search,voluntary,monthly,25,1
2024-04-30,organic_social,organic_social,active_account,annual,27,21
2024-04-30,organic_social,organic_social,active_account,monthly,27,69
2024-04-30,organic_social,organic_social,payment_failed,annual,13,5
2024-04-30,organic_social,organic_social,payment_failed,annual,25,1
2024-04-30,organic_social,organic_social,payment_failed,monthly,2,4
2024-04-30,organic_social,organic_social,payment_failed,monthly,3,4
2024-04-30,organic_social,organic_social,payment_failed,monthly,4,4
2024-04-30,organic_social,organic_social,payment_failed,monthly,5,4
2024-04-30,organic_social,organic_social,payment_failed,monthly,6,2
2024-04-30,organic_social,organic_social,payment_failed,monthly,7,4
2024-04-30,organic_social,organic_social,payment_failed,monthly,8,1
2024-04-30,organic_social,organic_social,payment_failed,monthly,9,1
2024-04-30,organic_social,organic_social,payment_failed,monthly,10,2
2024-04-30,organic_social,organic_social,payment_failed,monthly,11,1
2024-04-30,organic_social,organic_social,payment_failed,monthly,12,4
2024-04-30,organic_social,organic_social,payment_failed,monthly,13,1
2024-04-30,organic_social,organic_social,payment_failed,monthly,15,2
2024-04-30,organic_social,organic_social,payment_failed,monthly,16,2
2024-04-30,organic_social,organic_social,payment_failed,monthly,17,2
2024-04-30,organic_social,organic_social,payment_failed,monthly,18,1
2024-04-30,organic_social,organic_social,payment_failed,monthly,20,1
2024-04-30,organic_social,organic_social,payment_failed,monthly,21,1
2024-04-30,organic_social,organic_social,payment_failed,monthly,22,1
2024-04-30,organic_social,organic_social,payment_failed,monthly,23,1
2024-04-30,organic_social,organic_social,payment_failed,monthly,24,2
2024-04-30,organic_social,organic_social,payment_failed,monthly,25,1
2024-04-30,organic_social,organic_social,payment_failed,monthly,26,1
2024-04-30,organic_social,organic_social,voluntary,annual,12,20
2024-04-30,organic_social,organic_social,voluntary,annual,24,5
2024-04-30,organic_social,organic_social,voluntary,monthly,1,83
2024-04-30,organic_social,organic_social,voluntary,monthly,2,27
2024-04-30,organic_social,organic_social,voluntary,monthly,3,8
2024-04-30,organic_social,organic_social,voluntary,monthly,4,9
2024-04-30,organic_social,organic_social,voluntary,monthly,5,7
2024-04-30,organic_social,organic_social,voluntary,monthly,6,5
2024-04-30,organic_social,organic_social,voluntary,monthly,7,4
2024-04-30,organic_social,organic_social,voluntary,monthly,8,5
2024-04-30,organic_social,organic_social,voluntary,monthly,9,3
2024-04-30,organic_social,organic_social,voluntary,monthly,10,2
2024-04-30,organic_social,organic_social,voluntary,monthly,11,2
2024-04-30,organic_social,organic_social,voluntary,monthly,12,3
2024-04-30,organic_social,organic_social,voluntary,monthly,13,1
2024-04-30,organic_social,organic_social,voluntary,monthly,14,1
2024-04-30,organic_social,organic_social,voluntary,monthly,16,2
2024-04-30,organic_social,organic_social,voluntary,monthly,17,1
2024-04-30,organic_social,organic_social,voluntary,monthly,18,1
2024-04-30,organic_social,organic_social,voluntary,monthly,20,1
2024-04-30,organic_social,organic_social,voluntary,monthly,21,1
2024-04-30,organic_social,organic_social,voluntary,monthly,23,1
2024-04-30,paid_social,paid_social-lookalike_subscribers,active_account,annual,27,51
2024-04-30,paid_social,paid_social-lookalike_subscribers,active_account,monthly,27,73
2024-04-30,paid_social,paid_social-lookalike_subscribers,payment_failed,annual,13,9
2024-04-30,paid_social,paid_social-lookalike_subscribers,payment_failed,annual,25,1
2024-04-30,paid_social,paid_social-lookalike_subscribers,payment_failed,monthly,1,1
2024-04-30,paid_social,paid_social-lookalike_subscribers,payment_failed,monthly,2,5
2024-04-30,paid_social,paid_social-lookalike_subscribers,payment_failed,monthly,3,2
2024-04-30,paid_social,paid_social-lookalike_subscribers,payment_failed,monthly,4,2
2024-04-30,paid_social,paid_social-lookalike_subscribers,payment_failed,monthly,5,3
2024-04-30,paid_social,paid_social-lookalike_subscribers,payment_failed,monthly,7,1
2024-04-30,paid_social,paid_social-lookalike_subscribers,payment_failed,monthly,8,2
2024-04-30,paid_social,paid_social-lookalike_subscribers,payment_failed,monthly,10,1
2024-04-30,paid_social,paid_social-lookalike_subscribers,payment_failed,monthly,12,1
2024-04-30,paid_social,paid_social-lookalike_subscribers,payment_failed,monthly,13,1
2024-04-30,paid_social,paid_social-lookalike_subscribers,payment_failed,monthly,14,1
2024-04-30,paid_social,paid_social-lookalike_subscribers,payment_failed,monthly,17,2
2024-04-30,paid_social,paid_social-lookalike_subscribers,payment_failed,monthly,21,1
2024-04-30,paid_social,paid_social-lookalike_subscribers,payment_failed,monthly,23,1
2024-04-30,paid_social,paid_social-lookalike_subscribers,payment_failed,monthly,24,1
2024-04-30,paid_social,paid_social-lookalike_subscribers,voluntary,annual,12,20
2024-04-30,paid_social,paid_social-lookalike_subscribers,voluntary,annual,24,5
2024-04-30,paid_social,paid_social-lookalike_subscribers,voluntary,monthly,1,28
2024-04-30,paid_social,paid_social-lookalike_subscribers,voluntary,monthly,2,4
2024-04-30,paid_social,paid_social-lookalike_subscribers,voluntary,monthly,3,6
2024-04-30,paid_social,paid_social-lookalike_subscribers,voluntary,monthly,4,3
2024-04-30,paid_social,paid_social-lookalike_subscribers,voluntary,monthly,5,5
2024-04-30,paid_social,paid_social-lookalike_subscribers,voluntary,monthly,6,4
2024-04-30,paid_social,paid_social-lookalike_subscribers,voluntary,monthly,7,1
2024-04-30,paid_social,paid_social-lookalike_subscribers,voluntary,monthly,9,1
2024-04-30,paid_social,paid_social-lookalike_subscribers,voluntary,monthly,10,3
2024-04-30,paid_social,paid_social-lookalike_subscribers,voluntary,monthly,12,1
2024-04-30,paid_social,paid_social-lookalike_subscribers,voluntary,monthly,18,2
2024-04-30,paid_social,paid_social-lookalike_subscribers,voluntary,monthly,19,1
2024-04-30,paid_social,paid_social-lookalike_subscribers,voluntary,monthly,22,1
2024-04-30,paid_social,paid_social-lookalike_subscribers,voluntary,monthly,24,1
2024-04-30,paid_social,paid_social-lookalike_subscribers,voluntary,monthly,25,1
2024-04-30,paid_social,paid_social-lookalike_subscribers,voluntary,monthly,26,1
2024-04-30,paid_social,paid_social-prospecting_broad,active_account,annual,27,33
2024-04-30,paid_social,paid_social-prospecting_broad,active_account,monthly,27,87
2024-04-30,paid_social,paid_social-prospecting_broad,payment_failed,annual,13,5
2024-04-30,paid_social,paid_social-prospecting_broad,payment_failed,annual,25,2
2024-04-30,paid_social,paid_social-prospecting_broad,payment_failed,monthly,2,6
2024-04-30,paid_social,paid_social-prospecting_broad,payment_failed,monthly,3,7
2024-04-30,paid_social,paid_social-prospecting_broad,payment_failed,monthly,4,6
2024-04-30,paid_social,paid_social-prospecting_broad,payment_failed,monthly,5,4
2024-04-30,paid_social,paid_social-prospecting_broad,payment_failed,monthly,6,3
2024-04-30,paid_social,paid_social-prospecting_broad,payment_failed,monthly,7,2
2024-04-30,paid_social,paid_social-prospecting_broad,payment_failed,monthly,8,5
2024-04-30,paid_social,paid_social-prospecting_broad,payment_failed,monthly,9,2
2024-04-30,paid_social,paid_social-prospecting_broad,payment_failed,monthly,10,2
2024-04-30,paid_social,paid_social-prospecting_broad,payment_failed,monthly,11,1
2024-04-30,paid_social,paid_social-prospecting_broad,payment_failed,monthly,12,1
2024-04-30,paid_social,paid_social-prospecting_broad,payment_failed,monthly,13,3
2024-04-30,paid_social,paid_social-prospecting_broad,payment_failed,monthly,14,4
2024-04-30,paid_social,paid_social-prospecting_broad,payment_failed,monthly,15,3
2024-04-30,paid_social,paid_social-prospecting_broad,payment_failed,monthly,16,4
2024-04-30,paid_social,paid_social-prospecting_broad,payment_failed,monthly,17,1
2024-04-30,paid_social,paid_social-prospecting_broad,payment_failed,monthly,18,1
2024-04-30,paid_social,paid_social-prospecting_broad,payment_failed,monthly,19,2
2024-04-30,paid_social,paid_social-prospecting_broad,payment_failed,monthly,20,3
2024-04-30,paid_social,paid_social-prospecting_broad,payment_failed,monthly,21,1
2024-04-30,paid_social,paid_social-prospecting_broad,payment_failed,monthly,22,3
2024-04-30,paid_social,paid_social-prospecting_broad,payment_failed,monthly,25,2
2024-04-30,paid_social,paid_social-prospecting_broad,voluntary,annual,12,41
2024-04-30,paid_social,paid_social-prospecting_broad,voluntary,annual,24,4
2024-04-30,paid_social,paid_social-prospecting_broad,voluntary,monthly,1,94
2024-04-30,paid_social,paid_social-prospecting_broad,voluntary,monthly,2,28
2024-04-30,paid_social,paid_social-prospecting_broad,voluntary,monthly,3,20
2024-04-30,paid_social,paid_social-prospecting_broad,voluntary,monthly,4,7
2024-04-30,paid_social,paid_social-prospecting_broad,voluntary,monthly,5,13
2024-04-30,paid_social,paid_social-prospecting_broad,voluntary,monthly,6,9
2024-04-30,paid_social,paid_social-prospecting_broad,voluntary,monthly,7,5
2024-04-30,paid_social,paid_social-prospecting_broad,voluntary,monthly,8,2
2024-04-30,paid_social,paid_social-prospecting_broad,voluntary,monthly,9,5
2024-04-30,paid_social,paid_social-prospecting_broad,voluntary,monthly,10,2
2024-04-30,paid_social,paid_social-prospecting_broad,voluntary,monthly,11,1
2024-04-30,paid_social,paid_social-prospecting_broad,voluntary,monthly,13,2
2024-04-30,paid_social,paid_social-prospecting_broad,voluntary,monthly,15,1
2024-04-30,paid_social,paid_social-prospecting_broad,voluntary,monthly,16,1
2024-04-30,paid_social,paid_social-prospecting_broad,voluntary,monthly,17,3
2024-04-30,paid_social,paid_social-prospecting_broad,voluntary,monthly,18,2
2024-04-30,paid_social,paid_social-prospecting_broad,voluntary,monthly,19,1
2024-04-30,paid_social,paid_social-prospecting_broad,voluntary,monthly,20,1
2024-04-30,paid_social,paid_social-prospecting_broad,voluntary,monthly,21,1
2024-04-30,paid_social,paid_social-prospecting_broad,voluntary,monthly,22,2
2024-04-30,paid_social,paid_social-prospecting_broad,voluntary,monthly,23,2
2024-04-30,paid_social,paid_social-prospecting_broad,voluntary,monthly,24,2
2024-04-30,paid_social,paid_social-prospecting_broad,voluntary,monthly,25,2
2024-05-31,direct,direct,active_account,annual,26,234
2024-05-31,direct,direct,active_account,monthly,26,283
2024-05-31,direct,direct,payment_failed,annual,12,1
2024-05-31,direct,direct,payment_failed,annual,13,16
2024-05-31,direct,direct,payment_failed,annual,24,3
2024-05-31,direct,direct,payment_failed,annual,25,4
2024-05-31,direct,direct,payment_failed,monthly,2,9
2024-05-31,direct,direct,payment_failed,monthly,3,9
2024-05-31,direct,direct,payment_failed,monthly,4,7
2024-05-31,direct,direct,payment_failed,monthly,5,7
2024-05-31,direct,direct,payment_failed,monthly,6,3
2024-05-31,direct,direct,payment_failed,monthly,7,7
2024-05-31,direct,direct,payment_failed,monthly,8,1
2024-05-31,direct,direct,payment_failed,monthly,9,5
2024-05-31,direct,direct,payment_failed,monthly,10,4
2024-05-31,direct,direct,payment_failed,monthly,11,3
2024-05-31,direct,direct,payment_failed,monthly,12,6
2024-05-31,direct,direct,payment_failed,monthly,13,6
2024-05-31,direct,direct,payment_failed,monthly,14,5
2024-05-31,direct,direct,payment_failed,monthly,15,8
2024-05-31,direct,direct,payment_failed,monthly,16,2
2024-05-31,direct,direct,payment_failed,monthly,17,1
2024-05-31,direct,direct,payment_failed,monthly,18,2
2024-05-31,direct,direct,payment_failed,monthly,19,2
2024-05-31,direct,direct,payment_failed,monthly,20,2
2024-05-31,direct,direct,payment_failed,monthly,21,1
2024-05-31,direct,direct,payment_failed,monthly,22,1
2024-05-31,direct,direct,payment_failed,monthly,23,1
2024-05-31,direct,direct,payment_failed,monthly,24,4
2024-05-31,direct,direct,voluntary,annual,12,65
2024-05-31,direct,direct,voluntary,annual,24,25
2024-05-31,direct,direct,voluntary,monthly,1,78
2024-05-31,direct,direct,voluntary,monthly,2,32
2024-05-31,direct,direct,voluntary,monthly,3,26
2024-05-31,direct,direct,voluntary,monthly,4,18
2024-05-31,direct,direct,voluntary,monthly,5,12
2024-05-31,direct,direct,voluntary,monthly,6,9
2024-05-31,direct,direct,voluntary,monthly,7,4
2024-05-31,direct,direct,voluntary,monthly,8,5
2024-05-31,direct,direct,voluntary,monthly,9,7
2024-05-31,direct,direct,voluntary,monthly,10,7
2024-05-31,direct,direct,voluntary,monthly,11,5
2024-05-31,direct,direct,voluntary,monthly,12,3
2024-05-31,direct,direct,voluntary,monthly,13,4
2024-05-31,direct,direct,voluntary,monthly,14,4
2024-05-31,direct,direct,voluntary,monthly,15,4
2024-05-31,direct,direct,voluntary,monthly,16,1
2024-05-31,direct,direct,voluntary,monthly,17,2
2024-05-31,direct,direct,voluntary,monthly,18,2
2024-05-31,direct,direct,voluntary,monthly,19,3
2024-05-31,direct,direct,voluntary,monthly,21,1
2024-05-31,direct,direct,voluntary,monthly,22,1
2024-05-31,direct,direct,voluntary,monthly,23,1
2024-05-31,direct,direct,voluntary,monthly,24,1
2024-05-31,direct,direct,voluntary,monthly,25,3
2024-05-31,email,email,active_account,annual,26,260
2024-05-31,email,email,active_account,monthly,26,166
2024-05-31,email,email,payment_failed,annual,12,2
2024-05-31,email,email,payment_failed,annual,13,12
2024-05-31,email,email,payment_failed,annual,25,7
2024-05-31,email,email,payment_failed,monthly,2,2
2024-05-31,email,email,payment_failed,monthly,3,2
2024-05-31,email,email,payment_failed,monthly,4,4
2024-05-31,email,email,payment_failed,monthly,5,2
2024-05-31,email,email,payment_failed,monthly,6,2
2024-05-31,email,email,payment_failed,monthly,8,1
2024-05-31,email,email,payment_failed,monthly,9,2
2024-05-31,email,email,payment_failed,monthly,10,4
2024-05-31,email,email,payment_failed,monthly,13,1
2024-05-31,email,email,payment_failed,monthly,14,3
2024-05-31,email,email,payment_failed,monthly,17,1
2024-05-31,email,email,payment_failed,monthly,19,1
2024-05-31,email,email,payment_failed,monthly,20,3
2024-05-31,email,email,payment_failed,monthly,21,3
2024-05-31,email,email,payment_failed,monthly,24,2
2024-05-31,email,email,payment_failed,monthly,25,1
2024-05-31,email,email,voluntary,annual,12,38
2024-05-31,email,email,voluntary,annual,24,14
2024-05-31,email,email,voluntary,monthly,1,25
2024-05-31,email,email,voluntary,monthly,2,16
2024-05-31,email,email,voluntary,monthly,3,7
2024-05-31,email,email,voluntary,monthly,4,3
2024-05-31,email,email,voluntary,monthly,5,2
2024-05-31,email,email,voluntary,monthly,6,6
2024-05-31,email,email,voluntary,monthly,7,6
2024-05-31,email,email,voluntary,monthly,8,5
2024-05-31,email,email,voluntary,monthly,9,2
2024-05-31,email,email,voluntary,monthly,10,4
2024-05-31,email,email,voluntary,monthly,11,1
2024-05-31,email,email,voluntary,monthly,12,1
2024-05-31,email,email,voluntary,monthly,16,1
2024-05-31,email,email,voluntary,monthly,17,2
2024-05-31,email,email,voluntary,monthly,21,2
2024-05-31,email,email,voluntary,monthly,22,1
2024-05-31,email,email,voluntary,monthly,24,2
2024-05-31,email,email,voluntary,monthly,25,2
2024-05-31,organic_search,organic_search,active_account,annual,26,111
2024-05-31,organic_search,organic_search,active_account,monthly,26,182
2024-05-31,organic_search,organic_search,payment_failed,annual,12,1
2024-05-31,organic_search,organic_search,payment_failed,annual,13,7
2024-05-31,organic_search,organic_search,payment_failed,annual,25,4
2024-05-31,organic_search,organic_search,payment_failed,monthly,2,8
2024-05-31,organic_search,organic_search,payment_failed,monthly,3,8
2024-05-31,organic_search,organic_search,payment_failed,monthly,4,6
2024-05-31,organic_search,organic_search,payment_failed,monthly,5,2
2024-05-31,organic_search,organic_search,payment_failed,monthly,6,5
2024-05-31,organic_search,organic_search,payment_failed,monthly,7,5
2024-05-31,organic_search,organic_search,payment_failed,monthly,8,5
2024-05-31,organic_search,organic_search,payment_failed,monthly,9,5
2024-05-31,organic_search,organic_search,payment_failed,monthly,10,8
2024-05-31,organic_search,organic_search,payment_failed,monthly,11,4
2024-05-31,organic_search,organic_search,payment_failed,monthly,12,1
2024-05-31,organic_search,organic_search,payment_failed,monthly,13,3
2024-05-31,organic_search,organic_search,payment_failed,monthly,14,3
2024-05-31,organic_search,organic_search,payment_failed,monthly,15,3
2024-05-31,organic_search,organic_search,payment_failed,monthly,16,3
2024-05-31,organic_search,organic_search,payment_failed,monthly,17,3
2024-05-31,organic_search,organic_search,payment_failed,monthly,18,5
2024-05-31,organic_search,organic_search,payment_failed,monthly,19,1
2024-05-31,organic_search,organic_search,payment_failed,monthly,20,1
2024-05-31,organic_search,organic_search,payment_failed,monthly,21,1
2024-05-31,organic_search,organic_search,payment_failed,monthly,22,1
2024-05-31,organic_search,organic_search,payment_failed,monthly,23,1
2024-05-31,organic_search,organic_search,payment_failed,monthly,25,1
2024-05-31,organic_search,organic_search,voluntary,annual,12,47
2024-05-31,organic_search,organic_search,voluntary,annual,24,12
2024-05-31,organic_search,organic_search,voluntary,monthly,1,58
2024-05-31,organic_search,organic_search,voluntary,monthly,2,28
2024-05-31,organic_search,organic_search,voluntary,monthly,3,29
2024-05-31,organic_search,organic_search,voluntary,monthly,4,15
2024-05-31,organic_search,organic_search,voluntary,monthly,5,4
2024-05-31,organic_search,organic_search,voluntary,monthly,6,5
2024-05-31,organic_search,organic_search,voluntary,monthly,7,8
2024-05-31,organic_search,organic_search,voluntary,monthly,8,3
2024-05-31,organic_search,organic_search,voluntary,monthly,9,3
2024-05-31,organic_search,organic_search,voluntary,monthly,10,2
2024-05-31,organic_search,organic_search,voluntary,monthly,11,1
2024-05-31,organic_search,organic_search,voluntary,monthly,12,3
2024-05-31,organic_search,organic_search,voluntary,monthly,13,4
2024-05-31,organic_search,organic_search,voluntary,monthly,14,4
2024-05-31,organic_search,organic_search,voluntary,monthly,15,2
2024-05-31,organic_search,organic_search,voluntary,monthly,16,3
2024-05-31,organic_search,organic_search,voluntary,monthly,18,2
2024-05-31,organic_search,organic_search,voluntary,monthly,19,3
2024-05-31,organic_search,organic_search,voluntary,monthly,20,2
2024-05-31,organic_search,organic_search,voluntary,monthly,21,2
2024-05-31,organic_search,organic_search,voluntary,monthly,22,3
2024-05-31,organic_search,organic_search,voluntary,monthly,23,1
2024-05-31,organic_search,organic_search,voluntary,monthly,24,2
2024-05-31,organic_social,organic_social,active_account,annual,26,25
2024-05-31,organic_social,organic_social,active_account,monthly,26,61
2024-05-31,organic_social,organic_social,payment_failed,annual,13,3
2024-05-31,organic_social,organic_social,payment_failed,annual,25,2
2024-05-31,organic_social,organic_social,payment_failed,monthly,2,5
2024-05-31,organic_social,organic_social,payment_failed,monthly,3,3
2024-05-31,organic_social,organic_social,payment_failed,monthly,4,4
2024-05-31,organic_social,organic_social,payment_failed,monthly,5,1
2024-05-31,organic_social,organic_social,payment_failed,monthly,7,1
2024-05-31,organic_social,organic_social,payment_failed,monthly,8,3
2024-05-31,organic_social,organic_social,payment_failed,monthly,9,1
2024-05-31,organic_social,organic_social,payment_failed,monthly,10,2
2024-05-31,organic_social,organic_social,payment_failed,monthly,11,1
2024-05-31,organic_social,organic_social,payment_failed,monthly,12,1
2024-05-31,organic_social,organic_social,payment_failed,monthly,13,3
2024-05-31,organic_social,organic_social,payment_failed,monthly,15,3
2024-05-31,organic_social,organic_social,payment_failed,monthly,16,2
2024-05-31,organic_social,organic_social,payment_failed,monthly,18,2
2024-05-31,organic_social,organic_social,payment_failed,monthly,19,1
2024-05-31,organic_social,organic_social,payment_failed,monthly,21,1
2024-05-31,organic_social,organic_social,payment_failed,monthly,24,1
2024-05-31,organic_social,organic_social,payment_failed,monthly,25,1
2024-05-31,organic_social,organic_social,voluntary,annual,12,18
2024-05-31,organic_social,organic_social,voluntary,annual,24,1
2024-05-31,organic_social,organic_social,voluntary,monthly,1,71
2024-05-31,organic_social,organic_social,voluntary,monthly,2,33
2024-05-31,organic_social,organic_social,voluntary,monthly,3,16
2024-05-31,organic_social,organic_social,voluntary,monthly,4,9
2024-05-31,organic_social,organic_social,voluntary,monthly,5,12
2024-05-31,organic_social,organic_social,voluntary,monthly,6,6
2024-05-31,organic_social,organic_social,voluntary,monthly,7,5
2024-05-31,organic_social,organic_social,voluntary,monthly,8,3
2024-05-31,organic_social,organic_social,voluntary,monthly,9,3
2024-05-31,organic_social,organic_social,voluntary,monthly,10,4
2024-05-31,organic_social,organic_social,voluntary,monthly,11,1
2024-05-31,organic_social,organic_social,voluntary,monthly,12,1
2024-05-31,organic_social,organic_social,voluntary,monthly,14,2
2024-05-31,organic_social,organic_social,voluntary,monthly,15,4
2024-05-31,organic_social,organic_social,voluntary,monthly,16,1
2024-05-31,organic_social,organic_social,voluntary,monthly,17,1
2024-05-31,organic_social,organic_social,voluntary,monthly,18,4
2024-05-31,organic_social,organic_social,voluntary,monthly,19,2
2024-05-31,organic_social,organic_social,voluntary,monthly,21,1
2024-05-31,organic_social,organic_social,voluntary,monthly,22,1
2024-05-31,organic_social,organic_social,voluntary,monthly,23,1
2024-05-31,organic_social,organic_social,voluntary,monthly,25,1
2024-05-31,paid_social,paid_social-lookalike_subscribers,active_account,annual,26,52
2024-05-31,paid_social,paid_social-lookalike_subscribers,active_account,monthly,26,69
2024-05-31,paid_social,paid_social-lookalike_subscribers,payment_failed,annual,12,1
2024-05-31,paid_social,paid_social-lookalike_subscribers,payment_failed,annual,13,3
2024-05-31,paid_social,paid_social-lookalike_subscribers,payment_failed,annual,24,1
2024-05-31,paid_social,paid_social-lookalike_subscribers,payment_failed,annual,25,8
2024-05-31,paid_social,paid_social-lookalike_subscribers,payment_failed,monthly,1,1
2024-05-31,paid_social,paid_social-lookalike_subscribers,payment_failed,monthly,2,1
2024-05-31,paid_social,paid_social-lookalike_subscribers,payment_failed,monthly,3,1
2024-05-31,paid_social,paid_social-lookalike_subscribers,payment_failed,monthly,4,1
2024-05-31,paid_social,paid_social-lookalike_subscribers,payment_failed,monthly,5,1
2024-05-31,paid_social,paid_social-lookalike_subscribers,payment_failed,monthly,6,1
2024-05-31,paid_social,paid_social-lookalike_subscribers,payment_failed,monthly,7,1
2024-05-31,paid_social,paid_social-lookalike_subscribers,payment_failed,monthly,8,1
2024-05-31,paid_social,paid_social-lookalike_subscribers,payment_failed,monthly,10,1
2024-05-31,paid_social,paid_social-lookalike_subscribers,payment_failed,monthly,11,1
2024-05-31,paid_social,paid_social-lookalike_subscribers,payment_failed,monthly,12,2
2024-05-31,paid_social,paid_social-lookalike_subscribers,payment_failed,monthly,13,2
2024-05-31,paid_social,paid_social-lookalike_subscribers,payment_failed,monthly,16,1
2024-05-31,paid_social,paid_social-lookalike_subscribers,payment_failed,monthly,18,1
2024-05-31,paid_social,paid_social-lookalike_subscribers,payment_failed,monthly,19,3
2024-05-31,paid_social,paid_social-lookalike_subscribers,payment_failed,monthly,20,2
2024-05-31,paid_social,paid_social-lookalike_subscribers,payment_failed,monthly,21,1
2024-05-31,paid_social,paid_social-lookalike_subscribers,payment_failed,monthly,23,1
2024-05-31,paid_social,paid_social-lookalike_subscribers,payment_failed,monthly,25,1
2024-05-31,paid_social,paid_social-lookalike_subscribers,voluntary,annual,12,27
2024-05-31,paid_social,paid_social-lookalike_subscribers,voluntary,annual,24,4
2024-05-31,paid_social,paid_social-lookalike_subscribers,voluntary,monthly,1,27
2024-05-31,paid_social,paid_social-lookalike_subscribers,voluntary,monthly,2,9
2024-05-31,paid_social,paid_social-lookalike_subscribers,voluntary,monthly,3,7
2024-05-31,paid_social,paid_social-lookalike_subscribers,voluntary,monthly,4,6
2024-05-31,paid_social,paid_social-lookalike_subscribers,voluntary,monthly,5,6
2024-05-31,paid_social,paid_social-lookalike_subscribers,voluntary,monthly,6,3
2024-05-31,paid_social,paid_social-lookalike_subscribers,voluntary,monthly,7,1
2024-05-31,paid_social,paid_social-lookalike_subscribers,voluntary,monthly,9,1
2024-05-31,paid_social,paid_social-lookalike_subscribers,voluntary,monthly,11,2
2024-05-31,paid_social,paid_social-lookalike_subscribers,voluntary,monthly,13,1
2024-05-31,paid_social,paid_social-lookalike_subscribers,voluntary,monthly,14,1
2024-05-31,paid_social,paid_social-lookalike_subscribers,voluntary,monthly,16,1
2024-05-31,paid_social,paid_social-lookalike_subscribers,voluntary,monthly,17,1
2024-05-31,paid_social,paid_social-lookalike_subscribers,voluntary,monthly,21,2
2024-05-31,paid_social,paid_social-lookalike_subscribers,voluntary,monthly,22,1
2024-05-31,paid_social,paid_social-prospecting_broad,active_account,annual,26,36
2024-05-31,paid_social,paid_social-prospecting_broad,active_account,monthly,26,96
2024-05-31,paid_social,paid_social-prospecting_broad,payment_failed,annual,25,3
2024-05-31,paid_social,paid_social-prospecting_broad,payment_failed,monthly,1,1
2024-05-31,paid_social,paid_social-prospecting_broad,payment_failed,monthly,2,3
2024-05-31,paid_social,paid_social-prospecting_broad,payment_failed,monthly,3,4
2024-05-31,paid_social,paid_social-prospecting_broad,payment_failed,monthly,4,3
2024-05-31,paid_social,paid_social-prospecting_broad,payment_failed,monthly,5,3
2024-05-31,paid_social,paid_social-prospecting_broad,payment_failed,monthly,6,2
2024-05-31,paid_social,paid_social-prospecting_broad,payment_failed,monthly,7,1
2024-05-31,paid_social,paid_social-prospecting_broad,payment_failed,monthly,8,2
2024-05-31,paid_social,paid_social-prospecting_broad,payment_failed,monthly,9,2
2024-05-31,paid_social,paid_social-prospecting_broad,payment_failed,monthly,10,1
2024-05-31,paid_social,paid_social-prospecting_broad,payment_failed,monthly,12,1
2024-05-31,paid_social,paid_social-prospecting_broad,payment_failed,monthly,13,1
2024-05-31,paid_social,paid_social-prospecting_broad,payment_failed,monthly,14,2
2024-05-31,paid_social,paid_social-prospecting_broad,payment_failed,monthly,16,2
2024-05-31,paid_social,paid_social-prospecting_broad,payment_failed,monthly,17,4
2024-05-31,paid_social,paid_social-prospecting_broad,payment_failed,monthly,18,1
2024-05-31,paid_social,paid_social-prospecting_broad,payment_failed,monthly,19,2
2024-05-31,paid_social,paid_social-prospecting_broad,payment_failed,monthly,21,3
2024-05-31,paid_social,paid_social-prospecting_broad,payment_failed,monthly,22,1
2024-05-31,paid_social,paid_social-prospecting_broad,voluntary,annual,12,27
2024-05-31,paid_social,paid_social-prospecting_broad,voluntary,annual,24,2
2024-05-31,paid_social,paid_social-prospecting_broad,voluntary,monthly,1,103
2024-05-31,paid_social,paid_social-prospecting_broad,voluntary,monthly,2,31
2024-05-31,paid_social,paid_social-prospecting_broad,voluntary,monthly,3,27
2024-05-31,paid_social,paid_social-prospecting_broad,voluntary,monthly,4,15
2024-05-31,paid_social,paid_social-prospecting_broad,voluntary,monthly,5,5
2024-05-31,paid_social,paid_social-prospecting_broad,voluntary,monthly,6,6
2024-05-31,paid_social,paid_social-prospecting_broad,voluntary,monthly,7,2
2024-05-31,paid_social,paid_social-prospecting_broad,voluntary,monthly,8,6
2024-05-31,paid_social,paid_social-prospecting_broad,voluntary,monthly,9,2
2024-05-31,paid_social,paid_social-prospecting_broad,voluntary,monthly,10,4
2024-05-31,paid_social,paid_social-prospecting_broad,voluntary,monthly,12,2
2024-05-31,paid_social,paid_social-prospecting_broad,voluntary,monthly,14,1
2024-05-31,paid_social,paid_social-prospecting_broad,voluntary,monthly,16,4
2024-05-31,paid_social,paid_social-prospecting_broad,voluntary,monthly,17,3
2024-05-31,paid_social,paid_social-prospecting_broad,voluntary,monthly,18,2
2024-05-31,paid_social,paid_social-prospecting_broad,voluntary,monthly,19,2
2024-05-31,paid_social,paid_social-prospecting_broad,voluntary,monthly,20,1
2024-05-31,paid_social,paid_social-prospecting_broad,voluntary,monthly,22,2
2024-05-31,paid_social,paid_social-prospecting_broad,voluntary,monthly,23,2
2024-05-31,paid_social,paid_social-prospecting_broad,voluntary,monthly,25,1
2024-06-30,direct,direct,active_account,annual,25,247
2024-06-30,direct,direct,active_account,monthly,25,292
2024-06-30,direct,direct,payment_failed,annual,13,11
2024-06-30,direct,direct,payment_failed,annual,24,1
2024-06-30,direct,direct,payment_failed,monthly,2,8
2024-06-30,direct,direct,payment_failed,monthly,3,6
2024-06-30,direct,direct,payment_failed,monthly,4,4
2024-06-30,direct,direct,payment_failed,monthly,5,4
2024-06-30,direct,direct,payment_failed,monthly,6,6
2024-06-30,direct,direct,payment_failed,monthly,7,6
2024-06-30,direct,direct,payment_failed,monthly,8,7
2024-06-30,direct,direct,payment_failed,monthly,9,2
2024-06-30,direct,direct,payment_failed,monthly,10,2
2024-06-30,direct,direct,payment_failed,monthly,11,5
2024-06-30,direct,direct,payment_failed,monthly,12,3
2024-06-30,direct,direct,payment_failed,monthly,13,5
2024-06-30,direct,direct,payment_failed,monthly,14,8
2024-06-30,direct,direct,payment_failed,monthly,15,2
2024-06-30,direct,direct,payment_failed,monthly,16,6
2024-06-30,direct,direct,payment_failed,monthly,17,6
2024-06-30,direct,direct,payment_failed,monthly,18,4
2024-06-30,direct,direct,payment_failed,monthly,19,6
2024-06-30,direct,direct,payment_failed,monthly,20,6
2024-06-30,direct,direct,payment_failed,monthly,21,3
2024-06-30,direct,direct,payment_failed,monthly,23,2
2024-06-30,direct,direct,payment_failed,monthly,24,4
2024-06-30,direct,direct,voluntary,annual,12,70
2024-06-30,direct,direct,voluntary,annual,24,23
2024-06-30,direct,direct,voluntary,monthly,1,100
2024-06-30,direct,direct,voluntary,monthly,2,41
2024-06-30,direct,direct,voluntary,monthly,3,24
2024-06-30,direct,direct,voluntary,monthly,4,12
2024-06-30,direct,direct,voluntary,monthly,5,15
2024-06-30,direct,direct,voluntary,monthly,6,10
2024-06-30,direct,direct,voluntary,monthly,7,6
2024-06-30,direct,direct,voluntary,monthly,8,5
2024-06-30,direct,direct,voluntary,monthly,9,8
2024-06-30,direct,direct,voluntary,monthly,10,3
2024-06-30,direct,direct,voluntary,monthly,11,3
2024-06-30,direct,direct,voluntary,monthly,12,2
2024-06-30,direct,direct,voluntary,monthly,13,3
2024-06-30,direct,direct,voluntary,monthly,14,4
2024-06-30,direct,direct,voluntary,monthly,15,7
2024-06-30,direct,direct,voluntary,monthly,16,2
2024-06-30,direct,direct,voluntary,monthly,17,5
2024-06-30,direct,direct,voluntary,monthly,18,5
2024-06-30,direct,direct,voluntary,monthly,19,3
2024-06-30,direct,direct,voluntary,monthly,20,3
2024-06-30,direct,direct,voluntary,monthly,21,1
2024-06-30,direct,direct,voluntary,monthly,23,3
2024-06-30,direct,direct,voluntary,monthly,24,1
2024-06-30,email,email,active_account,annual,25,247
2024-06-30,email,email,active_account,monthly,25,139
2024-06-30,email,email,payment_failed,annual,12,1
2024-06-30,email,email,payment_failed,annual,13,19
2024-06-30,email,email,payment_failed,annual,24,2
2024-06-30,email,email,payment_failed,monthly,2,2
2024-06-30,email,email,payment_failed,monthly,3,5
2024-06-30,email,email,payment_failed,monthly,4,1
2024-06-30,email,email,payment_failed,monthly,5,7
2024-06-30,email,email,payment_failed,monthly,6,4
2024-06-30,email,email,payment_failed,monthly,7,4
2024-06-30,email,email,payment_failed,monthly,8,1
2024-06-30,email,email,payment_failed,monthly,10,1
2024-06-30,email,email,payment_failed,monthly,11,2
2024-06-30,email,email,payment_failed,monthly,12,4
2024-06-30,email,email,payment_failed,monthly,13,4
2024-06-30,email,email,payment_failed,monthly,14,1
2024-06-30,email,email,payment_failed,monthly,15,4
2024-06-30,email,email,payment_failed,monthly,16,1
2024-06-30,email,email,payment_failed,monthly,19,1
2024-06-30,email,email,payment_failed,monthly,20,2
2024-06-30,email,email,payment_failed,monthly,21,2
2024-06-30,email,email,payment_failed,monthly,23,2
2024-06-30,email,email,payment_failed,monthly,24,2
2024-06-30,email,email,voluntary,annual,12,36
2024-06-30,email,email,voluntary,annual,24,16
2024-06-30,email,email,voluntary,monthly,1,25
2024-06-30,email,email,voluntary,monthly,2,10
2024-06-30,email,email,voluntary,monthly,3,8
2024-06-30,email,email,voluntary,monthly,4,2
2024-06-30,email,email,voluntary,monthly,5,7
2024-06-30,email,email,voluntary,monthly,6,1
2024-06-30,email,email,voluntary,monthly,7,2
2024-06-30,email,email,voluntary,monthly,8,2
2024-06-30,email,email,voluntary,monthly,10,3
2024-06-30,email,email,voluntary,monthly,11,3
2024-06-30,email,email,voluntary,monthly,12,2
2024-06-30,email,email,voluntary,monthly,13,2
2024-06-30,email,email,voluntary,monthly,14,1
2024-06-30,email,email,voluntary,monthly,15,2
2024-06-30,email,email,voluntary,monthly,17,2
2024-06-30,email,email,voluntary,monthly,18,1
2024-06-30,email,email,voluntary,monthly,19,2
2024-06-30,email,email,voluntary,monthly,22,1
2024-06-30,email,email,voluntary,monthly,24,2
2024-06-30,organic_search,organic_search,active_account,annual,25,129
2024-06-30,organic_search,organic_search,active_account,monthly,25,190
2024-06-30,organic_search,organic_search,payment_failed,annual,12,1
2024-06-30,organic_search,organic_search,payment_failed,annual,13,6
2024-06-30,organic_search,organic_search,payment_failed,monthly,2,7
2024-06-30,organic_search,organic_search,payment_failed,monthly,3,9
2024-06-30,organic_search,organic_search,payment_failed,monthly,4,5
2024-06-30,organic_search,organic_search,payment_failed,monthly,5,6
2024-06-30,organic_search,organic_search,payment_failed,monthly,6,5
2024-06-30,organic_search,organic_search,payment_failed,monthly,7,4
2024-06-30,organic_search,organic_search,payment_failed,monthly,8,1
2024-06-30,organic_search,organic_search,payment_failed,monthly,9,3
2024-06-30,organic_search,organic_search,payment_failed,monthly,10,7
2024-06-30,organic_search,organic_search,payment_failed,monthly,11,3
2024-06-30,organic_search,organic_search,payment_failed,monthly,12,3
2024-06-30,organic_search,organic_search,payment_failed,monthly,13,3
2024-06-30,organic_search,organic_search,payment_failed,monthly,14,5
2024-06-30,organic_search,organic_search,payment_failed,monthly,15,4
2024-06-30,organic_search,organic_search,payment_failed,monthly,16,3
2024-06-30,organic_search,organic_search,payment_failed,monthly,17,3
2024-06-30,organic_search,organic_search,payment_failed,monthly,18,1
2024-06-30,organic_search,organic_search,payment_failed,monthly,19,2
2024-06-30,organic_search,organic_search,payment_failed,monthly,20,1
2024-06-30,organic_search,organic_search,payment_failed,monthly,21,2
2024-06-30,organic_search,organic_search,payment_failed,monthly,22,3
2024-06-30,organic_search,organic_search,payment_failed,monthly,23,3
2024-06-30,organic_search,organic_search,payment_failed,monthly,24,1
2024-06-30,organic_search,organic_search,payment_failed,monthly,25,1
2024-06-30,organic_search,organic_search,voluntary,annual,12,56
2024-06-30,organic_search,organic_search,voluntary,annual,24,10
2024-06-30,organic_search,organic_search,voluntary,monthly,1,56
2024-06-30,organic_search,organic_search,voluntary,monthly,2,26
2024-06-30,organic_search,organic_search,voluntary,monthly,3,16
2024-06-30,organic_search,organic_search,voluntary,monthly,4,8
2024-06-30,organic_search,organic_search,voluntary,monthly,5,11
2024-06-30,organic_search,organic_search,voluntary,monthly,6,11
2024-06-30,organic_search,organic_search,voluntary,monthly,7,9
2024-06-30,organic_search,organic_search,voluntary,monthly,8,5
2024-06-30,organic_search,organic_search,voluntary,monthly,9,3
2024-06-30,organic_search,organic_search,voluntary,monthly,11,2
2024-06-30,organic_search,organic_search,voluntary,monthly,12,4
2024-06-30,organic_search,organic_search,voluntary,monthly,13,5
2024-06-30,organic_search,organic_search,voluntary,monthly,14,4
2024-06-30,organic_search,organic_search,voluntary,monthly,15,2
2024-06-30,organic_search,organic_search,voluntary,monthly,16,1
2024-06-30,organic_search,organic_search,voluntary,monthly,17,2
2024-06-30,organic_search,organic_search,voluntary,monthly,18,2
2024-06-30,organic_search,organic_search,voluntary,monthly,19,2
2024-06-30,organic_search,organic_search,voluntary,monthly,20,2
2024-06-30,organic_search,organic_search,voluntary,monthly,21,1
2024-06-30,organic_search,organic_search,voluntary,monthly,22,1
2024-06-30,organic_search,organic_search,voluntary,monthly,23,3
2024-06-30,organic_search,organic_search,voluntary,monthly,24,4
2024-06-30,organic_search,organic_search,voluntary,monthly,25,1
2024-06-30,organic_social,organic_social,active_account,annual,25,24
2024-06-30,organic_social,organic_social,active_account,monthly,25,85
2024-06-30,organic_social,organic_social,payment_failed,annual,13,4
2024-06-30,organic_social,organic_social,payment_failed,monthly,2,5
2024-06-30,organic_social,organic_social,payment_failed,monthly,3,5
2024-06-30,organic_social,organic_social,payment_failed,monthly,4,4
2024-06-30,organic_social,organic_social,payment_failed,monthly,5,1
2024-06-30,organic_social,organic_social,payment_failed,monthly,6,1
2024-06-30,organic_social,organic_social,payment_failed,monthly,7,4
2024-06-30,organic_social,organic_social,payment_failed,monthly,8,3
2024-06-30,organic_social,organic_social,payment_failed,monthly,9,2
2024-06-30,organic_social,organic_social,payment_failed,monthly,11,2
2024-06-30,organic_social,organic_social,payment_failed,monthly,13,1
2024-06-30,organic_social,organic_social,payment_failed,monthly,16,3
2024-06-30,organic_social,organic_social,payment_failed,monthly,17,2
2024-06-30,organic_social,organic_social,payment_failed,monthly,18,2
2024-06-30,organic_social,organic_social,payment_failed,monthly,19,4
2024-06-30,organic_social,organic_social,payment_failed,monthly,20,2
2024-06-30,organic_social,organic_social,payment_failed,monthly,21,1
2024-06-30,organic_social,organic_social,payment_failed,monthly,22,2
2024-06-30,organic_social,organic_social,voluntary,annual,12,16
2024-06-30,organic_social,organic_social,voluntary,annual,24,4
2024-06-30,organic_social,organic_social,voluntary,monthly,1,78
2024-06-30,organic_social,organic_social,voluntary,monthly,2,22
2024-06-30,organic_social,organic_social,voluntary,monthly,3,13
2024-06-30,organic_social,organic_social,voluntary,monthly,4,6
2024-06-30,organic_social,organic_social,voluntary,monthly,5,6
2024-06-30,organic_social,organic_social,voluntary,monthly,6,3
2024-06-30,organic_social,organic_social,voluntary,monthly,7,8
2024-06-30,organic_social,organic_social,voluntary,monthly,8,1
2024-06-30,organic_social,organic_social,voluntary,monthly,9,3
2024-06-30,organic_social,organic_social,voluntary,monthly,10,3
2024-06-30,organic_social,organic_social,voluntary,monthly,11,2
2024-06-30,organic_social,organic_social,voluntary,monthly,13,2
2024-06-30,organic_social,organic_social,voluntary,monthly,14,4
2024-06-30,organic_social,organic_social,voluntary,monthly,15,2
2024-06-30,organic_social,organic_social,voluntary,monthly,18,2
2024-06-30,organic_social,organic_social,voluntary,monthly,23,1
2024-06-30,paid_social,paid_social-lookalike_subscribers,active_account,annual,25,67
2024-06-30,paid_social,paid_social-lookalike_subscribers,active_account,monthly,25,74
2024-06-30,paid_social,paid_social-lookalike_subscribers,payment_failed,annual,12,1
2024-06-30,paid_social,paid_social-lookalike_subscribers,payment_failed,annual,13,1
2024-06-30,paid_social,paid_social-lookalike_subscribers,payment_failed,monthly,1,1
2024-06-30,paid_social,paid_social-lookalike_subscribers,payment_failed,monthly,2,5
2024-06-30,paid_social,paid_social-lookalike_subscribers,payment_failed,monthly,4,1
2024-06-30,paid_social,paid_social-lookalike_subscribers,payment_failed,monthly,5,1
2024-06-30,paid_social,paid_social-lookalike_subscribers,payment_failed,monthly,6,2
2024-06-30,paid_social,paid_social-lookalike_subscribers,payment_failed,monthly,7,2
2024-06-30,paid_social,paid_social-lookalike_subscribers,payment_failed,monthly,8,1
2024-06-30,paid_social,paid_social-lookalike_subscribers,payment_failed,monthly,9,3
2024-06-30,paid_social,paid_social-lookalike_subscribers,payment_failed,monthly,10,1
2024-06-30,paid_social,paid_social-lookalike_subscribers,payment_failed,monthly,11,2
2024-06-30,paid_social,paid_social-lookalike_subscribers,payment_failed,monthly,12,1
2024-06-30,paid_social,paid_social-lookalike_subscribers,payment_failed,monthly,13,1
2024-06-30,paid_social,paid_social-lookalike_subscribers,payment_failed,monthly,14,2
2024-06-30,paid_social,paid_social-lookalike_subscribers,payment_failed,monthly,15,1
2024-06-30,paid_social,paid_social-lookalike_subscribers,payment_failed,monthly,16,2
2024-06-30,paid_social,paid_social-lookalike_subscribers,payment_failed,monthly,17,1
2024-06-30,paid_social,paid_social-lookalike_subscribers,payment_failed,monthly,19,2
2024-06-30,paid_social,paid_social-lookalike_subscribers,payment_failed,monthly,20,1
2024-06-30,paid_social,paid_social-lookalike_subscribers,payment_failed,monthly,23,1
2024-06-30,paid_social,paid_social-lookalike_subscribers,voluntary,annual,12,19
2024-06-30,paid_social,paid_social-lookalike_subscribers,voluntary,annual,24,6
2024-06-30,paid_social,paid_social-lookalike_subscribers,voluntary,monthly,1,23
2024-06-30,paid_social,paid_social-lookalike_subscribers,voluntary,monthly,2,13
2024-06-30,paid_social,paid_social-lookalike_subscribers,voluntary,monthly,3,6
2024-06-30,paid_social,paid_social-lookalike_subscribers,voluntary,monthly,4,7
2024-06-30,paid_social,paid_social-lookalike_subscribers,voluntary,monthly,5,4
2024-06-30,paid_social,paid_social-lookalike_subscribers,voluntary,monthly,6,1
2024-06-30,paid_social,paid_social-lookalike_subscribers,voluntary,monthly,7,7
2024-06-30,paid_social,paid_social-lookalike_subscribers,voluntary,monthly,8,1
2024-06-30,paid_social,paid_social-lookalike_subscribers,voluntary,monthly,9,1
2024-06-30,paid_social,paid_social-lookalike_subscribers,voluntary,monthly,11,2
2024-06-30,paid_social,paid_social-lookalike_subscribers,voluntary,monthly,12,2
2024-06-30,paid_social,paid_social-lookalike_subscribers,voluntary,monthly,13,1
2024-06-30,paid_social,paid_social-lookalike_subscribers,voluntary,monthly,16,2
2024-06-30,paid_social,paid_social-lookalike_subscribers,voluntary,monthly,17,2
2024-06-30,paid_social,paid_social-lookalike_subscribers,voluntary,monthly,18,1
2024-06-30,paid_social,paid_social-lookalike_subscribers,voluntary,monthly,19,1
2024-06-30,paid_social,paid_social-lookalike_subscribers,voluntary,monthly,20,1
2024-06-30,paid_social,paid_social-lookalike_subscribers,voluntary,monthly,22,1
2024-06-30,paid_social,paid_social-lookalike_subscribers,voluntary,monthly,23,3
2024-06-30,paid_social,paid_social-prospecting_broad,active_account,annual,25,28
2024-06-30,paid_social,paid_social-prospecting_broad,active_account,monthly,25,110
2024-06-30,paid_social,paid_social-prospecting_broad,payment_failed,annual,12,1
2024-06-30,paid_social,paid_social-prospecting_broad,payment_failed,annual,13,6
2024-06-30,paid_social,paid_social-prospecting_broad,payment_failed,monthly,2,8
2024-06-30,paid_social,paid_social-prospecting_broad,payment_failed,monthly,3,3
2024-06-30,paid_social,paid_social-prospecting_broad,payment_failed,monthly,4,2
2024-06-30,paid_social,paid_social-prospecting_broad,payment_failed,monthly,5,2
2024-06-30,paid_social,paid_social-prospecting_broad,payment_failed,monthly,6,5
2024-06-30,paid_social,paid_social-prospecting_broad,payment_failed,monthly,7,3
2024-06-30,paid_social,paid_social-prospecting_broad,payment_failed,monthly,8,5
2024-06-30,paid_social,paid_social-prospecting_broad,payment_failed,monthly,9,2
2024-06-30,paid_social,paid_social-prospecting_broad,payment_failed,monthly,10,3
2024-06-30,paid_social,paid_social-prospecting_broad,payment_failed,monthly,11,3
2024-06-30,paid_social,paid_social-prospecting_broad,payment_failed,monthly,12,2
2024-06-30,paid_social,paid_social-prospecting_broad,payment_failed,monthly,13,1
2024-06-30,paid_social,paid_social-prospecting_broad,payment_failed,monthly,14,1
2024-06-30,paid_social,paid_social-prospecting_broad,payment_failed,monthly,15,2
2024-06-30,paid_social,paid_social-prospecting_broad,payment_failed,monthly,16,1
2024-06-30,paid_social,paid_social-prospecting_broad,payment_failed,monthly,17,1
2024-06-30,paid_social,paid_social-prospecting_broad,payment_failed,monthly,18,1
2024-06-30,paid_social,paid_social-prospecting_broad,payment_failed,monthly,20,2
2024-06-30,paid_social,paid_social-prospecting_broad,payment_failed,monthly,22,1
2024-06-30,paid_social,paid_social-prospecting_broad,payment_failed,monthly,23,1
2024-06-30,paid_social,paid_social-prospecting_broad,payment_failed,monthly,24,1
2024-06-30,paid_social,paid_social-prospecting_broad,voluntary,annual,12,39
2024-06-30,paid_social,paid_social-prospecting_broad,voluntary,annual,24,8
2024-06-30,paid_social,paid_social-prospecting_broad,voluntary,monthly,1,89
2024-06-30,paid_social,paid_social-prospecting_broad,voluntary,monthly,2,37
2024-06-30,paid_social,paid_social-prospecting_broad,voluntary,monthly,3,24
2024-06-30,paid_social,paid_social-prospecting_broad,voluntary,monthly,4,8
2024-06-30,paid_social,paid_social-prospecting_broad,voluntary,monthly,5,7
2024-06-30,paid_social,paid_social-prospecting_broad,voluntary,monthly,6,4
2024-06-30,paid_social,paid_social-prospecting_broad,voluntary,monthly,7,8
2024-06-30,paid_social,paid_social-prospecting_broad,voluntary,monthly,8,4
2024-06-30,paid_social,paid_social-prospecting_broad,voluntary,monthly,9,6
2024-06-30,paid_social,paid_social-prospecting_broad,voluntary,monthly,10,4
2024-06-30,paid_social,paid_social-prospecting_broad,voluntary,monthly,11,1
2024-06-30,paid_social,paid_social-prospecting_broad,voluntary,monthly,12,3
2024-06-30,paid_social,paid_social-prospecting_broad,voluntary,monthly,13,4
2024-06-30,paid_social,paid_social-prospecting_broad,voluntary,monthly,14,3
2024-06-30,paid_social,paid_social-prospecting_broad,voluntary,monthly,15,7
2024-06-30,paid_social,paid_social-prospecting_broad,voluntary,monthly,16,2
2024-06-30,paid_social,paid_social-prospecting_broad,voluntary,monthly,17,1
2024-06-30,paid_social,paid_social-prospecting_broad,voluntary,monthly,18,3
2024-06-30,paid_social,paid_social-prospecting_broad,voluntary,monthly,21,5
2024-06-30,paid_social,paid_social-prospecting_broad,voluntary,monthly,22,3
2024-06-30,paid_social,paid_social-prospecting_broad,voluntary,monthly,23,1
2024-06-30,paid_social,paid_social-prospecting_broad,voluntary,monthly,24,4
2024-07-31,direct,direct,active_account,annual,24,293
2024-07-31,direct,direct,active_account,monthly,24,328
2024-07-31,direct,direct,payment_failed,annual,12,1
2024-07-31,direct,direct,payment_failed,annual,13,15
2024-07-31,direct,direct,payment_failed,monthly,1,2
2024-07-31,direct,direct,payment_failed,monthly,2,13
2024-07-31,direct,direct,payment_failed,monthly,3,12
2024-07-31,direct,direct,payment_failed,monthly,4,9
2024-07-31,direct,direct,payment_failed,monthly,5,4
2024-07-31,direct,direct,payment_failed,monthly,6,5
2024-07-31,direct,direct,payment_failed,monthly,7,9
2024-07-31,direct,direct,payment_failed,monthly,8,2
2024-07-31,direct,direct,payment_failed,monthly,9,5
2024-07-31,direct,direct,payment_failed,monthly,10,9
2024-07-31,direct,direct,payment_failed,monthly,11,8
2024-07-31,direct,direct,payment_failed,monthly,12,8
2024-07-31,direct,direct,payment_failed,monthly,13,3
2024-07-31,direct,direct,payment_failed,monthly,14,2
2024-07-31,direct,direct,payment_failed,monthly,15,2
2024-07-31,direct,direct,payment_failed,monthly,16,1
2024-07-31,direct,direct,payment_failed,monthly,17,4
2024-07-31,direct,direct,payment_failed,monthly,18,2
2024-07-31,direct,direct,payment_failed,monthly,19,3
2024-07-31,direct,direct,payment_failed,monthly,20,1
2024-07-31,direct,direct,payment_failed,monthly,21,8
2024-07-31,direct,direct,payment_failed,monthly,22,2
2024-07-31,direct,direct,payment_failed,monthly,23,5
2024-07-31,direct,direct,voluntary,annual,12,88
2024-07-31,direct,direct,voluntary,monthly,1,80
2024-07-31,direct,direct,voluntary,monthly,2,40
2024-07-31,direct,direct,voluntary,monthly,3,35
2024-07-31,direct,direct,voluntary,monthly,4,21
2024-07-31,direct,direct,voluntary,monthly,5,13
2024-07-31,direct,direct,voluntary,monthly,6,13
2024-07-31,direct,direct,voluntary,monthly,7,7
2024-07-31,direct,direct,voluntary,monthly,8,8
2024-07-31,direct,direct,voluntary,monthly,9,4
2024-07-31,direct,direct,voluntary,monthly,10,4
2024-07-31,direct,direct,voluntary,monthly,11,8
2024-07-31,direct,direct,voluntary,monthly,12,4
2024-07-31,direct,direct,voluntary,monthly,13,5
2024-07-31,direct,direct,voluntary,monthly,14,4
2024-07-31,direct,direct,voluntary,monthly,16,4
2024-07-31,direct,direct,voluntary,monthly,17,2
2024-07-31,direct,direct,voluntary,monthly,18,1
2024-07-31,direct,direct,voluntary,monthly,19,2
2024-07-31,direct,direct,voluntary,monthly,20,2
2024-07-31,direct,direct,voluntary,monthly,21,3
2024-07-31,direct,direct,voluntary,monthly,23,2
2024-07-31,email,email,active_account,annual,24,269
2024-07-31,email,email,active_account,monthly,24,162
2024-07-31,email,email,payment_failed,annual,12,3
2024-07-31,email,email,payment_failed,annual,13,26
2024-07-31,email,email,payment_failed,monthly,2,6
2024-07-31,email,email,payment_failed,monthly,3,3
2024-07-31,email,email,payment_failed,monthly,4,3
2024-07-31,email,email,payment_failed,monthly,5,3
2024-07-31,email,email,payment_failed,monthly,6,1
2024-07-31,email,email,payment_failed,monthly,7,2
2024-07-31,email,email,payment_failed,monthly,8,4
2024-07-31,email,email,payment_failed,monthly,11,4
2024-07-31,email,email,payment_failed,monthly,12,5
2024-07-31,email,email,payment_failed,monthly,13,2
2024-07-31,email,email,payment_failed,monthly,14,2
2024-07-31,email,email,payment_failed,monthly,16,2
2024-07-31,email,email,payment_failed,monthly,17,3
2024-07-31,email,email,payment_failed,monthly,18,1
2024-07-31,email,email,payment_failed,monthly,19,1
2024-07-31,email,email,payment_failed,monthly,20,2
2024-07-31,email,email,payment_failed,monthly,23,5
2024-07-31,email,email,voluntary,annual,12,32
2024-07-31,email,email,voluntary,monthly,1,17
2024-07-31,email,email,voluntary,monthly,2,9
2024-07-31,email,email,voluntary,monthly,3,6
2024-07-31,email,email,voluntary,monthly,4,2
2024-07-31,email,email,voluntary,monthly,5,2
2024-07-31,email,email,voluntary,monthly,6,6
2024-07-31,email,email,voluntary,monthly,7,3
2024-07-31,email,email,voluntary,monthly,8,3
2024-07-31,email,email,voluntary,monthly,9,3
2024-07-31,email,email,voluntary,monthly,13,1
2024-07-31,email,email,voluntary,monthly,14,2
2024-07-31,email,email,voluntary,monthly,17,1
2024-07-31,email,email,voluntary,monthly,19,1
2024-07-31,email,email,voluntary,monthly,20,3
2024-07-31,email,email,voluntary,monthly,22,1
2024-07-31,organic_search,organic_search,active_account,annual,24,138
2024-07-31,organic_search,organic_search,active_account,monthly,24,239
2024-07-31,organic_search,organic_search,payment_failed,annual,12,1
2024-07-31,organic_search,organic_search,payment_failed,annual,13,12
2024-07-31,organic_search,organic_search,payment_failed,monthly,2,5
2024-07-31,organic_search,organic_search,payment_failed,monthly,3,4
2024-07-31,organic_search,organic_search,payment_failed,monthly,4,4
2024-07-31,organic_search,organic_search,payment_failed,monthly,5,8
2024-07-31,organic_search,organic_search,payment_failed,monthly,6,2
2024-07-31,organic_search,organic_search,payment_failed,monthly,7,4
2024-07-31,organic_search,organic_search,payment_failed,monthly,8,8
2024-07-31,organic_search,organic_search,payment_failed,monthly,9,5
2024-07-31,organic_search,organic_search,payment_failed,monthly,10,3
2024-07-31,organic_search,organic_search,payment_failed,monthly,11,4
2024-07-31,organic_search,organic_search,payment_failed,monthly,12,2
2024-07-31,organic_search,organic_search,payment_failed,monthly,13,3
2024-07-31,organic_search,organic_search,payment_failed,monthly,14,2
2024-07-31,organic_search,organic_search,payment_failed,monthly,15,4
2024-07-31,organic_search,organic_search,payment_failed,monthly,16,2
2024-07-31,organic_search,organic_search,payment_failed,monthly,17,1
2024-07-31,organic_search,organic_search,payment_failed,monthly,18,3
2024-07-31,organic_search,organic_search,payment_failed,monthly,19,4
2024-07-31,organic_search,organic_search,payment_failed,monthly,20,3
2024-07-31,organic_search,organic_search,payment_failed,monthly,21,4
2024-07-31,organic_search,organic_search,payment_failed,monthly,22,4
2024-07-31,organic_search,organic_search,payment_failed,monthly,23,2
2024-07-31,organic_search,organic_search,voluntary,annual,12,57
2024-07-31,organic_search,organic_search,voluntary,monthly,1,74
2024-07-31,organic_search,organic_search,voluntary,monthly,2,30
2024-07-31,organic_search,organic_search,voluntary,monthly,3,16
2024-07-31,organic_search,organic_search,voluntary,monthly,4,12
2024-07-31,organic_search,organic_search,voluntary,monthly,5,2
2024-07-31,organic_search,organic_search,voluntary,monthly,6,6
2024-07-31,organic_search,organic_search,voluntary,monthly,7,8
2024-07-31,organic_search,organic_search,voluntary,monthly,8,6
2024-07-31,organic_search,organic_search,voluntary,monthly,9,1
2024-07-31,organic_search,organic_search,voluntary,monthly,10,3
2024-07-31,organic_search,organic_search,voluntary,monthly,11,1
2024-07-31,organic_search,organic_search,voluntary,monthly,12,4
2024-07-31,organic_search,organic_search,voluntary,monthly,13,5
2024-07-31,organic_search,organic_search,voluntary,monthly,14,5
2024-07-31,organic_search,organic_search,voluntary,monthly,16,1
2024-07-31,organic_search,organic_search,voluntary,monthly,17,2
2024-07-31,organic_search,organic_search,voluntary,monthly,18,3
2024-07-31,organic_search,organic_search,voluntary,monthly,19,1
2024-07-31,organic_search,organic_search,voluntary,monthly,20,4
2024-07-31,organic_search,organic_search,voluntary,monthly,21,3
2024-07-31,organic_search,organic_search,voluntary,monthly,22,3
2024-07-31,organic_search,organic_search,voluntary,monthly,23,3
2024-07-31,organic_search,organic_search,voluntary,monthly,24,1
2024-07-31,organic_social,organic_social,active_account,annual,24,36
2024-07-31,organic_social,organic_social,active_account,monthly,24,81
2024-07-31,organic_social,organic_social,payment_failed,annual,13,1
2024-07-31,organic_social,organic_social,payment_failed,monthly,2,3
2024-07-31,organic_social,organic_social,payment_failed,monthly,3,5
2024-07-31,organic_social,organic_social,payment_failed,monthly,4,3
2024-07-31,organic_social,organic_social,payment_failed,monthly,5,2
2024-07-31,organic_social,organic_social,payment_failed,monthly,8,1
2024-07-31,organic_social,organic_social,payment_failed,monthly,9,2
2024-07-31,organic_social,organic_social,payment_failed,monthly,10,1
2024-07-31,organic_social,organic_social,payment_failed,monthly,11,1
2024-07-31,organic_social,organic_social,payment_failed,monthly,12,1
2024-07-31,organic_social,organic_social,payment_failed,monthly,14,1
2024-07-31,organic_social,organic_social,payment_failed,monthly,15,3
2024-07-31,organic_social,organic_social,payment_failed,monthly,19,1
2024-07-31,organic_social,organic_social,payment_failed,monthly,20,2
2024-07-31,organic_social,organic_social,payment_failed,monthly,21,2
2024-07-31,organic_social,organic_social,payment_failed,monthly,23,2
2024-07-31,organic_social,organic_social,voluntary,annual,12,19
2024-07-31,organic_social,organic_social,voluntary,monthly,1,68
2024-07-31,organic_social,organic_social,voluntary,monthly,2,32
2024-07-31,organic_social,organic_social,voluntary,monthly,3,17
2024-07-31,organic_social,organic_social,voluntary,monthly,4,12
2024-07-31,organic_social,organic_social,voluntary,monthly,5,3
2024-07-31,organic_social,organic_social,voluntary,monthly,6,7
2024-07-31,organic_social,organic_social,voluntary,monthly,7,2
2024-07-31,organic_social,organic_social,voluntary,monthly,8,3
2024-07-31,organic_social,organic_social,voluntary,monthly,9,2
2024-07-31,organic_social,organic_social,voluntary,monthly,10,4
2024-07-31,organic_social,organic_social,voluntary,monthly,11,1
2024-07-31,organic_social,organic_social,voluntary,monthly,12,2
2024-07-31,organic_social,organic_social,voluntary,monthly,15,2
2024-07-31,organic_social,organic_social,voluntary,monthly,18,2
2024-07-31,organic_social,organic_social,voluntary,monthly,19,2
2024-07-31,organic_social,organic_social,voluntary,monthly,20,1
2024-07-31,organic_social,organic_social,voluntary,monthly,21,1
2024-07-31,organic_social,organic_social,voluntary,monthly,22,2
2024-07-31,organic_social,organic_social,voluntary,monthly,23,3
2024-07-31,paid_social,paid_social-lookalike_subscribers,active_account,annual,24,84
2024-07-31,paid_social,paid_social-lookalike_subscribers,active_account,monthly,24,78
2024-07-31,paid_social,paid_social-lookalike_subscribers,payment_failed,annual,13,5
2024-07-31,paid_social,paid_social-lookalike_subscribers,payment_failed,monthly,2,1
2024-07-31,paid_social,paid_social-lookalike_subscribers,payment_failed,monthly,3,4
2024-07-31,paid_social,paid_social-lookalike_subscribers,payment_failed,monthly,4,1
2024-07-31,paid_social,paid_social-lookalike_subscribers,payment_failed,monthly,5,2
2024-07-31,paid_social,paid_social-lookalike_subscribers,payment_failed,monthly,6,1
2024-07-31,paid_social,paid_social-lookalike_subscribers,payment_failed,monthly,7,1
2024-07-31,paid_social,paid_social-lookalike_subscribers,payment_failed,monthly,9,2
2024-07-31,paid_social,paid_social-lookalike_subscribers,payment_failed,monthly,10,2
2024-07-31,paid_social,paid_social-lookalike_subscribers,payment_failed,monthly,11,2
2024-07-31,paid_social,paid_social-lookalike_subscribers,payment_failed,monthly,12,1
2024-07-31,paid_social,paid_social-lookalike_subscribers,payment_failed,monthly,14,3
2024-07-31,paid_social,paid_social-lookalike_subscribers,payment_failed,monthly,17,1
2024-07-31,paid_social,paid_social-lookalike_subscribers,payment_failed,monthly,20,1
2024-07-31,paid_social,paid_social-lookalike_subscribers,payment_failed,monthly,21,1
2024-07-31,paid_social,paid_social-lookalike_subscribers,voluntary,annual,12,28
2024-07-31,paid_social,paid_social-lookalike_subscribers,voluntary,monthly,1,22
2024-07-31,paid_social,paid_social-lookalike_subscribers,voluntary,monthly,2,16
2024-07-31,paid_social,paid_social-lookalike_subscribers,voluntary,monthly,3,7
2024-07-31,paid_social,paid_social-lookalike_subscribers,voluntary,monthly,4,4
2024-07-31,paid_social,paid_social-lookalike_subscribers,voluntary,monthly,5,6
2024-07-31,paid_social,paid_social-lookalike_subscribers,voluntary,monthly,6,6
2024-07-31,paid_social,paid_social-lookalike_subscribers,voluntary,monthly,7,3
2024-07-31,paid_social,paid_social-lookalike_subscribers,voluntary,monthly,9,3
2024-07-31,paid_social,paid_social-lookalike_subscribers,voluntary,monthly,10,2
2024-07-31,paid_social,paid_social-lookalike_subscribers,voluntary,monthly,11,3
2024-07-31,paid_social,paid_social-lookalike_subscribers,voluntary,monthly,12,3
2024-07-31,paid_social,paid_social-lookalike_subscribers,voluntary,monthly,17,1
2024-07-31,paid_social,paid_social-lookalike_subscribers,voluntary,monthly,20,1
2024-07-31,paid_social,paid_social-lookalike_subscribers,voluntary,monthly,21,1
2024-07-31,paid_social,paid_social-lookalike_subscribers,voluntary,monthly,22,1
2024-07-31,paid_social,paid_social-lookalike_subscribers,voluntary,monthly,23,2
2024-07-31,paid_social,paid_social-prospecting_broad,active_account,annual,24,58
2024-07-31,paid_social,paid_social-prospecting_broad,active_account,monthly,24,105
2024-07-31,paid_social,paid_social-prospecting_broad,payment_failed,annual,12,1
2024-07-31,paid_social,paid_social-prospecting_broad,payment_failed,monthly,1,1
2024-07-31,paid_social,paid_social-prospecting_broad,payment_failed,monthly,2,7
2024-07-31,paid_social,paid_social-prospecting_broad,payment_failed,monthly,3,7
2024-07-31,paid_social,paid_social-prospecting_broad,payment_failed,monthly,4,3
2024-07-31,paid_social,paid_social-prospecting_broad,payment_failed,monthly,5,3
2024-07-31,paid_social,paid_social-prospecting_broad,payment_failed,monthly,6,1
2024-07-31,paid_social,paid_social-prospecting_broad,payment_failed,monthly,7,2
2024-07-31,paid_social,paid_social-prospecting_broad,payment_failed,monthly,8,2
2024-07-31,paid_social,paid_social-prospecting_broad,payment_failed,monthly,9,4
2024-07-31,paid_social,paid_social-prospecting_broad,payment_failed,monthly,10,4
2024-07-31,paid_social,paid_social-prospecting_broad,payment_failed,monthly,11,1
2024-07-31,paid_social,paid_social-prospecting_broad,payment_failed,monthly,12,2
2024-07-31,paid_social,paid_social-prospecting_broad,payment_failed,monthly,13,4
2024-07-31,paid_social,paid_social-prospecting_broad,payment_failed,monthly,14,3
2024-07-31,paid_social,paid_social-prospecting_broad,payment_failed,monthly,15,1
2024-07-31,paid_social,paid_social-prospecting_broad,payment_failed,monthly,16,1
2024-07-31,paid_social,paid_social-prospecting_broad,payment_failed,monthly,17,2
2024-07-31,paid_social,paid_social-prospecting_broad,payment_failed,monthly,18,2
2024-07-31,paid_social,paid_social-prospecting_broad,payment_failed,monthly,19,1
2024-07-31,paid_social,paid_social-prospecting_broad,payment_failed,monthly,21,2
2024-07-31,paid_social,paid_social-prospecting_broad,payment_failed,monthly,23,2
2024-07-31,paid_social,paid_social-prospecting_broad,voluntary,annual,12,32
2024-07-31,paid_social,paid_social-prospecting_broad,voluntary,monthly,1,109
2024-07-31,paid_social,paid_social-prospecting_broad,voluntary,monthly,2,50
2024-07-31,paid_social,paid_social-prospecting_broad,voluntary,monthly,3,27
2024-07-31,paid_social,paid_social-prospecting_broad,voluntary,monthly,4,12
2024-07-31,paid_social,paid_social-prospecting_broad,voluntary,monthly,5,12
2024-07-31,paid_social,paid_social-prospecting_broad,voluntary,monthly,6,6
2024-07-31,paid_social,paid_social-prospecting_broad,voluntary,monthly,7,5
2024-07-31,paid_social,paid_social-prospecting_broad,voluntary,monthly,8,5
2024-07-31,paid_social,paid_social-prospecting_broad,voluntary,monthly,9,2
2024-07-31,paid_social,paid_social-prospecting_broad,voluntary,monthly,10,3
2024-07-31,paid_social,paid_social-prospecting_broad,voluntary,monthly,11,5
2024-07-31,paid_social,paid_social-prospecting_broad,voluntary,monthly,12,2
2024-07-31,paid_social,paid_social-prospecting_broad,voluntary,monthly,13,1
2024-07-31,paid_social,paid_social-prospecting_broad,voluntary,monthly,14,2
2024-07-31,paid_social,paid_social-prospecting_broad,voluntary,monthly,16,2
2024-07-31,paid_social,paid_social-prospecting_broad,voluntary,monthly,17,1
2024-07-31,paid_social,paid_social-prospecting_broad,voluntary,monthly,19,1
2024-07-31,paid_social,paid_social-prospecting_broad,voluntary,monthly,21,3
2024-07-31,paid_social,paid_social-prospecting_broad,voluntary,monthly,22,2
2024-07-31,paid_social,paid_social-prospecting_broad,voluntary,monthly,23,3
2024-07-31,paid_social,paid_social-prospecting_broad,voluntary,monthly,24,1
2024-08-31,direct,direct,active_account,annual,23,295
2024-08-31,direct,direct,active_account,monthly,23,348
2024-08-31,direct,direct,payment_failed,annual,12,3
2024-08-31,direct,direct,payment_failed,annual,13,20
2024-08-31,direct,direct,payment_failed,monthly,1,1
2024-08-31,direct,direct,payment_failed,monthly,2,13
2024-08-31,direct,direct,payment_failed,monthly,3,9
2024-08-31,direct,direct,payment_failed,monthly,4,6
2024-08-31,direct,direct,payment_failed,monthly,5,6
2024-08-31,direct,direct,payment_failed,monthly,6,6
2024-08-31,direct,direct,payment_failed,monthly,7,7
2024-08-31,direct,direct,payment_failed,monthly,8,9
2024-08-31,direct,direct,payment_failed,monthly,9,1
2024-08-31,direct,direct,payment_failed,monthly,10,4
2024-08-31,direct,direct,payment_failed,monthly,11,11
2024-08-31,direct,direct,payment_failed,monthly,13,3
2024-08-31,direct,direct,payment_failed,monthly,14,4
2024-08-31,direct,direct,payment_failed,monthly,15,3
2024-08-31,direct,direct,payment_failed,monthly,16,7
2024-08-31,direct,direct,payment_failed,monthly,17,3
2024-08-31,direct,direct,payment_failed,monthly,18,1
2024-08-31,direct,direct,payment_failed,monthly,19,7
2024-08-31,direct,direct,payment_failed,monthly,20,3
2024-08-31,direct,direct,payment_failed,monthly,21,1
2024-08-31,direct,direct,payment_failed,monthly,22,2
2024-08-31,direct,direct,voluntary,annual,12,90
2024-08-31,direct,direct,voluntary,monthly,1,89
2024-08-31,direct,direct,voluntary,monthly,2,51
2024-08-31,direct,direct,voluntary,monthly,3,35
2024-08-31,direct,direct,voluntary,monthly,4,16
2024-08-31,direct,direct,voluntary,monthly,5,18
2024-08-31,direct,direct,voluntary,monthly,6,10
2024-08-31,direct,direct,voluntary,monthly,7,6
2024-08-31,direct,direct,voluntary,monthly,8,7
2024-08-31,direct,direct,voluntary,monthly,9,7
2024-08-31,direct,direct,voluntary,monthly,10,8
2024-08-31,direct,direct,voluntary,monthly,11,3
2024-08-31,direct,direct,voluntary,monthly,12,2
2024-08-31,direct,direct,voluntary,monthly,13,5
2024-08-31,direct,direct,voluntary,monthly,14,5
2024-08-31,direct,direct,voluntary,monthly,15,8
2024-08-31,direct,direct,voluntary,monthly,16,7
2024-08-31,direct,direct,voluntary,monthly,17,2
2024-08-31,direct,direct,voluntary,monthly,18,1
2024-08-31,direct,direct,voluntary,monthly,20,2
2024-08-31,direct,direct,voluntary,monthly,21,4
2024-08-31,direct,direct,voluntary,monthly,22,1
2024-08-31,email,email,active_account,annual,23,303
2024-08-31,email,email,active_account,monthly,23,194
2024-08-31,email,email,payment_failed,annual,12,4
2024-08-31,email,email,payment_failed,annual,13,13
2024-08-31,email,email,payment_failed,monthly,2,3
2024-08-31,email,email,payment_failed,monthly,3,8
2024-08-31,email,email,payment_failed,monthly,4,3
2024-08-31,email,email,payment_failed,monthly,5,3
2024-08-31,email,email,payment_failed,monthly,6,6
2024-08-31,email,email,payment_failed,monthly,7,4
2024-08-31,email,email,payment_failed,monthly,8,3
2024-08-31,email,email,payment_failed,monthly,9,4
2024-08-31,email,email,payment_failed,monthly,10,3
2024-08-31,email,email,payment_failed,monthly,11,4
2024-08-31,email,email,payment_failed,monthly,12,4
2024-08-31,email,email,payment_failed,monthly,13,4
2024-08-31,email,email,payment_failed,monthly,15,1
2024-08-31,email,email,payment_failed,monthly,16,4
2024-08-31,email,email,payment_failed,monthly,17,4
2024-08-31,email,email,payment_failed,monthly,18,2
2024-08-31,email,email,payment_failed,monthly,19,3
2024-08-31,email,email,payment_failed,monthly,20,1
2024-08-31,email,email,payment_failed,monthly,21,1
2024-08-31,email,email,payment_failed,monthly,22,1
2024-08-31,email,email,voluntary,annual,12,44
2024-08-31,email,email,voluntary,monthly,1,17
2024-08-31,email,email,voluntary,monthly,2,9
2024-08-31,email,email,voluntary,monthly,3,9
2024-08-31,email,email,voluntary,monthly,4,9
2024-08-31,email,email,voluntary,monthly,5,2
2024-08-31,email,email,voluntary,monthly,6,3
2024-08-31,email,email,voluntary,monthly,7,3
2024-08-31,email,email,voluntary,monthly,8,3
2024-08-31,email,email,voluntary,monthly,9,1
2024-08-31,email,email,voluntary,monthly,10,3
2024-08-31,email,email,voluntary,monthly,11,1
2024-08-31,email,email,voluntary,monthly,12,1
2024-08-31,email,email,voluntary,monthly,13,3
2024-08-31,email,email,voluntary,monthly,16,1
2024-08-31,email,email,voluntary,monthly,17,2
2024-08-31,email,email,voluntary,monthly,21,1
2024-08-31,organic_search,organic_search,active_account,annual,23,147
2024-08-31,organic_search,organic_search,active_account,monthly,23,245
2024-08-31,organic_search,organic_search,payment_failed,annual,12,2
2024-08-31,organic_search,organic_search,payment_failed,annual,13,7
2024-08-31,organic_search,organic_search,payment_failed,monthly,2,7
2024-08-31,organic_search,organic_search,payment_failed,monthly,3,5
2024-08-31,organic_search,organic_search,payment_failed,monthly,4,5
2024-08-31,organic_search,organic_search,payment_failed,monthly,5,7
2024-08-31,organic_search,organic_search,payment_failed,monthly,6,4
2024-08-31,organic_search,organic_search,payment_failed,monthly,7,5
2024-08-31,organic_search,organic_search,payment_failed,monthly,8,9
2024-08-31,organic_search,organic_search,payment_failed,monthly,9,8
2024-08-31,organic_search,organic_search,payment_failed,monthly,10,10
2024-08-31,organic_search,organic_search,payment_failed,monthly,11,3
2024-08-31,organic_search,organic_search,payment_failed,monthly,12,1
2024-08-31,organic_search,organic_search,payment_failed,monthly,13,2
2024-08-31,organic_search,organic_search,payment_failed,monthly,14,5
2024-08-31,organic_search,organic_search,payment_failed,monthly,15,3
2024-08-31,organic_search,organic_search,payment_failed,monthly,16,5
2024-08-31,organic_search,organic_search,payment_failed,monthly,17,3
2024-08-31,organic_search,organic_search,payment_failed,monthly,18,3
2024-08-31,organic_search,organic_search,payment_failed,monthly,19,3
2024-08-31,organic_search,organic_search,payment_failed,monthly,20,5
2024-08-31,organic_search,organic_search,payment_failed,monthly,21,3
2024-08-31,organic_search,organic_search,payment_failed,monthly,22,2
2024-08-31,organic_search,organic_search,voluntary,annual,12,51
2024-08-31,organic_search,organic_search,voluntary,monthly,1,74
2024-08-31,organic_search,organic_search,voluntary,monthly,2,42
2024-08-31,organic_search,organic_search,voluntary,monthly,3,28
2024-08-31,organic_search,organic_search,voluntary,monthly,4,12
2024-08-31,organic_search,organic_search,voluntary,monthly,5,7
2024-08-31,organic_search,organic_search,voluntary,monthly,6,3
2024-08-31,organic_search,organic_search,voluntary,monthly,7,8
2024-08-31,organic_search,organic_search,voluntary,monthly,8,8
2024-08-31,organic_search,organic_search,voluntary,monthly,9,4
2024-08-31,organic_search,organic_search,voluntary,monthly,10,6
2024-08-31,organic_search,organic_search,voluntary,monthly,11,5
2024-08-31,organic_search,organic_search,voluntary,monthly,12,3
2024-08-31,organic_search,organic_search,voluntary,monthly,13,2
2024-08-31,organic_search,organic_search,voluntary,monthly,14,2
2024-08-31,organic_search,organic_search,voluntary,monthly,15,2
2024-08-31,organic_search,organic_search,voluntary,monthly,16,3
2024-08-31,organic_search,organic_search,voluntary,monthly,17,4
2024-08-31,organic_search,organic_search,voluntary,monthly,18,3
2024-08-31,organic_search,organic_search,voluntary,monthly,19,1
2024-08-31,organic_search,organic_search,voluntary,monthly,20,1
2024-08-31,organic_search,organic_search,voluntary,monthly,21,2
2024-08-31,organic_search,organic_search,voluntary,monthly,22,2
2024-08-31,organic_social,organic_social,active_account,annual,23,46
2024-08-31,organic_social,organic_social,active_account,monthly,23,102
2024-08-31,organic_social,organic_social,payment_failed,monthly,2,5
2024-08-31,organic_social,organic_social,payment_failed,monthly,3,7
2024-08-31,organic_social,organic_social,payment_failed,monthly,4,4
2024-08-31,organic_social,organic_social,payment_failed,monthly,5,1
2024-08-31,organic_social,organic_social,payment_failed,monthly,6,2
2024-08-31,organic_social,organic_social,payment_failed,monthly,7,1
2024-08-31,organic_social,organic_social,payment_failed,monthly,8,1
2024-08-31,organic_social,organic_social,payment_failed,monthly,9,4
2024-08-31,organic_social,organic_social,payment_failed,monthly,10,1
2024-08-31,organic_social,organic_social,payment_failed,monthly,11,2
2024-08-31,organic_social,organic_social,payment_failed,monthly,12,1
2024-08-31,organic_social,organic_social,payment_failed,monthly,13,2
2024-08-31,organic_social,organic_social,payment_failed,monthly,14,2
2024-08-31,organic_social,organic_social,payment_failed,monthly,15,2
2024-08-31,organic_social,organic_social,payment_failed,monthly,16,1
2024-08-31,organic_social,organic_social,payment_failed,monthly,17,3
2024-08-31,organic_social,organic_social,payment_failed,monthly,18,2
2024-08-31,organic_social,organic_social,payment_failed,monthly,19,2
2024-08-31,organic_social,organic_social,payment_failed,monthly,20,1
2024-08-31,organic_social,organic_social,payment_failed,monthly,22,2
2024-08-31,organic_social,organic_social,voluntary,annual,12,12
2024-08-31,organic_social,organic_social,voluntary,monthly,1,61
2024-08-31,organic_social,organic_social,voluntary,monthly,2,30
2024-08-31,organic_social,organic_social,voluntary,monthly,3,15
2024-08-31,organic_social,organic_social,voluntary,monthly,4,13
2024-08-31,organic_social,organic_social,voluntary,monthly,5,13
2024-08-31,organic_social,organic_social,voluntary,monthly,6,6
2024-08-31,organic_social,organic_social,voluntary,monthly,7,5
2024-08-31,organic_social,organic_social,voluntary,monthly,8,8
2024-08-31,organic_social,organic_social,voluntary,monthly,9,3
2024-08-31,organic_social,organic_social,voluntary,monthly,10,2
2024-08-31,organic_social,organic_social,voluntary,monthly,11,4
2024-08-31,organic_social,organic_social,voluntary,monthly,12,3
2024-08-31,organic_social,organic_social,voluntary,monthly,14,2
2024-08-31,organic_social,organic_social,voluntary,monthly,15,2
2024-08-31,organic_social,organic_social,voluntary,monthly,16,3
2024-08-31,organic_social,organic_social,voluntary,monthly,17,2
2024-08-31,organic_social,organic_social,voluntary,monthly,18,1
2024-08-31,organic_social,organic_social,voluntary,monthly,19,1
2024-08-31,organic_social,organic_social,voluntary,monthly,20,3
2024-08-31,organic_social,organic_social,voluntary,monthly,21,3
2024-08-31,organic_social,organic_social,voluntary,monthly,22,2
2024-08-31,paid_social,paid_social-lookalike_subscribers,active_account,annual,23,74
2024-08-31,paid_social,paid_social-lookalike_subscribers,active_account,monthly,23,89
2024-08-31,paid_social,paid_social-lookalike_subscribers,payment_failed,annual,12,1
2024-08-31,paid_social,paid_social-lookalike_subscribers,payment_failed,annual,13,2
2024-08-31,paid_social,paid_social-lookalike_subscribers,payment_failed,monthly,2,1
2024-08-31,paid_social,paid_social-lookalike_subscribers,payment_failed,monthly,3,1
2024-08-31,paid_social,paid_social-lookalike_subscribers,payment_failed,monthly,4,3
2024-08-31,paid_social,paid_social-lookalike_subscribers,payment_failed,monthly,5,1
2024-08-31,paid_social,paid_social-lookalike_subscribers,payment_failed,monthly,6,3
2024-08-31,paid_social,paid_social-lookalike_subscribers,payment_failed,monthly,7,1
2024-08-31,paid_social,paid_social-lookalike_subscribers,payment_failed,monthly,10,4
2024-08-31,paid_social,paid_social-lookalike_subscribers,payment_failed,monthly,11,1
2024-08-31,paid_social,paid_social-lookalike_subscribers,payment_failed,monthly,12,3
2024-08-31,paid_social,paid_social-lookalike_subscribers,payment_failed,monthly,13,2
2024-08-31,paid_social,paid_social-lookalike_subscribers,payment_failed,monthly,14,1
2024-08-31,paid_social,paid_social-lookalike_subscribers,payment_failed,monthly,15,1
2024-08-31,paid_social,paid_social-lookalike_subscribers,payment_failed,monthly,18,1
2024-08-31,paid_social,paid_social-lookalike_subscribers,payment_failed,monthly,23,1
2024-08-31,paid_social,paid_social-lookalike_subscribers,voluntary,annual,12,29
2024-08-31,paid_social,paid_social-lookalike_subscribers,voluntary,monthly,1,32
2024-08-31,paid_social,paid_social-lookalike_subscribers,voluntary,monthly,2,9
2024-08-31,paid_social,paid_social-lookalike_subscribers,voluntary,monthly,3,6
2024-08-31,paid_social,paid_social-lookalike_subscribers,voluntary,monthly,4,3
2024-08-31,paid_social,paid_social-lookalike_subscribers,voluntary,monthly,5,4
2024-08-31,paid_social,paid_social-lookalike_subscribers,voluntary,monthly,6,2
2024-08-31,paid_social,paid_social-lookalike_subscribers,voluntary,monthly,7,2
2024-08-31,paid_social,paid_social-lookalike_subscribers,voluntary,monthly,8,2
2024-08-31,paid_social,paid_social-lookalike_subscribers,voluntary,monthly,9,2
2024-08-31,paid_social,paid_social-lookalike_subscribers,voluntary,monthly,10,3
2024-08-31,paid_social,paid_social-lookalike_subscribers,voluntary,monthly,11,3
2024-08-31,paid_social,paid_social-lookalike_subscribers,voluntary,monthly,12,1
2024-08-31,paid_social,paid_social-lookalike_subscribers,voluntary,monthly,13,1
2024-08-31,paid_social,paid_social-lookalike_subscribers,voluntary,monthly,14,1
2024-08-31,paid_social,paid_social-lookalike_subscribers,voluntary,monthly,15,1
2024-08-31,paid_social,paid_social-lookalike_subscribers,voluntary,monthly,18,2
2024-08-31,paid_social,paid_social-lookalike_subscribers,voluntary,monthly,22,1
2024-08-31,paid_social,paid_social-prospecting_broad,active_account,annual,23,70
2024-08-31,paid_social,paid_social-prospecting_broad,active_account,monthly,23,129
2024-08-31,paid_social,paid_social-prospecting_broad,payment_failed,annual,12,1
2024-08-31,paid_social,paid_social-prospecting_broad,payment_failed,annual,13,5
2024-08-31,paid_social,paid_social-prospecting_broad,payment_failed,monthly,2,1
2024-08-31,paid_social,paid_social-prospecting_broad,payment_failed,monthly,3,7
2024-08-31,paid_social,paid_social-prospecting_broad,payment_failed,monthly,4,3
2024-08-31,paid_social,paid_social-prospecting_broad,payment_failed,monthly,5,6
2024-08-31,paid_social,paid_social-prospecting_broad,payment_failed,monthly,6,2
2024-08-31,paid_social,paid_social-prospecting_broad,payment_failed,monthly,7,5
2024-08-31,paid_social,paid_social-prospecting_broad,payment_failed,monthly,8,4
2024-08-31,paid_social,paid_social-prospecting_broad,payment_failed,monthly,9,2
2024-08-31,paid_social,paid_social-prospecting_broad,payment_failed,monthly,10,2
2024-08-31,paid_social,paid_social-prospecting_broad,payment_failed,monthly,11,1
2024-08-31,paid_social,paid_social-prospecting_broad,payment_failed,monthly,12,2
2024-08-31,paid_social,paid_social-prospecting_broad,payment_failed,monthly,13,4
2024-08-31,paid_social,paid_social-prospecting_broad,payment_failed,monthly,16,1
2024-08-31,paid_social,paid_social-prospecting_broad,payment_failed,monthly,17,3
2024-08-31,paid_social,paid_social-prospecting_broad,payment_failed,monthly,18,2
2024-08-31,paid_social,paid_social-prospecting_broad,payment_failed,monthly,20,4
2024-08-31,paid_social,paid_social-prospecting_broad,voluntary,annual,12,42
2024-08-31,paid_social,paid_social-prospecting_broad,voluntary,monthly,1,102
2024-08-31,paid_social,paid_social-prospecting_broad,voluntary,monthly,2,43
2024-08-31,paid_social,paid_social-prospecting_broad,voluntary,monthly,3,32
2024-08-31,paid_social,paid_social-prospecting_broad,voluntary,monthly,4,9
2024-08-31,paid_social,paid_social-prospecting_broad,voluntary,monthly,5,11
2024-08-31,paid_social,paid_social-prospecting_broad,voluntary,monthly,6,6
2024-08-31,paid_social,paid_social-prospecting_broad,voluntary,monthly,7,6
2024-08-31,paid_social,paid_social-prospecting_broad,voluntary,monthly,8,4
2024-08-31,paid_social,paid_social-prospecting_broad,voluntary,monthly,9,2
2024-08-31,paid_social,paid_social-prospecting_broad,voluntary,monthly,10,2
2024-08-31,paid_social,paid_social-prospecting_broad,voluntary,monthly,11,6
2024-08-31,paid_social,paid_social-prospecting_broad,voluntary,monthly,12,3
2024-08-31,paid_social,paid_social-prospecting_broad,voluntary,monthly,13,2
2024-08-31,paid_social,paid_social-prospecting_broad,voluntary,monthly,15,1
2024-08-31,paid_social,paid_social-prospecting_broad,voluntary,monthly,16,2
2024-08-31,paid_social,paid_social-prospecting_broad,voluntary,monthly,17,3
2024-08-31,paid_social,paid_social-prospecting_broad,voluntary,monthly,20,2
2024-08-31,paid_social,paid_social-prospecting_broad,voluntary,monthly,22,2
2024-09-30,direct,direct,active_account,annual,22,287
2024-09-30,direct,direct,active_account,monthly,22,330
2024-09-30,direct,direct,payment_failed,annual,12,2
2024-09-30,direct,direct,payment_failed,annual,13,20
2024-09-30,direct,direct,payment_failed,monthly,1,1
2024-09-30,direct,direct,payment_failed,monthly,2,13
2024-09-30,direct,direct,payment_failed,monthly,3,8
2024-09-30,direct,direct,payment_failed,monthly,4,6
2024-09-30,direct,direct,payment_failed,monthly,5,6
2024-09-30,direct,direct,payment_failed,monthly,6,8
2024-09-30,direct,direct,payment_failed,monthly,7,6
2024-09-30,direct,direct,payment_failed,monthly,8,8
2024-09-30,direct,direct,payment_failed,monthly,9,5
2024-09-30,direct,direct,payment_failed,monthly,10,5
2024-09-30,direct,direct,payment_failed,monthly,11,7
2024-09-30,direct,direct,payment_failed,monthly,12,3
2024-09-30,direct,direct,payment_failed,monthly,13,4
2024-09-30,direct,direct,payment_failed,monthly,14,4
2024-09-30,direct,direct,payment_failed,monthly,15,6
2024-09-30,direct,direct,payment_failed,monthly,16,6
2024-09-30,direct,direct,payment_failed,monthly,17,5
2024-09-30,direct,direct,payment_failed,monthly,18,2
2024-09-30,direct,direct,payment_failed,monthly,19,7
2024-09-30,direct,direct,payment_failed,monthly,20,6
2024-09-30,direct,direct,payment_failed,monthly,21,2
2024-09-30,direct,direct,voluntary,annual,12,87
2024-09-30,direct,direct,voluntary,monthly,1,93
2024-09-30,direct,direct,voluntary,monthly,2,40
2024-09-30,direct,direct,voluntary,monthly,3,40
2024-09-30,direct,direct,voluntary,monthly,4,15
2024-09-30,direct,direct,voluntary,monthly,5,16
2024-09-30,direct,direct,voluntary,monthly,6,9
2024-09-30,direct,direct,voluntary,monthly,7,4
2024-09-30,direct,direct,voluntary,monthly,8,3
2024-09-30,direct,direct,voluntary,monthly,9,7
2024-09-30,direct,direct,voluntary,monthly,10,3
2024-09-30,direct,direct,voluntary,monthly,11,6
2024-09-30,direct,direct,voluntary,monthly,12,1
2024-09-30,direct,direct,voluntary,monthly,13,3
2024-09-30,direct,direct,voluntary,monthly,14,3
2024-09-30,direct,direct,voluntary,monthly,15,2
2024-09-30,direct,direct,voluntary,monthly,16,4
2024-09-30,direct,direct,voluntary,monthly,17,4
2024-09-30,direct,direct,voluntary,monthly,18,3
2024-09-30,direct,direct,voluntary,monthly,19,4
2024-09-30,direct,direct,voluntary,monthly,20,4
2024-09-30,direct,direct,voluntary,monthly,22,1
2024-09-30,email,email,active_account,annual,22,285
2024-09-30,email,email,active_account,monthly,22,162
2024-09-30,email,email,payment_failed,annual,12,1
2024-09-30,email,email,payment_failed,annual,13,21
2024-09-30,email,email,payment_failed,monthly,2,6
2024-09-30,email,email,payment_failed,monthly,3,3
2024-09-30,email,email,payment_failed,monthly,4,6
2024-09-30,email,email,payment_failed,monthly,5,2
2024-09-30,email,email,payment_failed,monthly,6,1
2024-09-30,email,email,payment_failed,monthly,7,3
2024-09-30,email,email,payment_failed,monthly,8,1
2024-09-30,email,email,payment_failed,monthly,9,3
2024-09-30,email,email,payment_failed,monthly,11,3
2024-09-30,email,email,payment_failed,monthly,12,2
2024-09-30,email,email,payment_failed,monthly,13,4
2024-09-30,email,email,payment_failed,monthly,14,3
2024-09-30,email,email,payment_failed,monthly,15,5
2024-09-30,email,email,payment_failed,monthly,16,2
2024-09-30,email,email,payment_failed,monthly,18,4
2024-09-30,email,email,payment_failed,monthly,19,1
2024-09-30,email,email,payment_failed,monthly,20,2
2024-09-30,email,email,payment_failed,monthly,21,1
2024-09-30,email,email,voluntary,annual,12,35
2024-09-30,email,email,voluntary,monthly,1,28
2024-09-30,email,email,voluntary,monthly,2,12
2024-09-30,email,email,voluntary,monthly,3,10
2024-09-30,email,email,voluntary,monthly,4,8
2024-09-30,email,email,voluntary,monthly,5,3
2024-09-30,email,email,voluntary,monthly,6,3
2024-09-30,email,email,voluntary,monthly,7,2
2024-09-30,email,email,voluntary,monthly,8,2
2024-09-30,email,email,voluntary,monthly,9,2
2024-09-30,email,email,voluntary,monthly,10,1
2024-09-30,email,email,voluntary,monthly,11,2
2024-09-30,email,email,voluntary,monthly,12,2
2024-09-30,email,email,voluntary,monthly,14,3
2024-09-30,email,email,voluntary,monthly,15,1
2024-09-30,email,email,voluntary,monthly,16,2
2024-09-30,email,email,voluntary,monthly,17,2
2024-09-30,email,email,voluntary,monthly,19,1
2024-09-30,email,email,voluntary,monthly,20,1
2024-09-30,email,email,voluntary,monthly,21,2
2024-09-30,organic_search,organic_search,active_account,annual,22,171
2024-09-30,organic_search,organic_search,active_account,monthly,22,264
2024-09-30,organic_search,organic_search,payment_failed,annual,13,10
2024-09-30,organic_search,organic_search,payment_failed,monthly,2,11
2024-09-30,organic_search,organic_search,payment_failed,monthly,3,14
2024-09-30,organic_search,organic_search,payment_failed,monthly,4,4
2024-09-30,organic_search,organic_search,payment_failed,monthly,5,7
2024-09-30,organic_search,organic_search,payment_failed,monthly,6,3
2024-09-30,organic_search,organic_search,payment_failed,monthly,7,3
2024-09-30,organic_search,organic_search,payment_failed,monthly,8,7
2024-09-30,organic_search,organic_search,payment_failed,monthly,9,5
2024-09-30,organic_search,organic_search,payment_failed,monthly,10,3
2024-09-30,organic_search,organic_search,payment_failed,monthly,11,2
2024-09-30,organic_search,organic_search,payment_failed,monthly,12,1
2024-09-30,organic_search,organic_search,payment_failed,monthly,13,3
2024-09-30,organic_search,organic_search,payment_failed,monthly,14,6
2024-09-30,organic_search,organic_search,payment_failed,monthly,15,7
2024-09-30,organic_search,organic_search,payment_failed,monthly,16,2
2024-09-30,organic_search,organic_search,payment_failed,monthly,17,3
2024-09-30,organic_search,organic_search,payment_failed,monthly,18,3
2024-09-30,organic_search,organic_search,payment_failed,monthly,19,1
2024-09-30,organic_search,organic_search,payment_failed,monthly,21,4
2024-09-30,organic_search,organic_search,voluntary,annual,12,49
2024-09-30,organic_search,organic_search,voluntary,monthly,1,80
2024-09-30,organic_search,organic_search,voluntary,monthly,2,28
2024-09-30,organic_search,organic_search,voluntary,monthly,3,29
2024-09-30,organic_search,organic_search,voluntary,monthly,4,19
2024-09-30,organic_search,organic_search,voluntary,monthly,5,11
2024-09-30,organic_search,organic_search,voluntary,monthly,6,6
2024-09-30,organic_search,organic_search,voluntary,monthly,7,7
2024-09-30,organic_search,organic_search,voluntary,monthly,8,8
2024-09-30,organic_search,organic_search,voluntary,monthly,9,3
2024-09-30,organic_search,organic_search,voluntary,monthly,10,5
2024-09-30,organic_search,organic_search,voluntary,monthly,11,4
2024-09-30,organic_search,organic_search,voluntary,monthly,12,4
2024-09-30,organic_search,organic_search,voluntary,monthly,13,2
2024-09-30,organic_search,organic_search,voluntary,monthly,14,4
2024-09-30,organic_search,organic_search,voluntary,monthly,17,1
2024-09-30,organic_search,organic_search,voluntary,monthly,18,2
2024-09-30,organic_search,organic_search,voluntary,monthly,19,2
2024-09-30,organic_search,organic_search,voluntary,monthly,20,3
2024-09-30,organic_search,organic_search,voluntary,monthly,21,5
2024-09-30,organic_social,organic_social,active_account,annual,22,30
2024-09-30,organic_social,organic_social,active_account,monthly,22,110
2024-09-30,organic_social,organic_social,payment_failed,annual,13,2
2024-09-30,organic_social,organic_social,payment_failed,monthly,2,3
2024-09-30,organic_social,organic_social,payment_failed,monthly,3,6
2024-09-30,organic_social,organic_social,payment_failed,monthly,4,1
2024-09-30,organic_social,organic_social,payment_failed,monthly,5,1
2024-09-30,organic_social,organic_social,payment_failed,monthly,6,3
2024-09-30,organic_social,organic_social,payment_failed,monthly,7,2
2024-09-30,organic_social,organic_social,payment_failed,monthly,8,2
2024-09-30,organic_social,organic_social,payment_failed,monthly,9,2
2024-09-30,organic_social,organic_social,payment_failed,monthly,12,1
2024-09-30,organic_social,organic_social,payment_failed,monthly,14,1
2024-09-30,organic_social,organic_social,payment_failed,monthly,15,2
2024-09-30,organic_social,organic_social,payment_failed,monthly,16,3
2024-09-30,organic_social,organic_social,payment_failed,monthly,17,2
2024-09-30,organic_social,organic_social,payment_failed,monthly,19,1
2024-09-30,organic_social,organic_social,payment_failed,monthly,21,3
2024-09-30,organic_social,organic_social,voluntary,annual,12,29
2024-09-30,organic_social,organic_social,voluntary,monthly,1,66
2024-09-30,organic_social,organic_social,voluntary,monthly,2,26
2024-09-30,organic_social,organic_social,voluntary,monthly,3,23
2024-09-30,organic_social,organic_social,voluntary,monthly,4,9
2024-09-30,organic_social,organic_social,voluntary,monthly,5,6
2024-09-30,organic_social,organic_social,voluntary,monthly,6,8
2024-09-30,organic_social,organic_social,voluntary,monthly,7,5
2024-09-30,organic_social,organic_social,voluntary,monthly,8,4
2024-09-30,organic_social,organic_social,voluntary,monthly,9,5
2024-09-30,organic_social,organic_social,voluntary,monthly,10,3
2024-09-30,organic_social,organic_social,voluntary,monthly,12,3
2024-09-30,organic_social,organic_social,voluntary,monthly,14,2
2024-09-30,organic_social,organic_social,voluntary,monthly,15,2
2024-09-30,organic_social,organic_social,voluntary,monthly,16,1
2024-09-30,organic_social,organic_social,voluntary,monthly,18,3
2024-09-30,paid_social,paid_social-lookalike_subscribers,active_account,annual,22,71
2024-09-30,paid_social,paid_social-lookalike_subscribers,active_account,monthly,22,72
2024-09-30,paid_social,paid_social-lookalike_subscribers,payment_failed,annual,12,1
2024-09-30,paid_social,paid_social-lookalike_subscribers,payment_failed,annual,13,6
2024-09-30,paid_social,paid_social-lookalike_subscribers,payment_failed,monthly,1,1
2024-09-30,paid_social,paid_social-lookalike_subscribers,payment_failed,monthly,2,5
2024-09-30,paid_social,paid_social-lookalike_subscribers,payment_failed,monthly,3,1
2024-09-30,paid_social,paid_social-lookalike_subscribers,payment_failed,monthly,4,2
2024-09-30,paid_social,paid_social-lookalike_subscribers,payment_failed,monthly,5,1
2024-09-30,paid_social,paid_social-lookalike_subscribers,payment_failed,monthly,6,2
2024-09-30,paid_social,paid_social-lookalike_subscribers,payment_failed,monthly,7,1
2024-09-30,paid_social,paid_social-lookalike_subscribers,payment_failed,monthly,8,3
2024-09-30,paid_social,paid_social-lookalike_subscribers,payment_failed,monthly,9,1
2024-09-30,paid_social,paid_social-lookalike_subscribers,payment_failed,monthly,10,1
2024-09-30,paid_social,paid_social-lookalike_subscribers,payment_failed,monthly,13,2
2024-09-30,paid_social,paid_social-lookalike_subscribers,payment_failed,monthly,14,1
2024-09-30,paid_social,paid_social-lookalike_subscribers,payment_failed,monthly,15,1
2024-09-30,paid_social,paid_social-lookalike_subscribers,payment_failed,monthly,16,2
2024-09-30,paid_social,paid_social-lookalike_subscribers,payment_failed,monthly,17,1
2024-09-30,paid_social,paid_social-lookalike_subscribers,payment_failed,monthly,18,2
2024-09-30,paid_social,paid_social-lookalike_subscribers,payment_failed,monthly,19,1
2024-09-30,paid_social,paid_social-lookalike_subscribers,payment_failed,monthly,21,3
2024-09-30,paid_social,paid_social-lookalike_subscribers,voluntary,annual,12,27
2024-09-30,paid_social,paid_social-lookalike_subscribers,voluntary,monthly,1,29
2024-09-30,paid_social,paid_social-lookalike_subscribers,voluntary,monthly,2,16
2024-09-30,paid_social,paid_social-lookalike_subscribers,voluntary,monthly,3,9
2024-09-30,paid_social,paid_social-lookalike_subscribers,voluntary,monthly,4,6
2024-09-30,paid_social,paid_social-lookalike_subscribers,voluntary,monthly,5,3
2024-09-30,paid_social,paid_social-lookalike_subscribers,voluntary,monthly,6,1
2024-09-30,paid_social,paid_social-lookalike_subscribers,voluntary,monthly,7,1
2024-09-30,paid_social,paid_social-lookalike_subscribers,voluntary,monthly,8,2
2024-09-30,paid_social,paid_social-lookalike_subscribers,voluntary,monthly,10,2
2024-09-30,paid_social,paid_social-lookalike_subscribers,voluntary,monthly,12,1
2024-09-30,paid_social,paid_social-lookalike_subscribers,voluntary,monthly,14,1
2024-09-30,paid_social,paid_social-lookalike_subscribers,voluntary,monthly,15,1
2024-09-30,paid_social,paid_social-lookalike_subscribers,voluntary,monthly,16,1
2024-09-30,paid_social,paid_social-lookalike_subscribers,voluntary,monthly,18,1
2024-09-30,paid_social,paid_social-lookalike_subscribers,voluntary,monthly,19,1
2024-09-30,paid_social,paid_social-lookalike_subscribers,voluntary,monthly,20,1
2024-09-30,paid_social,paid_social-lookalike_subscribers,voluntary,monthly,21,1
2024-09-30,paid_social,paid_social-prospecting_broad,active_account,annual,22,48
2024-09-30,paid_social,paid_social-prospecting_broad,active_account,monthly,22,122
2024-09-30,paid_social,paid_social-prospecting_broad,payment_failed,annual,13,8
2024-09-30,paid_social,paid_social-prospecting_broad,payment_failed,monthly,2,2
2024-09-30,paid_social,paid_social-prospecting_broad,payment_failed,monthly,3,4
2024-09-30,paid_social,paid_social-prospecting_broad,payment_failed,monthly,4,6
2024-09-30,paid_social,paid_social-prospecting_broad,payment_failed,monthly,5,11
2024-09-30,paid_social,paid_social-prospecting_broad,payment_failed,monthly,6,5
2024-09-30,paid_social,paid_social-prospecting_broad,payment_failed,monthly,7,2
2024-09-30,paid_social,paid_social-prospecting_broad,payment_failed,monthly,8,2
2024-09-30,paid_social,paid_social-prospecting_broad,payment_failed,monthly,9,3
2024-09-30,paid_social,paid_social-prospecting_broad,payment_failed,monthly,12,1
2024-09-30,paid_social,paid_social-prospecting_broad,payment_failed,monthly,13,2
2024-09-30,paid_social,paid_social-prospecting_broad,payment_failed,monthly,14,3
2024-09-30,paid_social,paid_social-prospecting_broad,payment_failed,monthly,16,4
2024-09-30,paid_social,paid_social-prospecting_broad,payment_failed,monthly,17,2
2024-09-30,paid_social,paid_social-prospecting_broad,payment_failed,monthly,19,1
2024-09-30,paid_social,paid_social-prospecting_broad,payment_failed,monthly,20,4
2024-09-30,paid_social,paid_social-prospecting_broad,payment_failed,monthly,21,2
2024-09-30,paid_social,paid_social-prospecting_broad,voluntary,annual,12,34
2024-09-30,paid_social,paid_social-prospecting_broad,voluntary,monthly,1,111
2024-09-30,paid_social,paid_social-prospecting_broad,voluntary,monthly,2,31
2024-09-30,paid_social,paid_social-prospecting_broad,voluntary,monthly,3,25
2024-09-30,paid_social,paid_social-prospecting_broad,voluntary,monthly,4,19
2024-09-30,paid_social,paid_social-prospecting_broad,voluntary,monthly,5,11
2024-09-30,paid_social,paid_social-prospecting_broad,voluntary,monthly,6,10
2024-09-30,paid_social,paid_social-prospecting_broad,voluntary,monthly,7,6
2024-09-30,paid_social,paid_social-prospecting_broad,voluntary,monthly,8,3
2024-09-30,paid_social,paid_social-prospecting_broad,voluntary,monthly,9,1
2024-09-30,paid_social,paid_social-prospecting_broad,voluntary,monthly,10,4
2024-09-30,paid_social,paid_social-prospecting_broad,voluntary,monthly,11,2
2024-09-30,paid_social,paid_social-prospecting_broad,voluntary,monthly,12,2
2024-09-30,paid_social,paid_social-prospecting_broad,voluntary,monthly,13,3
2024-09-30,paid_social,paid_social-prospecting_broad,voluntary,monthly,14,4
2024-09-30,paid_social,paid_social-prospecting_broad,voluntary,monthly,15,3
2024-09-30,paid_social,paid_social-prospecting_broad,voluntary,monthly,16,2
2024-09-30,paid_social,paid_social-prospecting_broad,voluntary,monthly,18,2
2024-09-30,paid_social,paid_social-prospecting_broad,voluntary,monthly,19,2
2024-09-30,paid_social,paid_social-prospecting_broad,voluntary,monthly,20,3
2024-09-30,paid_social,paid_social-prospecting_broad,voluntary,monthly,21,3
2024-10-31,direct,direct,active_account,annual,21,285
2024-10-31,direct,direct,active_account,monthly,21,356
2024-10-31,direct,direct,payment_failed,annual,12,2
2024-10-31,direct,direct,payment_failed,annual,13,14
2024-10-31,direct,direct,payment_failed,monthly,1,1
2024-10-31,direct,direct,payment_failed,monthly,2,9
2024-10-31,direct,direct,payment_failed,monthly,3,12
2024-10-31,direct,direct,payment_failed,monthly,4,8
2024-10-31,direct,direct,payment_failed,monthly,5,9
2024-10-31,direct,direct,payment_failed,monthly,6,7
2024-10-31,direct,direct,payment_failed,monthly,7,6
2024-10-31,direct,direct,payment_failed,monthly,8,5
2024-10-31,direct,direct,payment_failed,monthly,9,8
2024-10-31,direct,direct,payment_failed,monthly,10,4
2024-10-31,direct,direct,payment_failed,monthly,11,5
2024-10-31,direct,direct,payment_failed,monthly,12,8
2024-10-31,direct,direct,payment_failed,monthly,13,5
2024-10-31,direct,direct,payment_failed,monthly,14,5
2024-10-31,direct,direct,payment_failed,monthly,15,2
2024-10-31,direct,direct,payment_failed,monthly,16,1
2024-10-31,direct,direct,payment_failed,monthly,17,6
2024-10-31,direct,direct,payment_failed,monthly,18,7
2024-10-31,direct,direct,payment_failed,monthly,19,3
2024-10-31,direct,direct,payment_failed,monthly,20,2
2024-10-31,direct,direct,voluntary,annual,12,102
2024-10-31,direct,direct,voluntary,monthly,1,99
2024-10-31,direct,direct,voluntary,monthly,2,44
2024-10-31,direct,direct,voluntary,monthly,3,27
2024-10-31,direct,direct,voluntary,monthly,4,11
2024-10-31,direct,direct,voluntary,monthly,5,22
2024-10-31,direct,direct,voluntary,monthly,6,17
2024-10-31,direct,direct,voluntary,monthly,7,9
2024-10-31,direct,direct,voluntary,monthly,8,7
2024-10-31,direct,direct,voluntary,monthly,9,5
2024-10-31,direct,direct,voluntary,monthly,10,6
2024-10-31,direct,direct,voluntary,monthly,11,6
2024-10-31,direct,direct,voluntary,monthly,12,6
2024-10-31,direct,direct,voluntary,monthly,13,5
2024-10-31,direct,direct,voluntary,monthly,14,5
2024-10-31,direct,direct,voluntary,monthly,15,6
2024-10-31,direct,direct,voluntary,monthly,16,1
2024-10-31,direct,direct,voluntary,monthly,17,4
2024-10-31,direct,direct,voluntary,monthly,18,4
2024-10-31,direct,direct,voluntary,monthly,19,4
2024-10-31,direct,direct,voluntary,monthly,20,3
2024-10-31,email,email,active_account,annual,21,325
2024-10-31,email,email,active_account,monthly,21,200
2024-10-31,email,email,payment_failed,annual,12,3
2024-10-31,email,email,payment_failed,annual,13,18
2024-10-31,email,email,payment_failed,monthly,2,4
2024-10-31,email,email,payment_failed,monthly,3,5
2024-10-31,email,email,payment_failed,monthly,4,2
2024-10-31,email,email,payment_failed,monthly,5,1
2024-10-31,email,email,payment_failed,monthly,6,1
2024-10-31,email,email,payment_failed,monthly,7,5
2024-10-31,email,email,payment_failed,monthly,8,1
2024-10-31,email,email,payment_failed,monthly,9,2
2024-10-31,email,email,payment_failed,monthly,10,4
2024-10-31,email,email,payment_failed,monthly,11,4
2024-10-31,email,email,payment_failed,monthly,13,2
2024-10-31,email,email,payment_failed,monthly,16,2
2024-10-31,email,email,payment_failed,monthly,17,4
2024-10-31,email,email,payment_failed,monthly,18,2
2024-10-31,email,email,payment_failed,monthly,19,1
2024-10-31,email,email,payment_failed,monthly,20,1
2024-10-31,email,email,voluntary,annual,12,55
2024-10-31,email,email,voluntary,monthly,1,21
2024-10-31,email,email,voluntary,monthly,2,11
2024-10-31,email,email,voluntary,monthly,3,7
2024-10-31,email,email,voluntary,monthly,4,5
2024-10-31,email,email,voluntary,monthly,5,2
2024-10-31,email,email,voluntary,monthly,6,3
2024-10-31,email,email,voluntary,monthly,7,2
2024-10-31,email,email,voluntary,monthly,8,1
2024-10-31,email,email,voluntary,monthly,9,1
2024-10-31,email,email,voluntary,monthly,10,2
2024-10-31,email,email,voluntary,monthly,11,2
2024-10-31,email,email,voluntary,monthly,12,3
2024-10-31,email,email,voluntary,monthly,15,1
2024-10-31,email,email,voluntary,monthly,17,1
2024-10-31,email,email,voluntary,monthly,18,1
2024-10-31,organic_search,organic_search,active_account,annual,21,167
2024-10-31,organic_search,organic_search,active_account,monthly,21,273
2024-10-31,organic_search,organic_search,payment_failed,annual,12,3
2024-10-31,organic_search,organic_search,payment_failed,annual,13,15
2024-10-31,organic_search,organic_search,payment_failed,monthly,2,6
2024-10-31,organic_search,organic_search,payment_failed,monthly,3,9
2024-10-31,organic_search,organic_search,payment_failed,monthly,4,10
2024-10-31,organic_search,organic_search,payment_failed,monthly,5,4
2024-10-31,organic_search,organic_search,payment_failed,monthly,6,1
2024-10-31,organic_search,organic_search,payment_failed,monthly,7,9
2024-10-31,organic_search,organic_search,payment_failed,monthly,8,4
2024-10-31,organic_search,organic_search,payment_failed,monthly,9,5
2024-10-31,organic_search,organic_search,payment_failed,monthly,10,5
2024-10-31,organic_search,organic_search,payment_failed,monthly,11,3
2024-10-31,organic_search,organic_search,payment_failed,monthly,12,3
2024-10-31,organic_search,organic_search,payment_failed,monthly,13,1
2024-10-31,organic_search,organic_search,payment_failed,monthly,14,3
2024-10-31,organic_search,organic_search,payment_failed,monthly,15,4
2024-10-31,organic_search,organic_search,payment_failed,monthly,16,5
2024-10-31,organic_search,organic_search,payment_failed,monthly,17,1
2024-10-31,organic_search,organic_search,payment_failed,monthly,18,3
2024-10-31,organic_search,organic_search,payment_failed,monthly,19,2
2024-10-31,organic_search,organic_search,payment_failed,monthly,20,1
2024-10-31,organic_search,organic_search,voluntary,annual,12,68
2024-10-31,organic_search,organic_search,voluntary,monthly,1,86
2024-10-31,organic_search,organic_search,voluntary,monthly,2,33
2024-10-31,organic_search,organic_search,voluntary,monthly,3,25
2024-10-31,organic_search,organic_search,voluntary,monthly,4,16
2024-10-31,organic_search,organic_search,voluntary,monthly,5,12
2024-10-31,organic_search,organic_search,voluntary,monthly,6,8
2024-10-31,organic_search,organic_search,voluntary,monthly,7,6
2024-10-31,organic_search,organic_search,voluntary,monthly,8,6
2024-10-31,organic_search,organic_search,voluntary,monthly,9,4
2024-10-31,organic_search,organic_search,voluntary,monthly,10,4
2024-10-31,organic_search,organic_search,voluntary,monthly,11,1
2024-10-31,organic_search,organic_search,voluntary,monthly,12,5
2024-10-31,organic_search,organic_search,voluntary,monthly,13,3
2024-10-31,organic_search,organic_search,voluntary,monthly,14,2
2024-10-31,organic_search,organic_search,voluntary,monthly,15,5
2024-10-31,organic_search,organic_search,voluntary,monthly,16,4
2024-10-31,organic_search,organic_search,voluntary,monthly,17,3
2024-10-31,organic_search,organic_search,voluntary,monthly,18,4
2024-10-31,organic_search,organic_search,voluntary,monthly,20,3
2024-10-31,organic_social,organic_social,active_account,annual,21,31
2024-10-31,organic_social,organic_social,active_account,monthly,21,104
2024-10-31,organic_social,organic_social,payment_failed,annual,13,5
2024-10-31,organic_social,organic_social,payment_failed,monthly,2,9
2024-10-31,organic_social,organic_social,payment_failed,monthly,3,3
2024-10-31,organic_social,organic_social,payment_failed,monthly,4,5
2024-10-31,organic_social,organic_social,payment_failed,monthly,5,2
2024-10-31,organic_social,organic_social,payment_failed,monthly,7,2
2024-10-31,organic_social,organic_social,payment_failed,monthly,8,1
2024-10-31,organic_social,organic_social,payment_failed,monthly,9,1
2024-10-31,organic_social,organic_social,payment_failed,monthly,10,2
2024-10-31,organic_social,organic_social,payment_failed,monthly,11,2
2024-10-31,organic_social,organic_social,payment_failed,monthly,12,1
2024-10-31,organic_social,organic_social,payment_failed,monthly,13,2
2024-10-31,organic_social,organic_social,payment_failed,monthly,14,3
2024-10-31,organic_social,organic_social,payment_failed,monthly,15,4
2024-10-31,organic_social,organic_social,payment_failed,monthly,16,3
2024-10-31,organic_social,organic_social,payment_failed,monthly,17,1
2024-10-31,organic_social,organic_social,payment_failed,monthly,19,1
2024-10-31,organic_social,organic_social,payment_failed,monthly,20,2
2024-10-31,organic_social,organic_social,voluntary,annual,12,26
2024-10-31,organic_social,organic_social,voluntary,monthly,1,65
2024-10-31,organic_social,organic_social,voluntary,monthly,2,35
2024-10-31,organic_social,organic_social,voluntary,monthly,3,19
2024-10-31,organic_social,organic_social,voluntary,monthly,4,8
2024-10-31,organic_social,organic_social,voluntary,monthly,5,7
2024-10-31,organic_social,organic_social,voluntary,monthly,6,6
2024-10-31,organic_social,organic_social,voluntary,monthly,7,3
2024-10-31,organic_social,organic_social,voluntary,monthly,8,2
2024-10-31,organic_social,organic_social,voluntary,monthly,9,2
2024-10-31,organic_social,organic_social,voluntary,monthly,11,2
2024-10-31,organic_social,organic_social,voluntary,monthly,12,2
2024-10-31,organic_social,organic_social,voluntary,monthly,13,2
2024-10-31,organic_social,organic_social,voluntary,monthly,14,3
2024-10-31,organic_social,organic_social,voluntary,monthly,16,2
2024-10-31,organic_social,organic_social,voluntary,monthly,17,3
2024-10-31,organic_social,organic_social,voluntary,monthly,18,3
2024-10-31,paid_social,paid_social-lookalike_subscribers,active_account,annual,21,81
2024-10-31,paid_social,paid_social-lookalike_subscribers,active_account,monthly,21,95
2024-10-31,paid_social,paid_social-lookalike_subscribers,payment_failed,annual,12,2
2024-10-31,paid_social,paid_social-lookalike_subscribers,payment_failed,annual,13,5
2024-10-31,paid_social,paid_social-lookalike_subscribers,payment_failed,monthly,2,4
2024-10-31,paid_social,paid_social-lookalike_subscribers,payment_failed,monthly,3,1
2024-10-31,paid_social,paid_social-lookalike_subscribers,payment_failed,monthly,4,4
2024-10-31,paid_social,paid_social-lookalike_subscribers,payment_failed,monthly,5,2
2024-10-31,paid_social,paid_social-lookalike_subscribers,payment_failed,monthly,8,1
2024-10-31,paid_social,paid_social-lookalike_subscribers,payment_failed,monthly,9,1
2024-10-31,paid_social,paid_social-lookalike_subscribers,payment_failed,monthly,10,1
2024-10-31,paid_social,paid_social-lookalike_subscribers,payment_failed,monthly,11,3
2024-10-31,paid_social,paid_social-lookalike_subscribers,payment_failed,monthly,12,1
2024-10-31,paid_social,paid_social-lookalike_subscribers,payment_failed,monthly,13,3
2024-10-31,paid_social,paid_social-lookalike_subscribers,payment_failed,monthly,14,1
2024-10-31,paid_social,paid_social-lookalike_subscribers,payment_failed,monthly,15,1
2024-10-31,paid_social,paid_social-lookalike_subscribers,payment_failed,monthly,17,1
2024-10-31,paid_social,paid_social-lookalike_subscribers,payment_failed,monthly,19,3
2024-10-31,paid_social,paid_social-lookalike_subscribers,voluntary,annual,12,25
2024-10-31,paid_social,paid_social-lookalike_subscribers,voluntary,monthly,1,20
2024-10-31,paid_social,paid_social-lookalike_subscribers,voluntary,monthly,2,17
2024-10-31,paid_social,paid_social-lookalike_subscribers,voluntary,monthly,3,12
2024-10-31,paid_social,paid_social-lookalike_subscribers,voluntary,monthly,4,5
2024-10-31,paid_social,paid_social-lookalike_subscribers,voluntary,monthly,5,2
2024-10-31,paid_social,paid_social-lookalike_subscribers,voluntary,monthly,6,1
2024-10-31,paid_social,paid_social-lookalike_subscribers,voluntary,monthly,7,3
2024-10-31,paid_social,paid_social-lookalike_subscribers,voluntary,monthly,8,1
2024-10-31,paid_social,paid_social-lookalike_subscribers,voluntary,monthly,9,4
2024-10-31,paid_social,paid_social-lookalike_subscribers,voluntary,monthly,10,5
2024-10-31,paid_social,paid_social-lookalike_subscribers,voluntary,monthly,11,4
2024-10-31,paid_social,paid_social-lookalike_subscribers,voluntary,monthly,12,2
2024-10-31,paid_social,paid_social-lookalike_subscribers,voluntary,monthly,16,2
2024-10-31,paid_social,paid_social-lookalike_subscribers,voluntary,monthly,17,1
2024-10-31,paid_social,paid_social-lookalike_subscribers,voluntary,monthly,19,1
2024-10-31,paid_social,paid_social-prospecting_broad,active_account,annual,21,47
2024-10-31,paid_social,paid_social-prospecting_broad,active_account,monthly,21,125
2024-10-31,paid_social,paid_social-prospecting_broad,payment_failed,annual,13,2
2024-10-31,paid_social,paid_social-prospecting_broad,payment_failed,monthly,2,6
2024-10-31,paid_social,paid_social-prospecting_broad,payment_failed,monthly,3,7
2024-10-31,paid_social,paid_social-prospecting_broad,payment_failed,monthly,4,4
2024-10-31,paid_social,paid_social-prospecting_broad,payment_failed,monthly,5,4
2024-10-31,paid_social,paid_social-prospecting_broad,payment_failed,monthly,6,2
2024-10-31,paid_social,paid_social-prospecting_broad,payment_failed,monthly,7,1
2024-10-31,paid_social,paid_social-prospecting_broad,payment_failed,monthly,8,3
2024-10-31,paid_social,paid_social-prospecting_broad,payment_failed,monthly,9,6
2024-10-31,paid_social,paid_social-prospecting_broad,payment_failed,monthly,10,2
2024-10-31,paid_social,paid_social-prospecting_broad,payment_failed,monthly,12,3
2024-10-31,paid_social,paid_social-prospecting_broad,payment_failed,monthly,13,4
2024-10-31,paid_social,paid_social-prospecting_broad,payment_failed,monthly,14,1
2024-10-31,paid_social,paid_social-prospecting_broad,payment_failed,monthly,15,1
2024-10-31,paid_social,paid_social-prospecting_broad,payment_failed,monthly,17,3
2024-10-31,paid_social,paid_social-prospecting_broad,payment_failed,monthly,18,4
2024-10-31,paid_social,paid_social-prospecting_broad,payment_failed,monthly,19,1
2024-10-31,paid_social,paid_social-prospecting_broad,payment_failed,monthly,20,3
2024-10-31,paid_social,paid_social-prospecting_broad,voluntary,annual,12,46
2024-10-31,paid_social,paid_social-prospecting_broad,voluntary,monthly,1,125
2024-10-31,paid_social,paid_social-prospecting_broad,voluntary,monthly,2,37
2024-10-31,paid_social,paid_social-prospecting_broad,voluntary,monthly,3,27
2024-10-31,paid_social,paid_social-prospecting_broad,voluntary,monthly,4,11
2024-10-31,paid_social,paid_social-prospecting_broad,voluntary,monthly,5,12
2024-10-31,paid_social,paid_social-prospecting_broad,voluntary,monthly,6,14
2024-10-31,paid_social,paid_social-prospecting_broad,voluntary,monthly,7,5
2024-10-31,paid_social,paid_social-prospecting_broad,voluntary,monthly,8,4
2024-10-31,paid_social,paid_social-prospecting_broad,voluntary,monthly,9,3
2024-10-31,paid_social,paid_social-prospecting_broad,voluntary,monthly,10,3
2024-10-31,paid_social,paid_social-prospecting_broad,voluntary,monthly,12,1
2024-10-31,paid_social,paid_social-prospecting_broad,voluntary,monthly,13,4
2024-10-31,paid_social,paid_social-prospecting_broad,voluntary,monthly,14,2
2024-10-31,paid_social,paid_social-prospecting_broad,voluntary,monthly,15,1
2024-10-31,paid_social,paid_social-prospecting_broad,voluntary,monthly,16,1
2024-10-31,paid_social,paid_social-prospecting_broad,voluntary,monthly,17,4
2024-10-31,paid_social,paid_social-prospecting_broad,voluntary,monthly,18,5
2024-10-31,paid_social,paid_social-prospecting_broad,voluntary,monthly,20,1
2024-11-30,direct,direct,active_account,annual,20,294
2024-11-30,direct,direct,active_account,monthly,20,388
2024-11-30,direct,direct,payment_failed,annual,12,3
2024-11-30,direct,direct,payment_failed,annual,13,20
2024-11-30,direct,direct,payment_failed,monthly,2,13
2024-11-30,direct,direct,payment_failed,monthly,3,7
2024-11-30,direct,direct,payment_failed,monthly,4,11
2024-11-30,direct,direct,payment_failed,monthly,5,11
2024-11-30,direct,direct,payment_failed,monthly,6,4
2024-11-30,direct,direct,payment_failed,monthly,7,7
2024-11-30,direct,direct,payment_failed,monthly,8,6
2024-11-30,direct,direct,payment_failed,monthly,9,8
2024-11-30,direct,direct,payment_failed,monthly,10,12
2024-11-30,direct,direct,payment_failed,monthly,11,3
2024-11-30,direct,direct,payment_failed,monthly,12,5
2024-11-30,direct,direct,payment_failed,monthly,13,1
2024-11-30,direct,direct,payment_failed,monthly,14,4
2024-11-30,direct,direct,payment_failed,monthly,15,4
2024-11-30,direct,direct,payment_failed,monthly,16,3
2024-11-30,direct,direct,payment_failed,monthly,17,5
2024-11-30,direct,direct,payment_failed,monthly,18,6
2024-11-30,direct,direct,payment_failed,monthly,19,3
2024-11-30,direct,direct,payment_failed,monthly,20,1
2024-11-30,direct,direct,voluntary,annual,12,76
2024-11-30,direct,direct,voluntary,monthly,1,106
2024-11-30,direct,direct,voluntary,monthly,2,40
2024-11-30,direct,direct,voluntary,monthly,3,22
2024-11-30,direct,direct,voluntary,monthly,4,28
2024-11-30,direct,direct,voluntary,monthly,5,17
2024-11-30,direct,direct,voluntary,monthly,6,17
2024-11-30,direct,direct,voluntary,monthly,7,10
2024-11-30,direct,direct,voluntary,monthly,8,7
2024-11-30,direct,direct,voluntary,monthly,9,8
2024-11-30,direct,direct,voluntary,monthly,10,5
2024-11-30,direct,direct,voluntary,monthly,11,2
2024-11-30,direct,direct,voluntary,monthly,12,4
2024-11-30,direct,direct,voluntary,monthly,13,2
2024-11-30,direct,direct,voluntary,monthly,14,7
2024-11-30,direct,direct,voluntary,monthly,15,4
2024-11-30,direct,direct,voluntary,monthly,16,4
2024-11-30,direct,direct,voluntary,monthly,17,7
2024-11-30,direct,direct,voluntary,monthly,18,3
2024-11-30,direct,direct,voluntary,monthly,19,4
2024-11-30,email,email,active_account,annual,20,322
2024-11-30,email,email,active_account,monthly,20,214
2024-11-30,email,email,payment_failed,annual,12,3
2024-11-30,email,email,payment_failed,annual,13,17
2024-11-30,email,email,payment_failed,monthly,1,1
2024-11-30,email,email,payment_failed,monthly,2,3
2024-11-30,email,email,payment_failed,monthly,3,4
2024-11-30,email,email,payment_failed,monthly,4,3
2024-11-30,email,email,payment_failed,monthly,5,2
2024-11-30,email,email,payment_failed,monthly,6,3
2024-11-30,email,email,payment_failed,monthly,7,2
2024-11-30,email,email,payment_failed,monthly,8,4
2024-11-30,email,email,payment_failed,monthly,10,4
2024-11-30,email,email,payment_failed,monthly,11,3
2024-11-30,email,email,payment_failed,monthly,12,2
2024-11-30,email,email,payment_failed,monthly,13,1
2024-11-30,email,email,payment_failed,monthly,14,2
2024-11-30,email,email,payment_failed,monthly,15,2
2024-11-30,email,email,payment_failed,monthly,16,1
2024-11-30,email,email,payment_failed,monthly,17,1
2024-11-30,email,email,payment_failed,monthly,18,2
2024-11-30,email,email,payment_failed,monthly,19,2
2024-11-30,email,email,voluntary,annual,12,50
2024-11-30,email,email,voluntary,monthly,1,21
2024-11-30,email,email,voluntary,monthly,2,14
2024-11-30,email,email,voluntary,monthly,3,5
2024-11-30,email,email,voluntary,monthly,4,6
2024-11-30,email,email,voluntary,monthly,5,6
2024-11-30,email,email,voluntary,monthly,6,3
2024-11-30,email,email,voluntary,monthly,7,1
2024-11-30,email,email,voluntary,monthly,8,4
2024-11-30,email,email,voluntary,monthly,9,4
2024-11-30,email,email,voluntary,monthly,10,3
2024-11-30,email,email,voluntary,monthly,11,3
2024-11-30,email,email,voluntary,monthly,13,1
2024-11-30,email,email,voluntary,monthly,14,2
2024-11-30,email,email,voluntary,monthly,18,3
2024-11-30,organic_search,organic_search,active_account,annual,20,187
2024-11-30,organic_search,organic_search,active_account,monthly,20,295
2024-11-30,organic_search,organic_search,payment_failed,annual,12,1
2024-11-30,organic_search,organic_search,payment_failed,annual,13,15
2024-11-30,organic_search,organic_search,payment_failed,monthly,1,1
2024-11-30,organic_search,organic_search,payment_failed,monthly,2,13
2024-11-30,organic_search,organic_search,payment_failed,monthly,3,12
2024-11-30,organic_search,organic_search,payment_failed,monthly,4,3
2024-11-30,organic_search,organic_search,payment_failed,monthly,5,10
2024-11-30,organic_search,organic_search,payment_failed,monthly,6,5
2024-11-30,organic_search,organic_search,payment_failed,monthly,7,8
2024-11-30,organic_search,organic_search,payment_failed,monthly,8,7
2024-11-30,organic_search,organic_search,payment_failed,monthly,9,5
2024-11-30,organic_search,organic_search,payment_failed,monthly,10,3
2024-11-30,organic_search,organic_search,payment_failed,monthly,11,4
2024-11-30,organic_search,organic_search,payment_failed,monthly,12,6
2024-11-30,organic_search,organic_search,payment_failed,monthly,13,3
2024-11-30,organic_search,organic_search,payment_failed,monthly,14,1
2024-11-30,organic_search,organic_search,payment_failed,monthly,16,5
2024-11-30,organic_search,organic_search,payment_failed,monthly,17,1
2024-11-30,organic_search,organic_search,payment_failed,monthly,18,1
2024-11-30,organic_search,organic_search,payment_failed,monthly,19,4
2024-11-30,organic_search,organic_search,voluntary,annual,12,69
2024-11-30,organic_search,organic_search,voluntary,monthly,1,73
2024-11-30,organic_search,organic_search,voluntary,monthly,2,35
2024-11-30,organic_search,organic_search,voluntary,monthly,3,16
2024-11-30,organic_search,organic_search,voluntary,monthly,4,20
2024-11-30,organic_search,organic_search,voluntary,monthly,5,9
2024-11-30,organic_search,organic_search,voluntary,monthly,6,6
2024-11-30,organic_search,organic_search,voluntary,monthly,7,5
2024-11-30,organic_search,organic_search,voluntary,monthly,8,11
2024-11-30,organic_search,organic_search,voluntary,monthly,9,7
2024-11-30,organic_search,organic_search,voluntary,monthly,10,1
2024-11-30,organic_search,organic_search,voluntary,monthly,11,1
2024-11-30,organic_search,organic_search,voluntary,monthly,13,3
2024-11-30,organic_search,organic_search,voluntary,monthly,14,5
2024-11-30,organic_search,organic_search,voluntary,monthly,15,4
2024-11-30,organic_search,organic_search,voluntary,monthly,16,4
2024-11-30,organic_search,organic_search,voluntary,monthly,17,2
2024-11-30,organic_search,organic_search,voluntary,monthly,18,2
2024-11-30,organic_search,organic_search,voluntary,monthly,19,4
2024-11-30,organic_social,organic_social,active_account,annual,20,42
2024-11-30,organic_social,organic_social,active_account,monthly,20,111
2024-11-30,organic_social,organic_social,payment_failed,annual,13,4
2024-11-30,organic_social,organic_social,payment_failed,monthly,2,3
2024-11-30,organic_social,organic_social,payment_failed,monthly,3,2
2024-11-30,organic_social,organic_social,payment_failed,monthly,4,2
2024-11-30,organic_social,organic_social,payment_failed,monthly,5,2
2024-11-30,organic_social,organic_social,payment_failed,monthly,6,5
2024-11-30,organic_social,organic_social,payment_failed,monthly,7,2
2024-11-30,organic_social,organic_social,payment_failed,monthly,8,1
2024-11-30,organic_social,organic_social,payment_failed,monthly,9,2
2024-11-30,organic_social,organic_social,payment_failed,monthly,10,1
2024-11-30,organic_social,organic_social,payment_failed,monthly,11,1
2024-11-30,organic_social,organic_social,payment_failed,monthly,13,2
2024-11-30,organic_social,organic_social,payment_failed,monthly,14,2
2024-11-30,organic_social,organic_social,payment_failed,monthly,15,1
2024-11-30,organic_social,organic_social,payment_failed,monthly,16,3
2024-11-30,organic_social,organic_social,payment_failed,monthly,18,3
2024-11-30,organic_social,organic_social,payment_failed,monthly,19,1
2024-11-30,organic_social,organic_social,voluntary,annual,12,28
2024-11-30,organic_social,organic_social,voluntary,monthly,1,93
2024-11-30,organic_social,organic_social,voluntary,monthly,2,25
2024-11-30,organic_social,organic_social,voluntary,monthly,3,13
2024-11-30,organic_social,organic_social,voluntary,monthly,4,14
2024-11-30,organic_social,organic_social,voluntary,monthly,5,13
2024-11-30,organic_social,organic_social,voluntary,monthly,6,5
2024-11-30,organic_social,organic_social,voluntary,monthly,7,2
2024-11-30,organic_social,organic_social,voluntary,monthly,8,4
2024-11-30,organic_social,organic_social,voluntary,monthly,9,5
2024-11-30,organic_social,organic_social,voluntary,monthly,10,2
2024-11-30,organic_social,organic_social,voluntary,monthly,11,2
2024-11-30,organic_social,organic_social,voluntary,monthly,12,2
2024-11-30,organic_social,organic_social,voluntary,monthly,13,1
2024-11-30,organic_social,organic_social,voluntary,monthly,14,2
2024-11-30,organic_social,organic_social,voluntary,monthly,15,1
2024-11-30,organic_social,organic_social,voluntary,monthly,17,2
2024-11-30,organic_social,organic_social,voluntary,monthly,18,1
2024-11-30,organic_social,organic_social,voluntary,monthly,19,3
2024-11-30,paid_social,paid_social-lookalike_subscribers,active_account,annual,20,78
2024-11-30,paid_social,paid_social-lookalike_subscribers,active_account,monthly,20,104
2024-11-30,paid_social,paid_social-lookalike_subscribers,payment_failed,annual,12,1
2024-11-30,paid_social,paid_social-lookalike_subscribers,payment_failed,annual,13,7
2024-11-30,paid_social,paid_social-lookalike_subscribers,payment_failed,monthly,2,4
2024-11-30,paid_social,paid_social-lookalike_subscribers,payment_failed,monthly,3,3
2024-11-30,paid_social,paid_social-lookalike_subscribers,payment_failed,monthly,4,3
2024-11-30,paid_social,paid_social-lookalike_subscribers,payment_failed,monthly,5,4
2024-11-30,paid_social,paid_social-lookalike_subscribers,payment_failed,monthly,6,2
2024-11-30,paid_social,paid_social-lookalike_subscribers,payment_failed,monthly,7,1
2024-11-30,paid_social,paid_social-lookalike_subscribers,payment_failed,monthly,8,1
2024-11-30,paid_social,paid_social-lookalike_subscribers,payment_failed,monthly,9,3
2024-11-30,paid_social,paid_social-lookalike_subscribers,payment_failed,monthly,10,1
2024-11-30,paid_social,paid_social-lookalike_subscribers,payment_failed,monthly,11,1
2024-11-30,paid_social,paid_social-lookalike_subscribers,payment_failed,monthly,12,2
2024-11-30,paid_social,paid_social-lookalike_subscribers,payment_failed,monthly,13,2
2024-11-30,paid_social,paid_social-lookalike_subscribers,payment_failed,monthly,14,2
2024-11-30,paid_social,paid_social-lookalike_subscribers,payment_failed,monthly,15,1
2024-11-30,paid_social,paid_social-lookalike_subscribers,payment_failed,monthly,16,2
2024-11-30,paid_social,paid_social-lookalike_subscribers,voluntary,annual,12,21
2024-11-30,paid_social,paid_social-lookalike_subscribers,voluntary,monthly,1,36
2024-11-30,paid_social,paid_social-lookalike_subscribers,voluntary,monthly,2,12
2024-11-30,paid_social,paid_social-lookalike_subscribers,voluntary,monthly,3,9
2024-11-30,paid_social,paid_social-lookalike_subscribers,voluntary,monthly,4,5
2024-11-30,paid_social,paid_social-lookalike_subscribers,voluntary,monthly,5,6
2024-11-30,paid_social,paid_social-lookalike_subscribers,voluntary,monthly,6,3
2024-11-30,paid_social,paid_social-lookalike_subscribers,voluntary,monthly,7,4
2024-11-30,paid_social,paid_social-lookalike_subscribers,voluntary,monthly,9,2
2024-11-30,paid_social,paid_social-lookalike_subscribers,voluntary,monthly,10,1
2024-11-30,paid_social,paid_social-lookalike_subscribers,voluntary,monthly,13,1
2024-11-30,paid_social,paid_social-lookalike_subscribers,voluntary,monthly,14,1
2024-11-30,paid_social,paid_social-lookalike_subscribers,voluntary,monthly,15,1
2024-11-30,paid_social,paid_social-lookalike_subscribers,voluntary,monthly,18,1
2024-11-30,paid_social,paid_social-prospecting_broad,active_account,annual,20,64
2024-11-30,paid_social,paid_social-prospecting_broad,active_account,monthly,20,143
2024-11-30,paid_social,paid_social-prospecting_broad,payment_failed,annual,13,3
2024-11-30,paid_social,paid_social-prospecting_broad,payment_failed,monthly,2,4
2024-11-30,paid_social,paid_social-prospecting_broad,payment_failed,monthly,3,2
2024-11-30,paid_social,paid_social-prospecting_broad,payment_failed,monthly,4,6
2024-11-30,paid_social,paid_social-prospecting_broad,payment_failed,monthly,5,5
2024-11-30,paid_social,paid_social-prospecting_broad,payment_failed,monthly,6,4
2024-11-30,paid_social,paid_social-prospecting_broad,payment_failed,monthly,7,3
2024-11-30,paid_social,paid_social-prospecting_broad,payment_failed,monthly,8,5
2024-11-30,paid_social,paid_social-prospecting_broad,payment_failed,monthly,9,3
2024-11-30,paid_social,paid_social-prospecting_broad,payment_failed,monthly,10,4
2024-11-30,paid_social,paid_social-prospecting_broad,payment_failed,monthly,11,8
2024-11-30,paid_social,paid_social-prospecting_broad,payment_failed,monthly,12,2
2024-11-30,paid_social,paid_social-prospecting_broad,payment_failed,monthly,13,2
2024-11-30,paid_social,paid_social-prospecting_broad,payment_failed,monthly,15,3
2024-11-30,paid_social,paid_social-prospecting_broad,payment_failed,monthly,16,2
2024-11-30,paid_social,paid_social-prospecting_broad,payment_failed,monthly,17,2
2024-11-30,paid_social,paid_social-prospecting_broad,payment_failed,monthly,18,3
2024-11-30,paid_social,paid_social-prospecting_broad,payment_failed,monthly,19,4
2024-11-30,paid_social,paid_social-prospecting_broad,voluntary,annual,12,39
2024-11-30,paid_social,paid_social-prospecting_broad,voluntary,monthly,1,109
2024-11-30,paid_social,paid_social-prospecting_broad,voluntary,monthly,2,49
2024-11-30,paid_social,paid_social-prospecting_broad,voluntary,monthly,3,22
2024-11-30,paid_social,paid_social-prospecting_broad,voluntary,monthly,4,20
2024-11-30,paid_social,paid_social-prospecting_broad,voluntary,monthly,5,9
2024-11-30,paid_social,paid_social-prospecting_broad,voluntary,monthly,6,13
2024-11-30,paid_social,paid_social-prospecting_broad,voluntary,monthly,7,6
2024-11-30,paid_social,paid_social-prospecting_broad,voluntary,monthly,8,5
2024-11-30,paid_social,paid_social-prospecting_broad,voluntary,monthly,9,3
2024-11-30,paid_social,paid_social-prospecting_broad,voluntary,monthly,10,1
2024-11-30,paid_social,paid_social-prospecting_broad,voluntary,monthly,11,1
2024-11-30,paid_social,paid_social-prospecting_broad,voluntary,monthly,12,1
2024-11-30,paid_social,paid_social-prospecting_broad,voluntary,monthly,13,5
2024-11-30,paid_social,paid_social-prospecting_broad,voluntary,monthly,14,6
2024-11-30,paid_social,paid_social-prospecting_broad,voluntary,monthly,15,2
2024-11-30,paid_social,paid_social-prospecting_broad,voluntary,monthly,16,2
2024-11-30,paid_social,paid_social-prospecting_broad,voluntary,monthly,17,2
2024-11-30,paid_social,paid_social-prospecting_broad,voluntary,monthly,18,2
2024-11-30,paid_social,paid_social-prospecting_broad,voluntary,monthly,19,1
2024-12-31,direct,direct,active_account,annual,19,557
2024-12-31,direct,direct,active_account,monthly,19,643
2024-12-31,direct,direct,payment_failed,annual,12,4
2024-12-31,direct,direct,payment_failed,annual,13,28
2024-12-31,direct,direct,payment_failed,monthly,2,17
2024-12-31,direct,direct,payment_failed,monthly,3,8
2024-12-31,direct,direct,payment_failed,monthly,4,24
2024-12-31,direct,direct,payment_failed,monthly,5,17
2024-12-31,direct,direct,payment_failed,monthly,6,8
2024-12-31,direct,direct,payment_failed,monthly,7,10
2024-12-31,direct,direct,payment_failed,monthly,8,12
2024-12-31,direct,direct,payment_failed,monthly,9,13
2024-12-31,direct,direct,payment_failed,monthly,10,5
2024-12-31,direct,direct,payment_failed,monthly,11,11
2024-12-31,direct,direct,payment_failed,monthly,12,4
2024-12-31,direct,direct,payment_failed,monthly,13,6
2024-12-31,direct,direct,payment_failed,monthly,14,8
2024-12-31,direct,direct,payment_failed,monthly,15,1
2024-12-31,direct,direct,payment_failed,monthly,16,4
2024-12-31,direct,direct,payment_failed,monthly,17,10
2024-12-31,direct,direct,payment_failed,monthly,18,3
2024-12-31,direct,direct,payment_failed,monthly,19,1
2024-12-31,direct,direct,voluntary,annual,12,151
2024-12-31,direct,direct,voluntary,monthly,1,164
2024-12-31,direct,direct,voluntary,monthly,2,76
2024-12-31,direct,direct,voluntary,monthly,3,58
2024-12-31,direct,direct,voluntary,monthly,4,29
2024-12-31,direct,direct,voluntary,monthly,5,34
2024-12-31,direct,direct,voluntary,monthly,6,18
2024-12-31,direct,direct,voluntary,monthly,7,11
2024-12-31,direct,direct,voluntary,monthly,8,8
2024-12-31,direct,direct,voluntary,monthly,9,10
2024-12-31,direct,direct,voluntary,monthly,10,8
2024-12-31,direct,direct,voluntary,monthly,11,5
2024-12-31,direct,direct,voluntary,monthly,12,5
2024-12-31,direct,direct,voluntary,monthly,13,7
2024-12-31,direct,direct,voluntary,monthly,14,7
2024-12-31,direct,direct,voluntary,monthly,15,6
2024-12-31,direct,direct,voluntary,monthly,16,5
2024-12-31,direct,direct,voluntary,monthly,17,9
2024-12-31,direct,direct,voluntary,monthly,18,3
2024-12-31,direct,direct,voluntary,monthly,19,1
2024-12-31,email,email,active_account,annual,19,561
2024-12-31,email,email,active_account,monthly,19,374
2024-12-31,email,email,payment_failed,annual,12,5
2024-12-31,email,email,payment_failed,annual,13,37
2024-12-31,email,email,payment_failed,monthly,2,8
2024-12-31,email,email,payment_failed,monthly,3,6
2024-12-31,email,email,payment_failed,monthly,4,3
2024-12-31,email,email,payment_failed,monthly,5,6
2024-12-31,email,email,payment_failed,monthly,6,3
2024-12-31,email,email,payment_failed,monthly,7,4
2024-12-31,email,email,payment_failed,monthly,8,5
2024-12-31,email,email,payment_failed,monthly,9,4
2024-12-31,email,email,payment_failed,monthly,10,7
2024-12-31,email,email,payment_failed,monthly,11,1
2024-12-31,email,email,payment_failed,monthly,12,2
2024-12-31,email,email,payment_failed,monthly,13,2
2024-12-31,email,email,payment_failed,monthly,15,3
2024-12-31,email,email,payment_failed,monthly,16,5
2024-12-31,email,email,payment_failed,monthly,17,3
2024-12-31,email,email,payment_failed,monthly,18,3
2024-12-31,email,email,voluntary,annual,12,75
2024-12-31,email,email,voluntary,monthly,1,33
2024-12-31,email,email,voluntary,monthly,2,22
2024-12-31,email,email,voluntary,monthly,3,10
2024-12-31,email,email,voluntary,monthly,4,11
2024-12-31,email,email,voluntary,monthly,5,8
2024-12-31,email,email,voluntary,monthly,6,8
2024-12-31,email,email,voluntary,monthly,7,4
2024-12-31,email,email,voluntary,monthly,8,5
2024-12-31,email,email,voluntary,monthly,9,5
2024-12-31,email,email,voluntary,monthly,10,4
2024-12-31,email,email,voluntary,monthly,11,3
2024-12-31,email,email,voluntary,monthly,12,3
2024-12-31,email,email,voluntary,monthly,13,1
2024-12-31,email,email,voluntary,monthly,14,1
2024-12-31,email,email,voluntary,monthly,15,2
2024-12-31,email,email,voluntary,monthly,16,2
2024-12-31,email,email,voluntary,monthly,17,3
2024-12-31,email,email,voluntary,monthly,18,1
2024-12-31,organic_search,organic_search,active_account,annual,19,280
2024-12-31,organic_search,organic_search,active_account,monthly,19,472
2024-12-31,organic_search,organic_search,payment_failed,annual,12,2
2024-12-31,organic_search,organic_search,payment_failed,annual,13,19
2024-12-31,organic_search,organic_search,payment_failed,monthly,1,2
2024-12-31,organic_search,organic_search,payment_failed,monthly,2,8
2024-12-31,organic_search,organic_search,payment_failed,monthly,3,9
2024-12-31,organic_search,organic_search,payment_failed,monthly,4,13
2024-12-31,organic_search,organic_search,payment_failed,monthly,5,7
2024-12-31,organic_search,organic_search,payment_failed,monthly,6,9
2024-12-31,organic_search,organic_search,payment_failed,monthly,7,7
2024-12-31,organic_search,organic_search,payment_failed,monthly,8,12
2024-12-31,organic_search,organic_search,payment_failed,monthly,9,5
2024-12-31,organic_search,organic_search,payment_failed,monthly,10,9
2024-12-31,organic_search,organic_search,payment_failed,monthly,11,5
2024-12-31,organic_search,organic_search,payment_failed,monthly,12,4
2024-12-31,organic_search,organic_search,payment_failed,monthly,13,3
2024-12-31,organic_search,organic_search,payment_failed,monthly,14,7
2024-12-31,organic_search,organic_search,payment_failed,monthly,15,8
2024-12-31,organic_search,organic_search,payment_failed,monthly,16,3
2024-12-31,organic_search,organic_search,payment_failed,monthly,17,5
2024-12-31,organic_search,organic_search,payment_failed,monthly,18,5
2024-12-31,organic_search,organic_search,voluntary,annual,12,95
2024-12-31,organic_search,organic_search,voluntary,monthly,1,132
2024-12-31,organic_search,organic_search,voluntary,monthly,2,59
2024-12-31,organic_search,organic_search,voluntary,monthly,3,41
2024-12-31,organic_search,organic_search,voluntary,monthly,4,21
2024-12-31,organic_search,organic_search,voluntary,monthly,5,19
2024-12-31,organic_search,organic_search,voluntary,monthly,6,10
2024-12-31,organic_search,organic_search,voluntary,monthly,7,21
2024-12-31,organic_search,organic_search,voluntary,monthly,8,10
2024-12-31,organic_search,organic_search,voluntary,monthly,9,3
2024-12-31,organic_search,organic_search,voluntary,monthly,10,8
2024-12-31,organic_search,organic_search,voluntary,monthly,11,6
2024-12-31,organic_search,organic_search,voluntary,monthly,12,4
2024-12-31,organic_search,organic_search,voluntary,monthly,13,4
2024-12-31,organic_search,organic_search,voluntary,monthly,14,6
2024-12-31,organic_search,organic_search,voluntary,monthly,15,4
2024-12-31,organic_search,organic_search,voluntary,monthly,16,2
2024-12-31,organic_search,organic_search,voluntary,monthly,17,5
2024-12-31,organic_search,organic_search,voluntary,monthly,18,2
2024-12-31,organic_social,organic_social,active_account,annual,19,47
2024-12-31,organic_social,organic_social,active_account,monthly,19,187
2024-12-31,organic_social,organic_social,payment_failed,annual,12,2
2024-12-31,organic_social,organic_social,payment_failed,annual,13,4
2024-12-31,organic_social,organic_social,payment_failed,monthly,1,3
2024-12-31,organic_social,organic_social,payment_failed,monthly,2,5
2024-12-31,organic_social,organic_social,payment_failed,monthly,3,7
2024-12-31,organic_social,organic_social,payment_failed,monthly,4,7
2024-12-31,organic_social,organic_social,payment_failed,monthly,5,1
2024-12-31,organic_social,organic_social,payment_failed,monthly,6,3
2024-12-31,organic_social,organic_social,payment_failed,monthly,7,3
2024-12-31,organic_social,organic_social,payment_failed,monthly,8,3
2024-12-31,organic_social,organic_social,payment_failed,monthly,9,5
2024-12-31,organic_social,organic_social,payment_failed,monthly,10,5
2024-12-31,organic_social,organic_social,payment_failed,monthly,11,3
2024-12-31,organic_social,organic_social,payment_failed,monthly,12,2
2024-12-31,organic_social,organic_social,payment_failed,monthly,13,6
2024-12-31,organic_social,organic_social,payment_failed,monthly,14,2
2024-12-31,organic_social,organic_social,payment_failed,monthly,15,2
2024-12-31,organic_social,organic_social,payment_failed,monthly,16,3
2024-12-31,organic_social,organic_social,voluntary,annual,12,33
2024-12-31,organic_social,organic_social,voluntary,monthly,1,125
2024-12-31,organic_social,organic_social,voluntary,monthly,2,52
2024-12-31,organic_social,organic_social,voluntary,monthly,3,25
2024-12-31,organic_social,organic_social,voluntary,monthly,4,25
2024-12-31,organic_social,organic_social,voluntary,monthly,5,20
2024-12-31,organic_social,organic_social,voluntary,monthly,6,7
2024-12-31,organic_social,organic_social,voluntary,monthly,7,7
2024-12-31,organic_social,organic_social,voluntary,monthly,8,3
2024-12-31,organic_social,organic_social,voluntary,monthly,9,4
2024-12-31,organic_social,organic_social,voluntary,monthly,10,3
2024-12-31,organic_social,organic_social,voluntary,monthly,11,2
2024-12-31,organic_social,organic_social,voluntary,monthly,12,3
2024-12-31,organic_social,organic_social,voluntary,monthly,13,4
2024-12-31,organic_social,organic_social,voluntary,monthly,14,3
2024-12-31,organic_social,organic_social,voluntary,monthly,15,4
2024-12-31,organic_social,organic_social,voluntary,monthly,16,5
2024-12-31,organic_social,organic_social,voluntary,monthly,17,2
2024-12-31,organic_social,organic_social,voluntary,monthly,18,7
2024-12-31,paid_social,paid_social-lookalike_subscribers,active_account,annual,19,112
2024-12-31,paid_social,paid_social-lookalike_subscribers,active_account,monthly,19,182
2024-12-31,paid_social,paid_social-lookalike_subscribers,payment_failed,annual,12,1
2024-12-31,paid_social,paid_social-lookalike_subscribers,payment_failed,annual,13,14
2024-12-31,paid_social,paid_social-lookalike_subscribers,payment_failed,monthly,2,7
2024-12-31,paid_social,paid_social-lookalike_subscribers,payment_failed,monthly,3,7
2024-12-31,paid_social,paid_social-lookalike_subscribers,payment_failed,monthly,4,6
2024-12-31,paid_social,paid_social-lookalike_subscribers,payment_failed,monthly,5,2
2024-12-31,paid_social,paid_social-lookalike_subscribers,payment_failed,monthly,6,5
2024-12-31,paid_social,paid_social-lookalike_subscribers,payment_failed,monthly,7,4
2024-12-31,paid_social,paid_social-lookalike_subscribers,payment_failed,monthly,9,1
2024-12-31,paid_social,paid_social-lookalike_subscribers,payment_failed,monthly,10,1
2024-12-31,paid_social,paid_social-lookalike_subscribers,payment_failed,monthly,11,2
2024-12-31,paid_social,paid_social-lookalike_subscribers,payment_failed,monthly,12,4
2024-12-31,paid_social,paid_social-lookalike_subscribers,payment_failed,monthly,13,3
2024-12-31,paid_social,paid_social-lookalike_subscribers,payment_failed,monthly,14,1
2024-12-31,paid_social,paid_social-lookalike_subscribers,payment_failed,monthly,15,2
2024-12-31,paid_social,paid_social-lookalike_subscribers,payment_failed,monthly,16,2
2024-12-31,paid_social,paid_social-lookalike_subscribers,payment_failed,monthly,17,1
2024-12-31,paid_social,paid_social-lookalike_subscribers,voluntary,annual,12,53
2024-12-31,paid_social,paid_social-lookalike_subscribers,voluntary,monthly,1,49
2024-12-31,paid_social,paid_social-lookalike_subscribers,voluntary,monthly,2,24
2024-12-31,paid_social,paid_social-lookalike_subscribers,voluntary,monthly,3,17
2024-12-31,paid_social,paid_social-lookalike_subscribers,voluntary,monthly,4,7
2024-12-31,paid_social,paid_social-lookalike_subscribers,voluntary,monthly,5,8
2024-12-31,paid_social,paid_social-lookalike_subscribers,voluntary,monthly,6,3
2024-12-31,paid_social,paid_social-lookalike_subscribers,voluntary,monthly,7,9
2024-12-31,paid_social,paid_social-lookalike_subscribers,voluntary,monthly,8,1
2024-12-31,paid_social,paid_social-lookalike_subscribers,voluntary,monthly,9,2
2024-12-31,paid_social,paid_social-lookalike_subscribers,voluntary,monthly,10,4
2024-12-31,paid_social,paid_social-lookalike_subscribers,voluntary,monthly,11,2
2024-12-31,paid_social,paid_social-lookalike_subscribers,voluntary,monthly,12,1
2024-12-31,paid_social,paid_social-lookalike_subscribers,voluntary,monthly,15,1
2024-12-31,paid_social,paid_social-lookalike_subscribers,voluntary,monthly,16,6
2024-12-31,paid_social,paid_social-lookalike_subscribers,voluntary,monthly,17,5
2024-12-31,paid_social,paid_social-lookalike_subscribers,voluntary,monthly,18,3
2024-12-31,paid_social,paid_social-prospecting_broad,active_account,annual,19,83
2024-12-31,paid_social,paid_social-prospecting_broad,active_account,monthly,19,238
2024-12-31,paid_social,paid_social-prospecting_broad,payment_failed,annual,13,8
2024-12-31,paid_social,paid_social-prospecting_broad,payment_failed,monthly,1,1
2024-12-31,paid_social,paid_social-prospecting_broad,payment_failed,monthly,2,16
2024-12-31,paid_social,paid_social-prospecting_broad,payment_failed,monthly,3,6
2024-12-31,paid_social,paid_social-prospecting_broad,payment_failed,monthly,4,6
2024-12-31,paid_social,paid_social-prospecting_broad,payment_failed,monthly,5,8
2024-12-31,paid_social,paid_social-prospecting_broad,payment_failed,monthly,6,3
2024-12-31,paid_social,paid_social-prospecting_broad,payment_failed,monthly,7,6
2024-12-31,paid_social,paid_social-prospecting_broad,payment_failed,monthly,8,6
2024-12-31,paid_social,paid_social-prospecting_broad,payment_failed,monthly,9,4
2024-12-31,paid_social,paid_social-prospecting_broad,payment_failed,monthly,10,3
2024-12-31,paid_social,paid_social-prospecting_broad,payment_failed,monthly,11,3
2024-12-31,paid_social,paid_social-prospecting_broad,payment_failed,monthly,12,1
2024-12-31,paid_social,paid_social-prospecting_broad,payment_failed,monthly,13,7
2024-12-31,paid_social,paid_social-prospecting_broad,payment_failed,monthly,14,3
2024-12-31,paid_social,paid_social-prospecting_broad,payment_failed,monthly,15,6
2024-12-31,paid_social,paid_social-prospecting_broad,payment_failed,monthly,18,5
2024-12-31,paid_social,paid_social-prospecting_broad,voluntary,annual,12,68
2024-12-31,paid_social,paid_social-prospecting_broad,voluntary,monthly,1,189
2024-12-31,paid_social,paid_social-prospecting_broad,voluntary,monthly,2,72
2024-12-31,paid_social,paid_social-prospecting_broad,voluntary,monthly,3,40
2024-12-31,paid_social,paid_social-prospecting_broad,voluntary,monthly,4,22
2024-12-31,paid_social,paid_social-prospecting_broad,voluntary,monthly,5,25
2024-12-31,paid_social,paid_social-prospecting_broad,voluntary,monthly,6,9
2024-12-31,paid_social,paid_social-prospecting_broad,voluntary,monthly,7,12
2024-12-31,paid_social,paid_social-prospecting_broad,voluntary,monthly,8,9
2024-12-31,paid_social,paid_social-prospecting_broad,voluntary,monthly,9,6
2024-12-31,paid_social,paid_social-prospecting_broad,voluntary,monthly,10,1
2024-12-31,paid_social,paid_social-prospecting_broad,voluntary,monthly,11,4
2024-12-31,paid_social,paid_social-prospecting_broad,voluntary,monthly,12,6
2024-12-31,paid_social,paid_social-prospecting_broad,voluntary,monthly,13,8
2024-12-31,paid_social,paid_social-prospecting_broad,voluntary,monthly,14,3
2024-12-31,paid_social,paid_social-prospecting_broad,voluntary,monthly,15,5
2024-12-31,paid_social,paid_social-prospecting_broad,voluntary,monthly,16,3
2024-12-31,paid_social,paid_social-prospecting_broad,voluntary,monthly,17,5
2024-12-31,paid_social,paid_social-prospecting_broad,voluntary,monthly,18,2
2025-01-31,direct,direct,active_account,annual,18,349
2025-01-31,direct,direct,active_account,monthly,18,444
2025-01-31,direct,direct,payment_failed,annual,12,4
2025-01-31,direct,direct,payment_failed,annual,13,31
2025-01-31,direct,direct,payment_failed,monthly,2,13
2025-01-31,direct,direct,payment_failed,monthly,3,11
2025-01-31,direct,direct,payment_failed,monthly,4,5
2025-01-31,direct,direct,payment_failed,monthly,5,11
2025-01-31,direct,direct,payment_failed,monthly,6,10
2025-01-31,direct,direct,payment_failed,monthly,7,6
2025-01-31,direct,direct,payment_failed,monthly,8,7
2025-01-31,direct,direct,payment_failed,monthly,9,5
2025-01-31,direct,direct,payment_failed,monthly,10,4
2025-01-31,direct,direct,payment_failed,monthly,11,7
2025-01-31,direct,direct,payment_failed,monthly,12,8
2025-01-31,direct,direct,payment_failed,monthly,13,5
2025-01-31,direct,direct,payment_failed,monthly,14,1
2025-01-31,direct,direct,payment_failed,monthly,15,1
2025-01-31,direct,direct,payment_failed,monthly,16,1
2025-01-31,direct,direct,payment_failed,monthly,17,8
2025-01-31,direct,direct,voluntary,annual,12,88
2025-01-31,direct,direct,voluntary,monthly,1,84
2025-01-31,direct,direct,voluntary,monthly,2,50
2025-01-31,direct,direct,voluntary,monthly,3,33
2025-01-31,direct,direct,voluntary,monthly,4,24
2025-01-31,direct,direct,voluntary,monthly,5,22
2025-01-31,direct,direct,voluntary,monthly,6,9
2025-01-31,direct,direct,voluntary,monthly,7,9
2025-01-31,direct,direct,voluntary,monthly,8,10
2025-01-31,direct,direct,voluntary,monthly,9,5
2025-01-31,direct,direct,voluntary,monthly,10,8
2025-01-31,direct,direct,voluntary,monthly,11,6
2025-01-31,direct,direct,voluntary,monthly,12,2
2025-01-31,direct,direct,voluntary,monthly,13,8
2025-01-31,direct,direct,voluntary,monthly,14,3
2025-01-31,direct,direct,voluntary,monthly,15,4
2025-01-31,direct,direct,voluntary,monthly,16,9
2025-01-31,direct,direct,voluntary,monthly,17,6
2025-01-31,direct,direct,voluntary,monthly,18,1
2025-01-31,email,email,active_account,annual,18,361
2025-01-31,email,email,active_account,monthly,18,232
2025-01-31,email,email,payment_failed,annual,12,3
2025-01-31,email,email,payment_failed,annual,13,21
2025-01-31,email,email,payment_failed,monthly,2,5
2025-01-31,email,email,payment_failed,monthly,3,4
2025-01-31,email,email,payment_failed,monthly,4,4
2025-01-31,email,email,payment_failed,monthly,5,4
2025-01-31,email,email,payment_failed,monthly,6,9
2025-01-31,email,email,payment_failed,monthly,7,3
2025-01-31,email,email,payment_failed,monthly,8,6
2025-01-31,email,email,payment_failed,monthly,9,6
2025-01-31,email,email,payment_failed,monthly,10,3
2025-01-31,email,email,payment_failed,monthly,11,4
2025-01-31,email,email,payment_failed,monthly,12,6
2025-01-31,email,email,payment_failed,monthly,13,1
2025-01-31,email,email,payment_failed,monthly,14,4
2025-01-31,email,email,payment_failed,monthly,15,3
2025-01-31,email,email,payment_failed,monthly,16,1
2025-01-31,email,email,payment_failed,monthly,17,1
2025-01-31,email,email,voluntary,annual,12,55
2025-01-31,email,email,voluntary,monthly,1,26
2025-01-31,email,email,voluntary,monthly,2,19
2025-01-31,email,email,voluntary,monthly,3,11
2025-01-31,email,email,voluntary,monthly,4,5
2025-01-31,email,email,voluntary,monthly,5,5
2025-01-31,email,email,voluntary,monthly,6,2
2025-01-31,email,email,voluntary,monthly,7,4
2025-01-31,email,email,voluntary,monthly,8,4
2025-01-31,email,email,voluntary,monthly,9,2
2025-01-31,email,email,voluntary,monthly,10,1
2025-01-31,email,email,voluntary,monthly,11,1
2025-01-31,email,email,voluntary,monthly,13,1
2025-01-31,email,email,voluntary,monthly,14,4
2025-01-31,email,email,voluntary,monthly,15,1
2025-01-31,email,email,voluntary,monthly,16,1
2025-01-31,organic_search,organic_search,active_account,annual,18,184
2025-01-31,organic_search,organic_search,active_account,monthly,18,312
2025-01-31,organic_search,organic_search,payment_failed,annual,13,13
2025-01-31,organic_search,organic_search,payment_failed,monthly,2,9
2025-01-31,organic_search,organic_search,payment_failed,monthly,3,8
2025-01-31,organic_search,organic_search,payment_failed,monthly,4,7
2025-01-31,organic_search,organic_search,payment_failed,monthly,5,10
2025-01-31,organic_search,organic_search,payment_failed,monthly,6,5
2025-01-31,organic_search,organic_search,payment_failed,monthly,7,5
2025-01-31,organic_search,organic_search,payment_failed,monthly,8,5
2025-01-31,organic_search,organic_search,payment_failed,monthly,9,10
2025-01-31,organic_search,organic_search,payment_failed,monthly,10,6
2025-01-31,organic_search,organic_search,payment_failed,monthly,11,6
2025-01-31,organic_search,organic_search,payment_failed,monthly,12,6
2025-01-31,organic_search,organic_search,payment_failed,monthly,13,2
2025-01-31,organic_search,organic_search,payment_failed,monthly,14,3
2025-01-31,organic_search,organic_search,payment_failed,monthly,15,2
2025-01-31,organic_search,organic_search,payment_failed,monthly,17,6
2025-01-31,organic_search,organic_search,payment_failed,monthly,18,2
2025-01-31,organic_search,organic_search,voluntary,annual,12,63
2025-01-31,organic_search,organic_search,voluntary,monthly,1,67
2025-01-31,organic_search,organic_search,voluntary,monthly,2,37
2025-01-31,organic_search,organic_search,voluntary,monthly,3,28
2025-01-31,organic_search,organic_search,voluntary,monthly,4,19
2025-01-31,organic_search,organic_search,voluntary,monthly,5,7
2025-01-31,organic_search,organic_search,voluntary,monthly,6,9
2025-01-31,organic_search,organic_search,voluntary,monthly,7,6
2025-01-31,organic_search,organic_search,voluntary,monthly,8,13
2025-01-31,organic_search,organic_search,voluntary,monthly,9,5
2025-01-31,organic_search,organic_search,voluntary,monthly,10,5
2025-01-31,organic_search,organic_search,voluntary,monthly,11,3
2025-01-31,organic_search,organic_search,voluntary,monthly,12,2
2025-01-31,organic_search,organic_search,voluntary,monthly,13,4
2025-01-31,organic_search,organic_search,voluntary,monthly,14,6
2025-01-31,organic_search,organic_search,voluntary,monthly,15,1
2025-01-31,organic_search,organic_search,voluntary,monthly,16,1
2025-01-31,organic_search,organic_search,voluntary,monthly,17,2
2025-01-31,organic_social,organic_social,active_account,annual,18,43
2025-01-31,organic_social,organic_social,active_account,monthly,18,156
2025-01-31,organic_social,organic_social,payment_failed,annual,13,2
2025-01-31,organic_social,organic_social,payment_failed,monthly,2,1
2025-01-31,organic_social,organic_social,payment_failed,monthly,3,3
2025-01-31,organic_social,organic_social,payment_failed,monthly,4,2
2025-01-31,organic_social,organic_social,payment_failed,monthly,5,4
2025-01-31,organic_social,organic_social,payment_failed,monthly,6,4
2025-01-31,organic_social,organic_social,payment_failed,monthly,7,4
2025-01-31,organic_social,organic_social,payment_failed,monthly,8,3
2025-01-31,organic_social,organic_social,payment_failed,monthly,9,2
2025-01-31,organic_social,organic_social,payment_failed,monthly,10,1
2025-01-31,organic_social,organic_social,payment_failed,monthly,12,3
2025-01-31,organic_social,organic_social,payment_failed,monthly,13,2
2025-01-31,organic_social,organic_social,payment_failed,monthly,14,1
2025-01-31,organic_social,organic_social,payment_failed,monthly,15,1
2025-01-31,organic_social,organic_social,payment_failed,monthly,16,1
2025-01-31,organic_social,organic_social,payment_failed,monthly,17,1
2025-01-31,organic_social,organic_social,voluntary,annual,12,25
2025-01-31,organic_social,organic_social,voluntary,monthly,1,86
2025-01-31,organic_social,organic_social,voluntary,monthly,2,45
2025-01-31,organic_social,organic_social,voluntary,monthly,3,21
2025-01-31,organic_social,organic_social,voluntary,monthly,4,12
2025-01-31,organic_social,organic_social,voluntary,monthly,5,8
2025-01-31,organic_social,organic_social,voluntary,monthly,6,6
2025-01-31,organic_social,organic_social,voluntary,monthly,7,3
2025-01-31,organic_social,organic_social,voluntary,monthly,8,2
2025-01-31,organic_social,organic_social,voluntary,monthly,9,1
2025-01-31,organic_social,organic_social,voluntary,monthly,10,3
2025-01-31,organic_social,organic_social,voluntary,monthly,11,3
2025-01-31,organic_social,organic_social,voluntary,monthly,12,2
2025-01-31,organic_social,organic_social,voluntary,monthly,13,4
2025-01-31,organic_social,organic_social,voluntary,monthly,14,3
2025-01-31,organic_social,organic_social,voluntary,monthly,15,1
2025-01-31,organic_social,organic_social,voluntary,monthly,17,1
2025-01-31,paid_social,paid_social-lookalike_subscribers,active_account,annual,18,94
2025-01-31,paid_social,paid_social-lookalike_subscribers,active_account,monthly,18,110
2025-01-31,paid_social,paid_social-lookalike_subscribers,payment_failed,annual,13,2
2025-01-31,paid_social,paid_social-lookalike_subscribers,payment_failed,monthly,2,2
2025-01-31,paid_social,paid_social-lookalike_subscribers,payment_failed,monthly,3,2
2025-01-31,paid_social,paid_social-lookalike_subscribers,payment_failed,monthly,4,1
2025-01-31,paid_social,paid_social-lookalike_subscribers,payment_failed,monthly,6,3
2025-01-31,paid_social,paid_social-lookalike_subscribers,payment_failed,monthly,7,3
2025-01-31,paid_social,paid_social-lookalike_subscribers,payment_failed,monthly,8,2
2025-01-31,paid_social,paid_social-lookalike_subscribers,payment_failed,monthly,9,2
2025-01-31,paid_social,paid_social-lookalike_subscribers,payment_failed,monthly,10,2
2025-01-31,paid_social,paid_social-lookalike_subscribers,payment_failed,monthly,11,1
2025-01-31,paid_social,paid_social-lookalike_subscribers,payment_failed,monthly,12,1
2025-01-31,paid_social,paid_social-lookalike_subscribers,payment_failed,monthly,13,1
2025-01-31,paid_social,paid_social-lookalike_subscribers,payment_failed,monthly,14,1
2025-01-31,paid_social,paid_social-lookalike_subscribers,payment_failed,monthly,15,1
2025-01-31,paid_social,paid_social-lookalike_subscribers,payment_failed,monthly,17,3
2025-01-31,paid_social,paid_social-lookalike_subscribers,voluntary,annual,12,31
2025-01-31,paid_social,paid_social-lookalike_subscribers,voluntary,monthly,1,31
2025-01-31,paid_social,paid_social-lookalike_subscribers,voluntary,monthly,2,15
2025-01-31,paid_social,paid_social-lookalike_subscribers,voluntary,monthly,3,6
2025-01-31,paid_social,paid_social-lookalike_subscribers,voluntary,monthly,4,11
2025-01-31,paid_social,paid_social-lookalike_subscribers,voluntary,monthly,5,5
2025-01-31,paid_social,paid_social-lookalike_subscribers,voluntary,monthly,6,7
2025-01-31,paid_social,paid_social-lookalike_subscribers,voluntary,monthly,7,8
2025-01-31,paid_social,paid_social-lookalike_subscribers,voluntary,monthly,8,3
2025-01-31,paid_social,paid_social-lookalike_subscribers,voluntary,monthly,9,4
2025-01-31,paid_social,paid_social-lookalike_subscribers,voluntary,monthly,12,4
2025-01-31,paid_social,paid_social-lookalike_subscribers,voluntary,monthly,13,3
2025-01-31,paid_social,paid_social-lookalike_subscribers,voluntary,monthly,14,3
2025-01-31,paid_social,paid_social-lookalike_subscribers,voluntary,monthly,15,1
2025-01-31,paid_social,paid_social-lookalike_subscribers,voluntary,monthly,17,1
2025-01-31,paid_social,paid_social-prospecting_broad,active_account,annual,18,67
2025-01-31,paid_social,paid_social-prospecting_broad,active_account,monthly,18,191
2025-01-31,paid_social,paid_social-prospecting_broad,payment_failed,annual,13,8
2025-01-31,paid_social,paid_social-prospecting_broad,payment_failed,monthly,2,7
2025-01-31,paid_social,paid_social-prospecting_broad,payment_failed,monthly,3,6
2025-01-31,paid_social,paid_social-prospecting_broad,payment_failed,monthly,4,12
2025-01-31,paid_social,paid_social-prospecting_broad,payment_failed,monthly,5,6
2025-01-31,paid_social,paid_social-prospecting_broad,payment_failed,monthly,6,3
2025-01-31,paid_social,paid_social-prospecting_broad,payment_failed,monthly,7,5
2025-01-31,paid_social,paid_social-prospecting_broad,payment_failed,monthly,8,2
2025-01-31,paid_social,paid_social-prospecting_broad,payment_failed,monthly,9,2
2025-01-31,paid_social,paid_social-prospecting_broad,payment_failed,monthly,10,3
2025-01-31,paid_social,paid_social-prospecting_broad,payment_failed,monthly,11,2
2025-01-31,paid_social,paid_social-prospecting_broad,payment_failed,monthly,12,3
2025-01-31,paid_social,paid_social-prospecting_broad,payment_failed,monthly,13,3
2025-01-31,paid_social,paid_social-prospecting_broad,payment_failed,monthly,14,2
2025-01-31,paid_social,paid_social-prospecting_broad,payment_failed,monthly,15,3
2025-01-31,paid_social,paid_social-prospecting_broad,payment_failed,monthly,17,2
2025-01-31,paid_social,paid_social-prospecting_broad,voluntary,annual,12,48
2025-01-31,paid_social,paid_social-prospecting_broad,voluntary,monthly,1,101
2025-01-31,paid_social,paid_social-prospecting_broad,voluntary,monthly,2,54
2025-01-31,paid_social,paid_social-prospecting_broad,voluntary,monthly,3,37
2025-01-31,paid_social,paid_social-prospecting_broad,voluntary,monthly,4,26
2025-01-31,paid_social,paid_social-prospecting_broad,voluntary,monthly,5,12
2025-01-31,paid_social,paid_social-prospecting_broad,voluntary,monthly,6,9
2025-01-31,paid_social,paid_social-prospecting_broad,voluntary,monthly,7,5
2025-01-31,paid_social,paid_social-prospecting_broad,voluntary,monthly,8,3
2025-01-31,paid_social,paid_social-prospecting_broad,voluntary,monthly,9,7
2025-01-31,paid_social,paid_social-prospecting_broad,voluntary,monthly,10,6
2025-01-31,paid_social,paid_social-prospecting_broad,voluntary,monthly,11,2
2025-01-31,paid_social,paid_social-prospecting_broad,voluntary,monthly,12,3
2025-01-31,paid_social,paid_social-prospecting_broad,voluntary,monthly,13,1
2025-01-31,paid_social,paid_social-prospecting_broad,voluntary,monthly,14,1
2025-01-31,paid_social,paid_social-prospecting_broad,voluntary,monthly,15,2
2025-01-31,paid_social,paid_social-prospecting_broad,voluntary,monthly,17,2
2025-02-28,direct,direct,active_account,annual,17,305
2025-02-28,direct,direct,active_account,monthly,17,414
2025-02-28,direct,direct,payment_failed,annual,13,22
2025-02-28,direct,direct,payment_failed,monthly,2,9
2025-02-28,direct,direct,payment_failed,monthly,3,10
2025-02-28,direct,direct,payment_failed,monthly,4,11
2025-02-28,direct,direct,payment_failed,monthly,5,3
2025-02-28,direct,direct,payment_failed,monthly,6,10
2025-02-28,direct,direct,payment_failed,monthly,7,7
2025-02-28,direct,direct,payment_failed,monthly,8,7
2025-02-28,direct,direct,payment_failed,monthly,9,4
2025-02-28,direct,direct,payment_failed,monthly,10,5
2025-02-28,direct,direct,payment_failed,monthly,11,11
2025-02-28,direct,direct,payment_failed,monthly,12,7
2025-02-28,direct,direct,payment_failed,monthly,13,7
2025-02-28,direct,direct,payment_failed,monthly,14,6
2025-02-28,direct,direct,payment_failed,monthly,15,2
2025-02-28,direct,direct,payment_failed,monthly,16,4
2025-02-28,direct,direct,voluntary,annual,12,88
2025-02-28,direct,direct,voluntary,monthly,1,91
2025-02-28,direct,direct,voluntary,monthly,2,42
2025-02-28,direct,direct,voluntary,monthly,3,39
2025-02-28,direct,direct,voluntary,monthly,4,20
2025-02-28,direct,direct,voluntary,monthly,5,16
2025-02-28,direct,direct,voluntary,monthly,6,12
2025-02-28,direct,direct,voluntary,monthly,7,13
2025-02-28,direct,direct,voluntary,monthly,8,5
2025-02-28,direct,direct,voluntary,monthly,9,8
2025-02-28,direct,direct,voluntary,monthly,10,5
2025-02-28,direct,direct,voluntary,monthly,11,8
2025-02-28,direct,direct,voluntary,monthly,12,3
2025-02-28,direct,direct,voluntary,monthly,13,5
2025-02-28,direct,direct,voluntary,monthly,14,1
2025-02-28,direct,direct,voluntary,monthly,15,6
2025-02-28,direct,direct,voluntary,monthly,16,4
2025-02-28,direct,direct,voluntary,monthly,17,1
2025-02-28,email,email,active_account,annual,17,307
2025-02-28,email,email,active_account,monthly,17,198
2025-02-28,email,email,payment_failed,annual,13,21
2025-02-28,email,email,payment_failed,monthly,2,7
2025-02-28,email,email,payment_failed,monthly,3,4
2025-02-28,email,email,payment_failed,monthly,4,3
2025-02-28,email,email,payment_failed,monthly,5,5
2025-02-28,email,email,payment_failed,monthly,6,3
2025-02-28,email,email,payment_failed,monthly,7,2
2025-02-28,email,email,payment_failed,monthly,8,3
2025-02-28,email,email,payment_failed,monthly,9,4
2025-02-28,email,email,payment_failed,monthly,10,1
2025-02-28,email,email,payment_failed,monthly,11,1
2025-02-28,email,email,payment_failed,monthly,12,3
2025-02-28,email,email,payment_failed,monthly,13,3
2025-02-28,email,email,payment_failed,monthly,14,2
2025-02-28,email,email,payment_failed,monthly,15,1
2025-02-28,email,email,payment_failed,monthly,16,2
2025-02-28,email,email,voluntary,annual,12,34
2025-02-28,email,email,voluntary,monthly,1,24
2025-02-28,email,email,voluntary,monthly,2,12
2025-02-28,email,email,voluntary,monthly,3,10
2025-02-28,email,email,voluntary,monthly,4,5
2025-02-28,email,email,voluntary,monthly,5,8
2025-02-28,email,email,voluntary,monthly,6,1
2025-02-28,email,email,voluntary,monthly,7,7
2025-02-28,email,email,voluntary,monthly,8,2
2025-02-28,email,email,voluntary,monthly,9,1
2025-02-28,email,email,voluntary,monthly,10,2
2025-02-28,email,email,voluntary,monthly,11,2
2025-02-28,email,email,voluntary,monthly,12,1
2025-02-28,email,email,voluntary,monthly,13,2
2025-02-28,email,email,voluntary,monthly,14,1
2025-02-28,email,email,voluntary,monthly,15,1
2025-02-28,email,email,voluntary,monthly,16,2
2025-02-28,organic_search,organic_search,active_account,annual,17,186
2025-02-28,organic_search,organic_search,active_account,monthly,17,264
2025-02-28,organic_search,organic_search,payment_failed,annual,13,17
2025-02-28,organic_search,organic_search,payment_failed,monthly,2,8
2025-02-28,organic_search,organic_search,payment_failed,monthly,3,4
2025-02-28,organic_search,organic_search,payment_failed,monthly,4,4
2025-02-28,organic_search,organic_search,payment_failed,monthly,5,9
2025-02-28,organic_search,organic_search,payment_failed,monthly,6,8
2025-02-28,organic_search,organic_search,payment_failed,monthly,7,3
2025-02-28,organic_search,organic_search,payment_failed,monthly,8,2
2025-02-28,organic_search,organic_search,payment_failed,monthly,9,5
2025-02-28,organic_search,organic_search,payment_failed,monthly,10,5
2025-02-28,organic_search,organic_search,payment_failed,monthly,11,7
2025-02-28,organic_search,organic_search,payment_failed,monthly,13,5
2025-02-28,organic_search,organic_search,payment_failed,monthly,14,2
2025-02-28,organic_search,organic_search,payment_failed,monthly,15,5
2025-02-28,organic_search,organic_search,payment_failed,monthly,16,3
2025-02-28,organic_search,organic_search,voluntary,annual,12,65
2025-02-28,organic_search,organic_search,voluntary,monthly,1,82
2025-02-28,organic_search,organic_search,voluntary,monthly,2,37
2025-02-28,organic_search,organic_search,voluntary,monthly,3,23
2025-02-28,organic_search,organic_search,voluntary,monthly,4,18
2025-02-28,organic_search,organic_search,voluntary,monthly,5,13
2025-02-28,organic_search,organic_search,voluntary,monthly,6,12
2025-02-28,organic_search,organic_search,voluntary,monthly,7,6
2025-02-28,organic_search,organic_search,voluntary,monthly,8,9
2025-02-28,organic_search,organic_search,voluntary,monthly,9,9
2025-02-28,organic_search,organic_search,voluntary,monthly,10,2
2025-02-28,organic_search,organic_search,voluntary,monthly,11,3
2025-02-28,organic_search,organic_search,voluntary,monthly,12,6
2025-02-28,organic_search,organic_search,voluntary,monthly,13,3
2025-02-28,organic_search,organic_search,voluntary,monthly,14,1
2025-02-28,organic_search,organic_search,voluntary,monthly,15,7
2025-02-28,organic_search,organic_search,voluntary,monthly,16,4
2025-02-28,organic_social,organic_social,active_account,annual,17,34
2025-02-28,organic_social,organic_social,active_account,monthly,17,124
2025-02-28,organic_social,organic_social,payment_failed,annual,13,3
2025-02-28,organic_social,organic_social,payment_failed,monthly,2,3
2025-02-28,organic_social,organic_social,payment_failed,monthly,3,6
2025-02-28,organic_social,organic_social,payment_failed,monthly,4,3
2025-02-28,organic_social,organic_social,payment_failed,monthly,5,2
2025-02-28,organic_social,organic_social,payment_failed,monthly,6,3
2025-02-28,organic_social,organic_social,payment_failed,monthly,7,5
2025-02-28,organic_social,organic_social,payment_failed,monthly,8,1
2025-02-28,organic_social,organic_social,payment_failed,monthly,9,2
2025-02-28,organic_social,organic_social,payment_failed,monthly,11,1
2025-02-28,organic_social,organic_social,payment_failed,monthly,13,4
2025-02-28,organic_social,organic_social,payment_failed,monthly,14,2
2025-02-28,organic_social,organic_social,payment_failed,monthly,15,1
2025-02-28,organic_social,organic_social,payment_failed,monthly,16,4
2025-02-28,organic_social,organic_social,voluntary,annual,12,29
2025-02-28,organic_social,organic_social,voluntary,monthly,1,76
2025-02-28,organic_social,organic_social,voluntary,monthly,2,24
2025-02-28,organic_social,organic_social,voluntary,monthly,3,29
2025-02-28,organic_social,organic_social,voluntary,monthly,4,5
2025-02-28,organic_social,organic_social,voluntary,monthly,5,11
2025-02-28,organic_social,organic_social,voluntary,monthly,6,2
2025-02-28,organic_social,organic_social,voluntary,monthly,7,4
2025-02-28,organic_social,organic_social,voluntary,monthly,8,3
2025-02-28,organic_social,organic_social,voluntary,monthly,9,3
2025-02-28,organic_social,organic_social,voluntary,monthly,10,2
2025-02-28,organic_social,organic_social,voluntary,monthly,11,2
2025-02-28,organic_social,organic_social,voluntary,monthly,12,1
2025-02-28,organic_social,organic_social,voluntary,monthly,13,3
2025-02-28,organic_social,organic_social,voluntary,monthly,14,4
2025-02-28,organic_social,organic_social,voluntary,monthly,15,2
2025-02-28,organic_social,organic_social,voluntary,monthly,16,1
2025-02-28,paid_social,paid_social-lookalike_subscribers,active_account,annual,17,82
2025-02-28,paid_social,paid_social-lookalike_subscribers,active_account,monthly,17,113
2025-02-28,paid_social,paid_social-lookalike_subscribers,payment_failed,annual,13,2
2025-02-28,paid_social,paid_social-lookalike_subscribers,payment_failed,monthly,2,2
2025-02-28,paid_social,paid_social-lookalike_subscribers,payment_failed,monthly,3,3
2025-02-28,paid_social,paid_social-lookalike_subscribers,payment_failed,monthly,4,1
2025-02-28,paid_social,paid_social-lookalike_subscribers,payment_failed,monthly,5,2
2025-02-28,paid_social,paid_social-lookalike_subscribers,payment_failed,monthly,6,1
2025-02-28,paid_social,paid_social-lookalike_subscribers,payment_failed,monthly,7,1
2025-02-28,paid_social,paid_social-lookalike_subscribers,payment_failed,monthly,8,3
2025-02-28,paid_social,paid_social-lookalike_subscribers,payment_failed,monthly,9,2
2025-02-28,paid_social,paid_social-lookalike_subscribers,payment_failed,monthly,10,2
2025-02-28,paid_social,paid_social-lookalike_subscribers,payment_failed,monthly,14,2
2025-02-28,paid_social,paid_social-lookalike_subscribers,payment_failed,monthly,16,1
2025-02-28,paid_social,paid_social-lookalike_subscribers,voluntary,annual,12,27
2025-02-28,paid_social,paid_social-lookalike_subscribers,voluntary,monthly,1,24
2025-02-28,paid_social,paid_social-lookalike_subscribers,voluntary,monthly,2,12
2025-02-28,paid_social,paid_social-lookalike_subscribers,voluntary,monthly,3,11
2025-02-28,paid_social,paid_social-lookalike_subscribers,voluntary,monthly,4,8
2025-02-28,paid_social,paid_social-lookalike_subscribers,voluntary,monthly,5,3
2025-02-28,paid_social,paid_social-lookalike_subscribers,voluntary,monthly,6,2
2025-02-28,paid_social,paid_social-lookalike_subscribers,voluntary,monthly,7,1
2025-02-28,paid_social,paid_social-lookalike_subscribers,voluntary,monthly,8,2
2025-02-28,paid_social,paid_social-lookalike_subscribers,voluntary,monthly,10,1
2025-02-28,paid_social,paid_social-lookalike_subscribers,voluntary,monthly,11,2
2025-02-28,paid_social,paid_social-lookalike_subscribers,voluntary,monthly,12,3
2025-02-28,paid_social,paid_social-lookalike_subscribers,voluntary,monthly,13,1
2025-02-28,paid_social,paid_social-lookalike_subscribers,voluntary,monthly,14,1
2025-02-28,paid_social,paid_social-lookalike_subscribers,voluntary,monthly,15,3
2025-02-28,paid_social,paid_social-lookalike_subscribers,voluntary,monthly,16,2
2025-02-28,paid_social,paid_social-prospecting_broad,active_account,annual,17,47
2025-02-28,paid_social,paid_social-prospecting_broad,active_account,monthly,17,177
2025-02-28,paid_social,paid_social-prospecting_broad,payment_failed,annual,13,3
2025-02-28,paid_social,paid_social-prospecting_broad,payment_failed,monthly,2,7
2025-02-28,paid_social,paid_social-prospecting_broad,payment_failed,monthly,3,8
2025-02-28,paid_social,paid_social-prospecting_broad,payment_failed,monthly,4,7
2025-02-28,paid_social,paid_social-prospecting_broad,payment_failed,monthly,6,4
2025-02-28,paid_social,paid_social-prospecting_broad,payment_failed,monthly,7,3
2025-02-28,paid_social,paid_social-prospecting_broad,payment_failed,monthly,8,1
2025-02-28,paid_social,paid_social-prospecting_broad,payment_failed,monthly,9,1
2025-02-28,paid_social,paid_social-prospecting_broad,payment_failed,monthly,10,3
2025-02-28,paid_social,paid_social-prospecting_broad,payment_failed,monthly,11,4
2025-02-28,paid_social,paid_social-prospecting_broad,payment_failed,monthly,12,2
2025-02-28,paid_social,paid_social-prospecting_broad,payment_failed,monthly,13,4
2025-02-28,paid_social,paid_social-prospecting_broad,payment_failed,monthly,14,4
2025-02-28,paid_social,paid_social-prospecting_broad,payment_failed,monthly,15,1
2025-02-28,paid_social,paid_social-prospecting_broad,payment_failed,monthly,16,1
2025-02-28,paid_social,paid_social-prospecting_broad,voluntary,annual,12,35
2025-02-28,paid_social,paid_social-prospecting_broad,voluntary,monthly,1,122
2025-02-28,paid_social,paid_social-prospecting_broad,voluntary,monthly,2,44
2025-02-28,paid_social,paid_social-prospecting_broad,voluntary,monthly,3,28
2025-02-28,paid_social,paid_social-prospecting_broad,voluntary,monthly,4,9
2025-02-28,paid_social,paid_social-prospecting_broad,voluntary,monthly,5,15
2025-02-28,paid_social,paid_social-prospecting_broad,voluntary,monthly,6,7
2025-02-28,paid_social,paid_social-prospecting_broad,voluntary,monthly,7,6
2025-02-28,paid_social,paid_social-prospecting_broad,voluntary,monthly,8,4
2025-02-28,paid_social,paid_social-prospecting_broad,voluntary,monthly,9,4
2025-02-28,paid_social,paid_social-prospecting_broad,voluntary,monthly,10,2
2025-02-28,paid_social,paid_social-prospecting_broad,voluntary,monthly,11,2
2025-02-28,paid_social,paid_social-prospecting_broad,voluntary,monthly,12,4
2025-02-28,paid_social,paid_social-prospecting_broad,voluntary,monthly,13,2
2025-02-28,paid_social,paid_social-prospecting_broad,voluntary,monthly,14,5
2025-02-28,paid_social,paid_social-prospecting_broad,voluntary,monthly,15,3
2025-02-28,paid_social,paid_social-prospecting_broad,voluntary,monthly,16,1
2025-03-31,direct,direct,active_account,annual,16,387
2025-03-31,direct,direct,active_account,monthly,16,510
2025-03-31,direct,direct,payment_failed,annual,12,1
2025-03-31,direct,direct,payment_failed,annual,13,24
2025-03-31,direct,direct,payment_failed,monthly,1,1
2025-03-31,direct,direct,payment_failed,monthly,2,14
2025-03-31,direct,direct,payment_failed,monthly,3,12
2025-03-31,direct,direct,payment_failed,monthly,4,11
2025-03-31,direct,direct,payment_failed,monthly,5,12
2025-03-31,direct,direct,payment_failed,monthly,6,8
2025-03-31,direct,direct,payment_failed,monthly,7,12
2025-03-31,direct,direct,payment_failed,monthly,8,6
2025-03-31,direct,direct,payment_failed,monthly,9,4
2025-03-31,direct,direct,payment_failed,monthly,10,9
2025-03-31,direct,direct,payment_failed,monthly,11,6
2025-03-31,direct,direct,payment_failed,monthly,12,7
2025-03-31,direct,direct,payment_failed,monthly,13,2
2025-03-31,direct,direct,payment_failed,monthly,14,5
2025-03-31,direct,direct,payment_failed,monthly,15,3
2025-03-31,direct,direct,voluntary,annual,12,84
2025-03-31,direct,direct,voluntary,monthly,1,128
2025-03-31,direct,direct,voluntary,monthly,2,50
2025-03-31,direct,direct,voluntary,monthly,3,26
2025-03-31,direct,direct,voluntary,monthly,4,23
2025-03-31,direct,direct,voluntary,monthly,5,13
2025-03-31,direct,direct,voluntary,monthly,6,13
2025-03-31,direct,direct,voluntary,monthly,7,13
2025-03-31,direct,direct,voluntary,monthly,8,11
2025-03-31,direct,direct,voluntary,monthly,9,9
2025-03-31,direct,direct,voluntary,monthly,10,7
2025-03-31,direct,direct,voluntary,monthly,11,4
2025-03-31,direct,direct,voluntary,monthly,12,8
2025-03-31,direct,direct,voluntary,monthly,13,3
2025-03-31,direct,direct,voluntary,monthly,14,5
2025-03-31,direct,direct,voluntary,monthly,15,2
2025-03-31,email,email,active_account,annual,16,394
2025-03-31,email,email,active_account,monthly,16,249
2025-03-31,email,email,payment_failed,annual,12,3
2025-03-31,email,email,payment_failed,annual,13,30
2025-03-31,email,email,payment_failed,monthly,2,3
2025-03-31,email,email,payment_failed,monthly,3,1
2025-03-31,email,email,payment_failed,monthly,4,4
2025-03-31,email,email,payment_failed,monthly,5,6
2025-03-31,email,email,payment_failed,monthly,6,4
2025-03-31,email,email,payment_failed,monthly,7,2
2025-03-31,email,email,payment_failed,monthly,8,8
2025-03-31,email,email,payment_failed,monthly,9,3
2025-03-31,email,email,payment_failed,monthly,10,6
2025-03-31,email,email,payment_failed,monthly,11,5
2025-03-31,email,email,payment_failed,monthly,12,8
2025-03-31,email,email,payment_failed,monthly,13,2
2025-03-31,email,email,voluntary,annual,12,62
2025-03-31,email,email,voluntary,monthly,1,29
2025-03-31,email,email,voluntary,monthly,2,16
2025-03-31,email,email,voluntary,monthly,3,4
2025-03-31,email,email,voluntary,monthly,4,5
2025-03-31,email,email,voluntary,monthly,5,7
2025-03-31,email,email,voluntary,monthly,6,5
2025-03-31,email,email,voluntary,monthly,7,3
2025-03-31,email,email,voluntary,monthly,8,4
2025-03-31,email,email,voluntary,monthly,9,2
2025-03-31,email,email,voluntary,monthly,10,3
2025-03-31,email,email,voluntary,monthly,11,2
2025-03-31,email,email,voluntary,monthly,12,6
2025-03-31,email,email,voluntary,monthly,13,1
2025-03-31,email,email,voluntary,monthly,14,1
2025-03-31,email,email,voluntary,monthly,15,1
2025-03-31,organic_search,organic_search,active_account,annual,16,212
2025-03-31,organic_search,organic_search,active_account,monthly,16,310
2025-03-31,organic_search,organic_search,payment_failed,annual,12,2
2025-03-31,organic_search,organic_search,payment_failed,annual,13,14
2025-03-31,organic_search,organic_search,payment_failed,monthly,2,6
2025-03-31,organic_search,organic_search,payment_failed,monthly,3,10
2025-03-31,organic_search,organic_search,payment_failed,monthly,4,8
2025-03-31,organic_search,organic_search,payment_failed,monthly,5,7
2025-03-31,organic_search,organic_search,payment_failed,monthly,6,4
2025-03-31,organic_search,organic_search,payment_failed,monthly,7,9
2025-03-31,organic_search,organic_search,payment_failed,monthly,8,5
2025-03-31,organic_search,organic_search,payment_failed,monthly,9,6
2025-03-31,organic_search,organic_search,payment_failed,monthly,10,4
2025-03-31,organic_search,organic_search,payment_failed,monthly,11,5
2025-03-31,organic_search,organic_search,payment_failed,monthly,12,5
2025-03-31,organic_search,organic_search,payment_failed,monthly,13,1
2025-03-31,organic_search,organic_search,payment_failed,monthly,14,1
2025-03-31,organic_search,organic_search,payment_failed,monthly,15,4
2025-03-31,organic_search,organic_search,payment_failed,monthly,16,1
2025-03-31,organic_search,organic_search,voluntary,annual,12,50
2025-03-31,organic_search,organic_search,voluntary,monthly,1,69
2025-03-31,organic_search,organic_search,voluntary,monthly,2,42
2025-03-31,organic_search,organic_search,voluntary,monthly,3,25
2025-03-31,organic_search,organic_search,voluntary,monthly,4,18
2025-03-31,organic_search,organic_search,voluntary,monthly,5,23
2025-03-31,organic_search,organic_search,voluntary,monthly,6,6
2025-03-31,organic_search,organic_search,voluntary,monthly,7,9
2025-03-31,organic_search,organic_search,voluntary,monthly,8,10
2025-03-31,organic_search,organic_search,voluntary,monthly,9,3
2025-03-31,organic_search,organic_search,voluntary,monthly,10,6
2025-03-31,organic_search,organic_search,voluntary,monthly,11,4
2025-03-31,organic_search,organic_search,voluntary,monthly,12,2
2025-03-31,organic_search,organic_search,voluntary,monthly,13,2
2025-03-31,organic_search,organic_search,voluntary,monthly,14,1
2025-03-31,organic_social,organic_social,active_account,annual,16,35
2025-03-31,organic_social,organic_social,active_account,monthly,16,136
2025-03-31,organic_social,organic_social,payment_failed,annual,12,1
2025-03-31,organic_social,organic_social,payment_failed,annual,13,3
2025-03-31,organic_social,organic_social,payment_failed,monthly,2,6
2025-03-31,organic_social,organic_social,payment_failed,monthly,3,8
2025-03-31,organic_social,organic_social,payment_failed,monthly,4,3
2025-03-31,organic_social,organic_social,payment_failed,monthly,5,6
2025-03-31,organic_social,organic_social,payment_failed,monthly,6,3
2025-03-31,organic_social,organic_social,payment_failed,monthly,7,3
2025-03-31,organic_social,organic_social,payment_failed,monthly,8,2
2025-03-31,organic_social,organic_social,payment_failed,monthly,9,3
2025-03-31,organic_social,organic_social,payment_failed,monthly,11,3
2025-03-31,organic_social,organic_social,payment_failed,monthly,12,4
2025-03-31,organic_social,organic_social,payment_failed,monthly,13,1
2025-03-31,organic_social,organic_social,payment_failed,monthly,14,3
2025-03-31,organic_social,organic_social,payment_failed,monthly,15,1
2025-03-31,organic_social,organic_social,voluntary,annual,12,30
2025-03-31,organic_social,organic_social,voluntary,monthly,1,100
2025-03-31,organic_social,organic_social,voluntary,monthly,2,33
2025-03-31,organic_social,organic_social,voluntary,monthly,3,28
2025-03-31,organic_social,organic_social,voluntary,monthly,4,13
2025-03-31,organic_social,organic_social,voluntary,monthly,5,13
2025-03-31,organic_social,organic_social,voluntary,monthly,6,5
2025-03-31,organic_social,organic_social,voluntary,monthly,7,6
2025-03-31,organic_social,organic_social,voluntary,monthly,8,6
2025-03-31,organic_social,organic_social,voluntary,monthly,9,3
2025-03-31,organic_social,organic_social,voluntary,monthly,11,4
2025-03-31,organic_social,organic_social,voluntary,monthly,12,2
2025-03-31,organic_social,organic_social,voluntary,monthly,14,2
2025-03-31,organic_social,organic_social,voluntary,monthly,15,5
2025-03-31,paid_social,paid_social-lookalike_subscribers,active_account,annual,16,94
2025-03-31,paid_social,paid_social-lookalike_subscribers,active_account,monthly,16,121
2025-03-31,paid_social,paid_social-lookalike_subscribers,payment_failed,annual,13,12
2025-03-31,paid_social,paid_social-lookalike_subscribers,payment_failed,monthly,2,7
2025-03-31,paid_social,paid_social-lookalike_subscribers,payment_failed,monthly,3,7
2025-03-31,paid_social,paid_social-lookalike_subscribers,payment_failed,monthly,4,3
2025-03-31,paid_social,paid_social-lookalike_subscribers,payment_failed,monthly,5,2
2025-03-31,paid_social,paid_social-lookalike_subscribers,payment_failed,monthly,6,3
2025-03-31,paid_social,paid_social-lookalike_subscribers,payment_failed,monthly,7,1
2025-03-31,paid_social,paid_social-lookalike_subscribers,payment_failed,monthly,8,1
2025-03-31,paid_social,paid_social-lookalike_subscribers,payment_failed,monthly,9,1
2025-03-31,paid_social,paid_social-lookalike_subscribers,payment_failed,monthly,10,2
2025-03-31,paid_social,paid_social-lookalike_subscribers,payment_failed,monthly,12,2
2025-03-31,paid_social,paid_social-lookalike_subscribers,payment_failed,monthly,14,5
2025-03-31,paid_social,paid_social-lookalike_subscribers,voluntary,annual,12,25
2025-03-31,paid_social,paid_social-lookalike_subscribers,voluntary,monthly,1,28
2025-03-31,paid_social,paid_social-lookalike_subscribers,voluntary,monthly,2,18
2025-03-31,paid_social,paid_social-lookalike_subscribers,voluntary,monthly,3,6
2025-03-31,paid_social,paid_social-lookalike_subscribers,voluntary,monthly,4,5
2025-03-31,paid_social,paid_social-lookalike_subscribers,voluntary,monthly,5,7
2025-03-31,paid_social,paid_social-lookalike_subscribers,voluntary,monthly,6,3
2025-03-31,paid_social,paid_social-lookalike_subscribers,voluntary,monthly,7,2
2025-03-31,paid_social,paid_social-lookalike_subscribers,voluntary,monthly,8,2
2025-03-31,paid_social,paid_social-lookalike_subscribers,voluntary,monthly,9,3
2025-03-31,paid_social,paid_social-lookalike_subscribers,voluntary,monthly,10,3
2025-03-31,paid_social,paid_social-lookalike_subscribers,voluntary,monthly,11,3
2025-03-31,paid_social,paid_social-lookalike_subscribers,voluntary,monthly,13,4
2025-03-31,paid_social,paid_social-lookalike_subscribers,voluntary,monthly,14,2
2025-03-31,paid_social,paid_social-prospecting_broad,active_account,annual,16,80
2025-03-31,paid_social,paid_social-prospecting_broad,active_account,monthly,16,190
2025-03-31,paid_social,paid_social-prospecting_broad,payment_failed,annual,13,7
2025-03-31,paid_social,paid_social-prospecting_broad,payment_failed,monthly,1,3
2025-03-31,paid_social,paid_social-prospecting_broad,payment_failed,monthly,2,11
2025-03-31,paid_social,paid_social-prospecting_broad,payment_failed,monthly,3,4
2025-03-31,paid_social,paid_social-prospecting_broad,payment_failed,monthly,4,5
2025-03-31,paid_social,paid_social-prospecting_broad,payment_failed,monthly,5,8
2025-03-31,paid_social,paid_social-prospecting_broad,payment_failed,monthly,6,5
2025-03-31,paid_social,paid_social-prospecting_broad,payment_failed,monthly,7,3
2025-03-31,paid_social,paid_social-prospecting_broad,payment_failed,monthly,8,4
2025-03-31,paid_social,paid_social-prospecting_broad,payment_failed,monthly,9,5
2025-03-31,paid_social,paid_social-prospecting_broad,payment_failed,monthly,10,4
2025-03-31,paid_social,paid_social-prospecting_broad,payment_failed,monthly,11,2
2025-03-31,paid_social,paid_social-prospecting_broad,payment_failed,monthly,12,3
2025-03-31,paid_social,paid_social-prospecting_broad,payment_failed,monthly,13,4
2025-03-31,paid_social,paid_social-prospecting_broad,payment_failed,monthly,14,3
2025-03-31,paid_social,paid_social-prospecting_broad,payment_failed,monthly,15,2
2025-03-31,paid_social,paid_social-prospecting_broad,voluntary,annual,12,54
2025-03-31,paid_social,paid_social-prospecting_broad,voluntary,monthly,1,135
2025-03-31,paid_social,paid_social-prospecting_broad,voluntary,monthly,2,44
2025-03-31,paid_social,paid_social-prospecting_broad,voluntary,monthly,3,30
2025-03-31,paid_social,paid_social-prospecting_broad,voluntary,monthly,4,18
2025-03-31,paid_social,paid_social-prospecting_broad,voluntary,monthly,5,11
2025-03-31,paid_social,paid_social-prospecting_broad,voluntary,monthly,6,10
2025-03-31,paid_social,paid_social-prospecting_broad,voluntary,monthly,7,8
2025-03-31,paid_social,paid_social-prospecting_broad,voluntary,monthly,8,4
2025-03-31,paid_social,paid_social-prospecting_broad,voluntary,monthly,9,6
2025-03-31,paid_social,paid_social-prospecting_broad,voluntary,monthly,10,7
2025-03-31,paid_social,paid_social-prospecting_broad,voluntary,monthly,11,3
2025-03-31,paid_social,paid_social-prospecting_broad,voluntary,monthly,12,2
2025-03-31,paid_social,paid_social-prospecting_broad,voluntary,monthly,13,5
2025-03-31,paid_social,paid_social-prospecting_broad,voluntary,monthly,14,2
2025-03-31,paid_social,paid_social-prospecting_broad,voluntary,monthly,15,2
2025-04-30,direct,direct,active_account,annual,15,354
2025-04-30,direct,direct,active_account,monthly,15,499
2025-04-30,direct,direct,payment_failed,annual,12,3
2025-04-30,direct,direct,payment_failed,annual,13,24
2025-04-30,direct,direct,payment_failed,monthly,2,12
2025-04-30,direct,direct,payment_failed,monthly,3,11
2025-04-30,direct,direct,payment_failed,monthly,4,20
2025-04-30,direct,direct,payment_failed,monthly,5,9
2025-04-30,direct,direct,payment_failed,monthly,6,7
2025-04-30,direct,direct,payment_failed,monthly,7,4
2025-04-30,direct,direct,payment_failed,monthly,8,9
2025-04-30,direct,direct,payment_failed,monthly,9,9
2025-04-30,direct,direct,payment_failed,monthly,10,7
2025-04-30,direct,direct,payment_failed,monthly,11,9
2025-04-30,direct,direct,payment_failed,monthly,12,8
2025-04-30,direct,direct,payment_failed,monthly,13,6
2025-04-30,direct,direct,payment_failed,monthly,14,3
2025-04-30,direct,direct,voluntary,annual,12,100
2025-04-30,direct,direct,voluntary,monthly,1,112
2025-04-30,direct,direct,voluntary,monthly,2,63
2025-04-30,direct,direct,voluntary,monthly,3,35
2025-04-30,direct,direct,voluntary,monthly,4,28
2025-04-30,direct,direct,voluntary,monthly,5,15
2025-04-30,direct,direct,voluntary,monthly,6,9
2025-04-30,direct,direct,voluntary,monthly,7,11
2025-04-30,direct,direct,voluntary,monthly,8,14
2025-04-30,direct,direct,voluntary,monthly,9,7
2025-04-30,direct,direct,voluntary,monthly,10,5
2025-04-30,direct,direct,voluntary,monthly,11,5
2025-04-30,direct,direct,voluntary,monthly,12,4
2025-04-30,direct,direct,voluntary,monthly,13,5
2025-04-30,direct,direct,voluntary,monthly,14,4
2025-04-30,email,email,active_account,annual,15,383
2025-04-30,email,email,active_account,monthly,15,251
2025-04-30,email,email,payment_failed,annual,12,1
2025-04-30,email,email,payment_failed,annual,13,21
2025-04-30,email,email,payment_failed,monthly,1,1
2025-04-30,email,email,payment_failed,monthly,2,7
2025-04-30,email,email,payment_failed,monthly,3,8
2025-04-30,email,email,payment_failed,monthly,4,5
2025-04-30,email,email,payment_failed,monthly,5,2
2025-04-30,email,email,payment_failed,monthly,6,4
2025-04-30,email,email,payment_failed,monthly,7,1
2025-04-30,email,email,payment_failed,monthly,8,3
2025-04-30,email,email,payment_failed,monthly,9,3
2025-04-30,email,email,payment_failed,monthly,10,2
2025-04-30,email,email,payment_failed,monthly,11,3
2025-04-30,email,email,payment_failed,monthly,12,3
2025-04-30,email,email,payment_failed,monthly,13,3
2025-04-30,email,email,payment_failed,monthly,14,2
2025-04-30,email,email,voluntary,annual,12,58
2025-04-30,email,email,voluntary,monthly,1,26
2025-04-30,email,email,voluntary,monthly,2,17
2025-04-30,email,email,voluntary,monthly,3,7
2025-04-30,email,email,voluntary,monthly,4,9
2025-04-30,email,email,voluntary,monthly,5,5
2025-04-30,email,email,voluntary,monthly,6,1
2025-04-30,email,email,voluntary,monthly,7,7
2025-04-30,email,email,voluntary,monthly,8,2
2025-04-30,email,email,voluntary,monthly,9,2
2025-04-30,email,email,voluntary,monthly,11,3
2025-04-30,email,email,voluntary,monthly,12,1
2025-04-30,email,email,voluntary,monthly,13,3
2025-04-30,email,email,voluntary,monthly,14,1
2025-04-30,organic_search,organic_search,active_account,annual,15,198
2025-04-30,organic_search,organic_search,active_account,monthly,15,342
2025-04-30,organic_search,organic_search,payment_failed,annual,12,1
2025-04-30,organic_search,organic_search,payment_failed,annual,13,9
2025-04-30,organic_search,organic_search,payment_failed,monthly,1,1
2025-04-30,organic_search,organic_search,payment_failed,monthly,2,9
2025-04-30,organic_search,organic_search,payment_failed,monthly,3,9
2025-04-30,organic_search,organic_search,payment_failed,monthly,4,7
2025-04-30,organic_search,organic_search,payment_failed,monthly,5,12
2025-04-30,organic_search,organic_search,payment_failed,monthly,6,10
2025-04-30,organic_search,organic_search,payment_failed,monthly,7,6
2025-04-30,organic_search,organic_search,payment_failed,monthly,8,4
2025-04-30,organic_search,organic_search,payment_failed,monthly,9,6
2025-04-30,organic_search,organic_search,payment_failed,monthly,10,3
2025-04-30,organic_search,organic_search,payment_failed,monthly,11,4
2025-04-30,organic_search,organic_search,payment_failed,monthly,12,3
2025-04-30,organic_search,organic_search,payment_failed,monthly,13,4
2025-04-30,organic_search,organic_search,payment_failed,monthly,14,6
2025-04-30,organic_search,organic_search,voluntary,annual,12,50
2025-04-30,organic_search,organic_search,voluntary,monthly,1,82
2025-04-30,organic_search,organic_search,voluntary,monthly,2,36
2025-04-30,organic_search,organic_search,voluntary,monthly,3,29
2025-04-30,organic_search,organic_search,voluntary,monthly,4,21
2025-04-30,organic_search,organic_search,voluntary,monthly,5,13
2025-04-30,organic_search,organic_search,voluntary,monthly,6,17
2025-04-30,organic_search,organic_search,voluntary,monthly,7,6
2025-04-30,organic_search,organic_search,voluntary,monthly,8,8
2025-04-30,organic_search,organic_search,voluntary,monthly,9,4
2025-04-30,organic_search,organic_search,voluntary,monthly,10,5
2025-04-30,organic_search,organic_search,voluntary,monthly,11,6
2025-04-30,organic_search,organic_search,voluntary,monthly,12,8
2025-04-30,organic_search,organic_search,voluntary,monthly,13,6
2025-04-30,organic_search,organic_search,voluntary,monthly,14,2
2025-04-30,organic_social,organic_social,active_account,annual,15,32
2025-04-30,organic_social,organic_social,active_account,monthly,15,137
2025-04-30,organic_social,organic_social,payment_failed,annual,12,1
2025-04-30,organic_social,organic_social,payment_failed,annual,13,1
2025-04-30,organic_social,organic_social,payment_failed,monthly,2,6
2025-04-30,organic_social,organic_social,payment_failed,monthly,3,7
2025-04-30,organic_social,organic_social,payment_failed,monthly,4,3
2025-04-30,organic_social,organic_social,payment_failed,monthly,5,3
2025-04-30,organic_social,organic_social,payment_failed,monthly,6,2
2025-04-30,organic_social,organic_social,payment_failed,monthly,7,2
2025-04-30,organic_social,organic_social,payment_failed,monthly,8,2
2025-04-30,organic_social,organic_social,payment_failed,monthly,9,1
2025-04-30,organic_social,organic_social,payment_failed,monthly,10,1
2025-04-30,organic_social,organic_social,payment_failed,monthly,11,4
2025-04-30,organic_social,organic_social,payment_failed,monthly,13,4
2025-04-30,organic_social,organic_social,payment_failed,monthly,14,4
2025-04-30,organic_social,organic_social,voluntary,annual,12,22
2025-04-30,organic_social,organic_social,voluntary,monthly,1,97
2025-04-30,organic_social,organic_social,voluntary,monthly,2,30
2025-04-30,organic_social,organic_social,voluntary,monthly,3,30
2025-04-30,organic_social,organic_social,voluntary,monthly,4,13
2025-04-30,organic_social,organic_social,voluntary,monthly,5,6
2025-04-30,organic_social,organic_social,voluntary,monthly,6,6
2025-04-30,organic_social,organic_social,voluntary,monthly,7,8
2025-04-30,organic_social,organic_social,voluntary,monthly,8,3
2025-04-30,organic_social,organic_social,voluntary,monthly,9,2
2025-04-30,organic_social,organic_social,voluntary,monthly,10,2
2025-04-30,organic_social,organic_social,voluntary,monthly,11,4
2025-04-30,organic_social,organic_social,voluntary,monthly,12,2
2025-04-30,organic_social,organic_social,voluntary,monthly,13,1
2025-04-30,organic_social,organic_social,voluntary,monthly,14,4
2025-04-30,paid_social,paid_social-lookalike_subscribers,active_account,annual,15,110
2025-04-30,paid_social,paid_social-lookalike_subscribers,active_account,monthly,15,107
2025-04-30,paid_social,paid_social-lookalike_subscribers,payment_failed,annual,13,9
2025-04-30,paid_social,paid_social-lookalike_subscribers,payment_failed,monthly,2,2
2025-04-30,paid_social,paid_social-lookalike_subscribers,payment_failed,monthly,3,5
2025-04-30,paid_social,paid_social-lookalike_subscribers,payment_failed,monthly,4,1
2025-04-30,paid_social,paid_social-lookalike_subscribers,payment_failed,monthly,5,1
2025-04-30,paid_social,paid_social-lookalike_subscribers,payment_failed,monthly,6,1
2025-04-30,paid_social,paid_social-lookalike_subscribers,payment_failed,monthly,7,2
2025-04-30,paid_social,paid_social-lookalike_subscribers,payment_failed,monthly,9,1
2025-04-30,paid_social,paid_social-lookalike_subscribers,payment_failed,monthly,10,1
2025-04-30,paid_social,paid_social-lookalike_subscribers,payment_failed,monthly,11,1
2025-04-30,paid_social,paid_social-lookalike_subscribers,payment_failed,monthly,12,2
2025-04-30,paid_social,paid_social-lookalike_subscribers,payment_failed,monthly,14,3
2025-04-30,paid_social,paid_social-lookalike_subscribers,voluntary,annual,12,34
2025-04-30,paid_social,paid_social-lookalike_subscribers,voluntary,monthly,1,42
2025-04-30,paid_social,paid_social-lookalike_subscribers,voluntary,monthly,2,14
2025-04-30,paid_social,paid_social-lookalike_subscribers,voluntary,monthly,3,10
2025-04-30,paid_social,paid_social-lookalike_subscribers,voluntary,monthly,4,5
2025-04-30,paid_social,paid_social-lookalike_subscribers,voluntary,monthly,5,6
2025-04-30,paid_social,paid_social-lookalike_subscribers,voluntary,monthly,6,3
2025-04-30,paid_social,paid_social-lookalike_subscribers,voluntary,monthly,7,6
2025-04-30,paid_social,paid_social-lookalike_subscribers,voluntary,monthly,8,2
2025-04-30,paid_social,paid_social-lookalike_subscribers,voluntary,monthly,10,5
2025-04-30,paid_social,paid_social-lookalike_subscribers,voluntary,monthly,11,1
2025-04-30,paid_social,paid_social-lookalike_subscribers,voluntary,monthly,12,2
2025-04-30,paid_social,paid_social-lookalike_subscribers,voluntary,monthly,13,2
2025-04-30,paid_social,paid_social-lookalike_subscribers,voluntary,monthly,14,1
2025-04-30,paid_social,paid_social-prospecting_broad,active_account,annual,15,56
2025-04-30,paid_social,paid_social-prospecting_broad,active_account,monthly,15,189
2025-04-30,paid_social,paid_social-prospecting_broad,payment_failed,annual,12,1
2025-04-30,paid_social,paid_social-prospecting_broad,payment_failed,annual,13,4
2025-04-30,paid_social,paid_social-prospecting_broad,payment_failed,monthly,1,2
2025-04-30,paid_social,paid_social-prospecting_broad,payment_failed,monthly,2,7
2025-04-30,paid_social,paid_social-prospecting_broad,payment_failed,monthly,3,7
2025-04-30,paid_social,paid_social-prospecting_broad,payment_failed,monthly,4,8
2025-04-30,paid_social,paid_social-prospecting_broad,payment_failed,monthly,5,5
2025-04-30,paid_social,paid_social-prospecting_broad,payment_failed,monthly,6,4
2025-04-30,paid_social,paid_social-prospecting_broad,payment_failed,monthly,7,5
2025-04-30,paid_social,paid_social-prospecting_broad,payment_failed,monthly,8,6
2025-04-30,paid_social,paid_social-prospecting_broad,payment_failed,monthly,9,2
2025-04-30,paid_social,paid_social-prospecting_broad,payment_failed,monthly,10,1
2025-04-30,paid_social,paid_social-prospecting_broad,payment_failed,monthly,11,4
2025-04-30,paid_social,paid_social-prospecting_broad,payment_failed,monthly,12,2
2025-04-30,paid_social,paid_social-prospecting_broad,payment_failed,monthly,13,1
2025-04-30,paid_social,paid_social-prospecting_broad,payment_failed,monthly,14,3
2025-04-30,paid_social,paid_social-prospecting_broad,voluntary,annual,12,45
2025-04-30,paid_social,paid_social-prospecting_broad,voluntary,monthly,1,134
2025-04-30,paid_social,paid_social-prospecting_broad,voluntary,monthly,2,44
2025-04-30,paid_social,paid_social-prospecting_broad,voluntary,monthly,3,30
2025-04-30,paid_social,paid_social-prospecting_broad,voluntary,monthly,4,22
2025-04-30,paid_social,paid_social-prospecting_broad,voluntary,monthly,5,18
2025-04-30,paid_social,paid_social-prospecting_broad,voluntary,monthly,6,6
2025-04-30,paid_social,paid_social-prospecting_broad,voluntary,monthly,7,5
2025-04-30,paid_social,paid_social-prospecting_broad,voluntary,monthly,8,11
2025-04-30,paid_social,paid_social-prospecting_broad,voluntary,monthly,9,4
2025-04-30,paid_social,paid_social-prospecting_broad,voluntary,monthly,10,1
2025-04-30,paid_social,paid_social-prospecting_broad,voluntary,monthly,11,8
2025-04-30,paid_social,paid_social-prospecting_broad,voluntary,monthly,12,3
2025-04-30,paid_social,paid_social-prospecting_broad,voluntary,monthly,13,3
2025-04-30,paid_social,paid_social-prospecting_broad,voluntary,monthly,14,7
2025-04-30,paid_social,paid_social-prospecting_broad,voluntary,monthly,15,1
2025-05-31,direct,direct,active_account,annual,14,389
2025-05-31,direct,direct,active_account,monthly,14,490
2025-05-31,direct,direct,payment_failed,annual,12,4
2025-05-31,direct,direct,payment_failed,annual,13,27
2025-05-31,direct,direct,payment_failed,monthly,2,19
2025-05-31,direct,direct,payment_failed,monthly,3,13
2025-05-31,direct,direct,payment_failed,monthly,4,8
2025-05-31,direct,direct,payment_failed,monthly,5,8
2025-05-31,direct,direct,payment_failed,monthly,6,15
2025-05-31,direct,direct,payment_failed,monthly,7,11
2025-05-31,direct,direct,payment_failed,monthly,8,4
2025-05-31,direct,direct,payment_failed,monthly,9,7
2025-05-31,direct,direct,payment_failed,monthly,10,10
2025-05-31,direct,direct,payment_failed,monthly,11,10
2025-05-31,direct,direct,payment_failed,monthly,12,4
2025-05-31,direct,direct,payment_failed,monthly,13,9
2025-05-31,direct,direct,voluntary,annual,12,92
2025-05-31,direct,direct,voluntary,monthly,1,110
2025-05-31,direct,direct,voluntary,monthly,2,67
2025-05-31,direct,direct,voluntary,monthly,3,46
2025-05-31,direct,direct,voluntary,monthly,4,26
2025-05-31,direct,direct,voluntary,monthly,5,16
2025-05-31,direct,direct,voluntary,monthly,6,15
2025-05-31,direct,direct,voluntary,monthly,7,9
2025-05-31,direct,direct,voluntary,monthly,8,7
2025-05-31,direct,direct,voluntary,monthly,9,7
2025-05-31,direct,direct,voluntary,monthly,10,8
2025-05-31,direct,direct,voluntary,monthly,11,3
2025-05-31,direct,direct,voluntary,monthly,12,11
2025-05-31,direct,direct,voluntary,monthly,13,3
2025-05-31,email,email,active_account,annual,14,428
2025-05-31,email,email,active_account,monthly,14,251
2025-05-31,email,email,payment_failed,annual,12,4
2025-05-31,email,email,payment_failed,annual,13,22
2025-05-31,email,email,payment_failed,monthly,1,1
2025-05-31,email,email,payment_failed,monthly,2,4
2025-05-31,email,email,payment_failed,monthly,3,6
2025-05-31,email,email,payment_failed,monthly,4,6
2025-05-31,email,email,payment_failed,monthly,5,6
2025-05-31,email,email,payment_failed,monthly,6,2
2025-05-31,email,email,payment_failed,monthly,7,4
2025-05-31,email,email,payment_failed,monthly,8,2
2025-05-31,email,email,payment_failed,monthly,9,3
2025-05-31,email,email,payment_failed,monthly,10,4
2025-05-31,email,email,payment_failed,monthly,11,3
2025-05-31,email,email,payment_failed,monthly,12,3
2025-05-31,email,email,payment_failed,monthly,13,1
2025-05-31,email,email,voluntary,annual,12,56
2025-05-31,email,email,voluntary,monthly,1,28
2025-05-31,email,email,voluntary,monthly,2,15
2025-05-31,email,email,voluntary,monthly,3,13
2025-05-31,email,email,voluntary,monthly,4,1
2025-05-31,email,email,voluntary,monthly,5,10
2025-05-31,email,email,voluntary,monthly,6,6
2025-05-31,email,email,voluntary,monthly,7,1
2025-05-31,email,email,voluntary,monthly,8,2
2025-05-31,email,email,voluntary,monthly,9,2
2025-05-31,email,email,voluntary,monthly,10,4
2025-05-31,email,email,voluntary,monthly,11,1
2025-05-31,email,email,voluntary,monthly,12,2
2025-05-31,organic_search,organic_search,active_account,annual,14,201
2025-05-31,organic_search,organic_search,active_account,monthly,14,374
2025-05-31,organic_search,organic_search,payment_failed,annual,12,1
2025-05-31,organic_search,organic_search,payment_failed,annual,13,22
2025-05-31,organic_search,organic_search,payment_failed,monthly,2,10
2025-05-31,organic_search,organic_search,payment_failed,monthly,3,10
2025-05-31,organic_search,organic_search,payment_failed,monthly,4,6
2025-05-31,organic_search,organic_search,payment_failed,monthly,5,9
2025-05-31,organic_search,organic_search,payment_failed,monthly,6,7
2025-05-31,organic_search,organic_search,payment_failed,monthly,7,8
2025-05-31,organic_search,organic_search,payment_failed,monthly,8,4
2025-05-31,organic_search,organic_search,payment_failed,monthly,9,9
2025-05-31,organic_search,organic_search,payment_failed,monthly,10,3
2025-05-31,organic_search,organic_search,payment_failed,monthly,11,4
2025-05-31,organic_search,organic_search,payment_failed,monthly,12,5
2025-05-31,organic_search,organic_search,payment_failed,monthly,13,4
2025-05-31,organic_search,organic_search,voluntary,annual,12,79
2025-05-31,organic_search,organic_search,voluntary,monthly,1,106
2025-05-31,organic_search,organic_search,voluntary,monthly,2,49
2025-05-31,organic_search,organic_search,voluntary,monthly,3,17
2025-05-31,organic_search,organic_search,voluntary,monthly,4,29
2025-05-31,organic_search,organic_search,voluntary,monthly,5,22
2025-05-31,organic_search,organic_search,voluntary,monthly,6,6
2025-05-31,organic_search,organic_search,voluntary,monthly,7,5
2025-05-31,organic_search,organic_search,voluntary,monthly,8,8
2025-05-31,organic_search,organic_search,voluntary,monthly,9,5
2025-05-31,organic_search,organic_search,voluntary,monthly,10,5
2025-05-31,organic_search,organic_search,voluntary,monthly,11,6
2025-05-31,organic_search,organic_search,voluntary,monthly,12,4
2025-05-31,organic_search,organic_search,voluntary,monthly,13,2
2025-05-31,organic_social,organic_social,active_account,annual,14,46
2025-05-31,organic_social,organic_social,active_account,monthly,14,153
2025-05-31,organic_social,organic_social,payment_failed,annual,13,2
2025-05-31,organic_social,organic_social,payment_failed,monthly,1,2
2025-05-31,organic_social,organic_social,payment_failed,monthly,2,8
2025-05-31,organic_social,organic_social,payment_failed,monthly,3,10
2025-05-31,organic_social,organic_social,payment_failed,monthly,4,4
2025-05-31,organic_social,organic_social,payment_failed,monthly,5,5
2025-05-31,organic_social,organic_social,payment_failed,monthly,6,4
2025-05-31,organic_social,organic_social,payment_failed,monthly,7,4
2025-05-31,organic_social,organic_social,payment_failed,monthly,8,3
2025-05-31,organic_social,organic_social,payment_failed,monthly,9,5
2025-05-31,organic_social,organic_social,payment_failed,monthly,10,7
2025-05-31,organic_social,organic_social,payment_failed,monthly,13,1
2025-05-31,organic_social,organic_social,voluntary,annual,12,25
2025-05-31,organic_social,organic_social,voluntary,monthly,1,98
2025-05-31,organic_social,organic_social,voluntary,monthly,2,43
2025-05-31,organic_social,organic_social,voluntary,monthly,3,22
2025-05-31,organic_social,organic_social,voluntary,monthly,4,14
2025-05-31,organic_social,organic_social,voluntary,monthly,5,7
2025-05-31,organic_social,organic_social,voluntary,monthly,6,5
2025-05-31,organic_social,organic_social,voluntary,monthly,7,6
2025-05-31,organic_social,organic_social,voluntary,monthly,8,11
2025-05-31,organic_social,organic_social,voluntary,monthly,9,2
2025-05-31,organic_social,organic_social,voluntary,monthly,10,1
2025-05-31,organic_social,organic_social,voluntary,monthly,11,3
2025-05-31,organic_social,organic_social,voluntary,monthly,12,2
2025-05-31,organic_social,organic_social,voluntary,monthly,13,3
2025-05-31,paid_social,paid_social-lookalike_subscribers,active_account,annual,14,87
2025-05-31,paid_social,paid_social-lookalike_subscribers,active_account,monthly,14,152
2025-05-31,paid_social,paid_social-lookalike_subscribers,payment_failed,annual,12,1
2025-05-31,paid_social,paid_social-lookalike_subscribers,payment_failed,annual,13,12
2025-05-31,paid_social,paid_social-lookalike_subscribers,payment_failed,monthly,2,2
2025-05-31,paid_social,paid_social-lookalike_subscribers,payment_failed,monthly,3,3
2025-05-31,paid_social,paid_social-lookalike_subscribers,payment_failed,monthly,4,1
2025-05-31,paid_social,paid_social-lookalike_subscribers,payment_failed,monthly,5,3
2025-05-31,paid_social,paid_social-lookalike_subscribers,payment_failed,monthly,6,1
2025-05-31,paid_social,paid_social-lookalike_subscribers,payment_failed,monthly,7,2
2025-05-31,paid_social,paid_social-lookalike_subscribers,payment_failed,monthly,8,3
2025-05-31,paid_social,paid_social-lookalike_subscribers,payment_failed,monthly,9,2
2025-05-31,paid_social,paid_social-lookalike_subscribers,payment_failed,monthly,10,2
2025-05-31,paid_social,paid_social-lookalike_subscribers,payment_failed,monthly,13,1
2025-05-31,paid_social,paid_social-lookalike_subscribers,voluntary,annual,12,48
2025-05-31,paid_social,paid_social-lookalike_subscribers,voluntary,monthly,1,40
2025-05-31,paid_social,paid_social-lookalike_subscribers,voluntary,monthly,2,9
2025-05-31,paid_social,paid_social-lookalike_subscribers,voluntary,monthly,3,9
2025-05-31,paid_social,paid_social-lookalike_subscribers,voluntary,monthly,4,5
2025-05-31,paid_social,paid_social-lookalike_subscribers,voluntary,monthly,5,6
2025-05-31,paid_social,paid_social-lookalike_subscribers,voluntary,monthly,6,3
2025-05-31,paid_social,paid_social-lookalike_subscribers,voluntary,monthly,7,4
2025-05-31,paid_social,paid_social-lookalike_subscribers,voluntary,monthly,8,1
2025-05-31,paid_social,paid_social-lookalike_subscribers,voluntary,monthly,9,2
2025-05-31,paid_social,paid_social-lookalike_subscribers,voluntary,monthly,10,1
2025-05-31,paid_social,paid_social-lookalike_subscribers,voluntary,monthly,12,1
2025-05-31,paid_social,paid_social-lookalike_subscribers,voluntary,monthly,13,1
2025-05-31,paid_social,paid_social-prospecting_broad,active_account,annual,14,81
2025-05-31,paid_social,paid_social-prospecting_broad,active_account,monthly,14,203
2025-05-31,paid_social,paid_social-prospecting_broad,payment_failed,annual,13,6
2025-05-31,paid_social,paid_social-prospecting_broad,payment_failed,monthly,1,1
2025-05-31,paid_social,paid_social-prospecting_broad,payment_failed,monthly,2,12
2025-05-31,paid_social,paid_social-prospecting_broad,payment_failed,monthly,3,6
2025-05-31,paid_social,paid_social-prospecting_broad,payment_failed,monthly,4,2
2025-05-31,paid_social,paid_social-prospecting_broad,payment_failed,monthly,5,5
2025-05-31,paid_social,paid_social-prospecting_broad,payment_failed,monthly,6,2
2025-05-31,paid_social,paid_social-prospecting_broad,payment_failed,monthly,7,4
2025-05-31,paid_social,paid_social-prospecting_broad,payment_failed,monthly,8,7
2025-05-31,paid_social,paid_social-prospecting_broad,payment_failed,monthly,10,2
2025-05-31,paid_social,paid_social-prospecting_broad,payment_failed,monthly,11,2
2025-05-31,paid_social,paid_social-prospecting_broad,payment_failed,monthly,13,2
2025-05-31,paid_social,paid_social-prospecting_broad,voluntary,annual,12,55
2025-05-31,paid_social,paid_social-prospecting_broad,voluntary,monthly,1,134
2025-05-31,paid_social,paid_social-prospecting_broad,voluntary,monthly,2,42
2025-05-31,paid_social,paid_social-prospecting_broad,voluntary,monthly,3,31
2025-05-31,paid_social,paid_social-prospecting_broad,voluntary,monthly,4,21
2025-05-31,paid_social,paid_social-prospecting_broad,voluntary,monthly,5,15
2025-05-31,paid_social,paid_social-prospecting_broad,voluntary,monthly,6,10
2025-05-31,paid_social,paid_social-prospecting_broad,voluntary,monthly,7,5
2025-05-31,paid_social,paid_social-prospecting_broad,voluntary,monthly,8,4
2025-05-31,paid_social,paid_social-prospecting_broad,voluntary,monthly,9,2
2025-05-31,paid_social,paid_social-prospecting_broad,voluntary,monthly,10,3
2025-05-31,paid_social,paid_social-prospecting_broad,voluntary,monthly,11,5
2025-05-31,paid_social,paid_social-prospecting_broad,voluntary,monthly,12,2
2025-05-31,paid_social,paid_social-prospecting_broad,voluntary,monthly,13,3
2025-06-30,direct,direct,active_account,annual,13,400
2025-06-30,direct,direct,active_account,monthly,13,531
2025-06-30,direct,direct,payment_failed,annual,12,1
2025-06-30,direct,direct,payment_failed,monthly,2,14
2025-06-30,direct,direct,payment_failed,monthly,3,7
2025-06-30,direct,direct,payment_failed,monthly,4,18
2025-06-30,direct,direct,payment_failed,monthly,5,7
2025-06-30,direct,direct,payment_failed,monthly,6,6
2025-06-30,direct,direct,payment_failed,monthly,7,5
2025-06-30,direct,direct,payment_failed,monthly,8,9
2025-06-30,direct,direct,payment_failed,monthly,9,7
2025-06-30,direct,direct,payment_failed,monthly,10,12
2025-06-30,direct,direct,payment_failed,monthly,11,5
2025-06-30,direct,direct,payment_failed,monthly,12,8
2025-06-30,direct,direct,voluntary,annual,12,94
2025-06-30,direct,direct,voluntary,monthly,1,120
2025-06-30,direct,direct,voluntary,monthly,2,57
2025-06-30,direct,direct,voluntary,monthly,3,36
2025-06-30,direct,direct,voluntary,monthly,4,21
2025-06-30,direct,direct,voluntary,monthly,5,13
2025-06-30,direct,direct,voluntary,monthly,6,16
2025-06-30,direct,direct,voluntary,monthly,7,12
2025-06-30,direct,direct,voluntary,monthly,8,7
2025-06-30,direct,direct,voluntary,monthly,9,4
2025-06-30,direct,direct,voluntary,monthly,10,3
2025-06-30,direct,direct,voluntary,monthly,11,6
2025-06-30,direct,direct,voluntary,monthly,12,6
2025-06-30,email,email,active_account,annual,13,418
2025-06-30,email,email,active_account,monthly,13,283
2025-06-30,email,email,payment_failed,annual,12,2
2025-06-30,email,email,payment_failed,monthly,1,2
2025-06-30,email,email,payment_failed,monthly,2,4
2025-06-30,email,email,payment_failed,monthly,3,5
2025-06-30,email,email,payment_failed,monthly,4,1
2025-06-30,email,email,payment_failed,monthly,5,1
2025-06-30,email,email,payment_failed,monthly,6,1
2025-06-30,email,email,payment_failed,monthly,7,4
2025-06-30,email,email,payment_failed,monthly,8,3
2025-06-30,email,email,payment_failed,monthly,9,4
2025-06-30,email,email,payment_failed,monthly,10,4
2025-06-30,email,email,payment_failed,monthly,11,2
2025-06-30,email,email,payment_failed,monthly,12,1
2025-06-30,email,email,voluntary,annual,12,47
2025-06-30,email,email,voluntary,monthly,1,22
2025-06-30,email,email,voluntary,monthly,2,13
2025-06-30,email,email,voluntary,monthly,3,15
2025-06-30,email,email,voluntary,monthly,4,5
2025-06-30,email,email,voluntary,monthly,5,6
2025-06-30,email,email,voluntary,monthly,6,5
2025-06-30,email,email,voluntary,monthly,7,1
2025-06-30,email,email,voluntary,monthly,8,4
2025-06-30,email,email,voluntary,monthly,9,1
2025-06-30,email,email,voluntary,monthly,10,3
2025-06-30,email,email,voluntary,monthly,11,2
2025-06-30,email,email,voluntary,monthly,12,2
2025-06-30,organic_search,organic_search,active_account,annual,13,232
2025-06-30,organic_search,organic_search,active_account,monthly,13,377
2025-06-30,organic_search,organic_search,payment_failed,monthly,1,1
2025-06-30,organic_search,organic_search,payment_failed,monthly,2,6
2025-06-30,organic_search,organic_search,payment_failed,monthly,3,11
2025-06-30,organic_search,organic_search,payment_failed,monthly,4,10
2025-06-30,organic_search,organic_search,payment_failed,monthly,5,10
2025-06-30,organic_search,organic_search,payment_failed,monthly,6,7
2025-06-30,organic_search,organic_search,payment_failed,monthly,7,7
2025-06-30,organic_search,organic_search,payment_failed,monthly,8,3
2025-06-30,organic_search,organic_search,payment_failed,monthly,9,5
2025-06-30,organic_search,organic_search,payment_failed,monthly,10,5
2025-06-30,organic_search,organic_search,payment_failed,monthly,11,4
2025-06-30,organic_search,organic_search,payment_failed,monthly,12,5
2025-06-30,organic_search,organic_search,payment_failed,monthly,13,1
2025-06-30,organic_search,organic_search,voluntary,annual,12,60
2025-06-30,organic_search,organic_search,voluntary,monthly,1,107
2025-06-30,organic_search,organic_search,voluntary,monthly,2,44
2025-06-30,organic_search,organic_search,voluntary,monthly,3,29
2025-06-30,organic_search,organic_search,voluntary,monthly,4,17
2025-06-30,organic_search,organic_search,voluntary,monthly,5,9
2025-06-30,organic_search,organic_search,voluntary,monthly,6,14
2025-06-30,organic_search,organic_search,voluntary,monthly,7,9
2025-06-30,organic_search,organic_search,voluntary,monthly,8,6
2025-06-30,organic_search,organic_search,voluntary,monthly,9,8
2025-06-30,organic_search,organic_search,voluntary,monthly,10,5
2025-06-30,organic_search,organic_search,voluntary,monthly,11,2
2025-06-30,organic_search,organic_search,voluntary,monthly,12,1
2025-06-30,organic_social,organic_social,active_account,annual,13,48
2025-06-30,organic_social,organic_social,active_account,monthly,13,144
2025-06-30,organic_social,organic_social,payment_failed,monthly,2,5
2025-06-30,organic_social,organic_social,payment_failed,monthly,3,3
2025-06-30,organic_social,organic_social,payment_failed,monthly,4,4
2025-06-30,organic_social,organic_social,payment_failed,monthly,5,6
2025-06-30,organic_social,organic_social,payment_failed,monthly,6,2
2025-06-30,organic_social,organic_social,payment_failed,monthly,7,3
2025-06-30,organic_social,organic_social,payment_failed,monthly,8,1
2025-06-30,organic_social,organic_social,payment_failed,monthly,9,3
2025-06-30,organic_social,organic_social,payment_failed,monthly,10,4
2025-06-30,organic_social,organic_social,payment_failed,monthly,11,1
2025-06-30,organic_social,organic_social,voluntary,annual,12,30
2025-06-30,organic_social,organic_social,voluntary,monthly,1,100
2025-06-30,organic_social,organic_social,voluntary,monthly,2,46
2025-06-30,organic_social,organic_social,voluntary,monthly,3,17
2025-06-30,organic_social,organic_social,voluntary,monthly,4,11
2025-06-30,organic_social,organic_social,voluntary,monthly,5,22
2025-06-30,organic_social,organic_social,voluntary,monthly,6,9
2025-06-30,organic_social,organic_social,voluntary,monthly,7,5
2025-06-30,organic_social,organic_social,voluntary,monthly,8,4
2025-06-30,organic_social,organic_social,voluntary,monthly,9,2
2025-06-30,organic_social,organic_social,voluntary,monthly,10,9
2025-06-30,organic_social,organic_social,voluntary,monthly,11,1
2025-06-30,organic_social,organic_social,voluntary,monthly,12,4
2025-06-30,paid_social,paid_social-lookalike_subscribers,active_account,annual,13,103
2025-06-30,paid_social,paid_social-lookalike_subscribers,active_account,monthly,13,129
2025-06-30,paid_social,paid_social-lookalike_subscribers,payment_failed,annual,12,2
2025-06-30,paid_social,paid_social-lookalike_subscribers,payment_failed,monthly,2,4
2025-06-30,paid_social,paid_social-lookalike_subscribers,payment_failed,monthly,3,4
2025-06-30,paid_social,paid_social-lookalike_subscribers,payment_failed,monthly,4,1
2025-06-30,paid_social,paid_social-lookalike_subscribers,payment_failed,monthly,6,3
2025-06-30,paid_social,paid_social-lookalike_subscribers,payment_failed,monthly,7,4
2025-06-30,paid_social,paid_social-lookalike_subscribers,payment_failed,monthly,9,1
2025-06-30,paid_social,paid_social-lookalike_subscribers,payment_failed,monthly,10,2
2025-06-30,paid_social,paid_social-lookalike_subscribers,payment_failed,monthly,11,2
2025-06-30,paid_social,paid_social-lookalike_subscribers,payment_failed,monthly,12,2
2025-06-30,paid_social,paid_social-lookalike_subscribers,voluntary,annual,12,36
2025-06-30,paid_social,paid_social-lookalike_subscribers,voluntary,monthly,1,32
2025-06-30,paid_social,paid_social-lookalike_subscribers,voluntary,monthly,2,17
2025-06-30,paid_social,paid_social-lookalike_subscribers,voluntary,monthly,3,15
2025-06-30,paid_social,paid_social-lookalike_subscribers,voluntary,monthly,4,11
2025-06-30,paid_social,paid_social-lookalike_subscribers,voluntary,monthly,5,6
2025-06-30,paid_social,paid_social-lookalike_subscribers,voluntary,monthly,6,5
2025-06-30,paid_social,paid_social-lookalike_subscribers,voluntary,monthly,7,8
2025-06-30,paid_social,paid_social-lookalike_subscribers,voluntary,monthly,8,4
2025-06-30,paid_social,paid_social-lookalike_subscribers,voluntary,monthly,9,1
2025-06-30,paid_social,paid_social-lookalike_subscribers,voluntary,monthly,10,3
2025-06-30,paid_social,paid_social-lookalike_subscribers,voluntary,monthly,11,1
2025-06-30,paid_social,paid_social-lookalike_subscribers,voluntary,monthly,12,4
2025-06-30,paid_social,paid_social-prospecting_broad,active_account,annual,13,76
2025-06-30,paid_social,paid_social-prospecting_broad,active_account,monthly,13,217
2025-06-30,paid_social,paid_social-prospecting_broad,payment_failed,monthly,2,9
2025-06-30,paid_social,paid_social-prospecting_broad,payment_failed,monthly,3,3
2025-06-30,paid_social,paid_social-prospecting_broad,payment_failed,monthly,4,9
2025-06-30,paid_social,paid_social-prospecting_broad,payment_failed,monthly,5,4
2025-06-30,paid_social,paid_social-prospecting_broad,payment_failed,monthly,6,3
2025-06-30,paid_social,paid_social-prospecting_broad,payment_failed,monthly,7,4
2025-06-30,paid_social,paid_social-prospecting_broad,payment_failed,monthly,8,2
2025-06-30,paid_social,paid_social-prospecting_broad,payment_failed,monthly,9,5
2025-06-30,paid_social,paid_social-prospecting_broad,payment_failed,monthly,10,3
2025-06-30,paid_social,paid_social-prospecting_broad,payment_failed,monthly,11,6
2025-06-30,paid_social,paid_social-prospecting_broad,payment_failed,monthly,12,4
2025-06-30,paid_social,paid_social-prospecting_broad,voluntary,annual,12,53
2025-06-30,paid_social,paid_social-prospecting_broad,voluntary,monthly,1,136
2025-06-30,paid_social,paid_social-prospecting_broad,voluntary,monthly,2,48
2025-06-30,paid_social,paid_social-prospecting_broad,voluntary,monthly,3,24
2025-06-30,paid_social,paid_social-prospecting_broad,voluntary,monthly,4,21
2025-06-30,paid_social,paid_social-prospecting_broad,voluntary,monthly,5,19
2025-06-30,paid_social,paid_social-prospecting_broad,voluntary,monthly,6,5
2025-06-30,paid_social,paid_social-prospecting_broad,voluntary,monthly,7,5
2025-06-30,paid_social,paid_social-prospecting_broad,voluntary,monthly,8,2
2025-06-30,paid_social,paid_social-prospecting_broad,voluntary,monthly,9,4
2025-06-30,paid_social,paid_social-prospecting_broad,voluntary,monthly,10,3
2025-06-30,paid_social,paid_social-prospecting_broad,voluntary,monthly,11,5
2025-06-30,paid_social,paid_social-prospecting_broad,voluntary,monthly,12,4
2025-07-31,direct,direct,active_account,annual,12,520
2025-07-31,direct,direct,active_account,monthly,12,586
2025-07-31,direct,direct,payment_failed,monthly,1,2
2025-07-31,direct,direct,payment_failed,monthly,2,16
2025-07-31,direct,direct,payment_failed,monthly,3,9
2025-07-31,direct,direct,payment_failed,monthly,4,7
2025-07-31,direct,direct,payment_failed,monthly,5,7
2025-07-31,direct,direct,payment_failed,monthly,6,15
2025-07-31,direct,direct,payment_failed,monthly,7,14
2025-07-31,direct,direct,payment_failed,monthly,8,11
2025-07-31,direct,direct,payment_failed,monthly,9,9
2025-07-31,direct,direct,payment_failed,monthly,10,11
2025-07-31,direct,direct,payment_failed,monthly,11,6
2025-07-31,direct,direct,voluntary,monthly,1,137
2025-07-31,direct,direct,voluntary,monthly,2,54
2025-07-31,direct,direct,voluntary,monthly,3,39
2025-07-31,direct,direct,voluntary,monthly,4,24
2025-07-31,direct,direct,voluntary,monthly,5,26
2025-07-31,direct,direct,voluntary,monthly,6,16
2025-07-31,direct,direct,voluntary,monthly,7,11
2025-07-31,direct,direct,voluntary,monthly,8,10
2025-07-31,direct,direct,voluntary,monthly,9,3
2025-07-31,direct,direct,voluntary,monthly,10,6
2025-07-31,direct,direct,voluntary,monthly,11,8
2025-07-31,email,email,active_account,annual,12,532
2025-07-31,email,email,active_account,monthly,12,245
2025-07-31,email,email,payment_failed,monthly,1,1
2025-07-31,email,email,payment_failed,monthly,2,9
2025-07-31,email,email,payment_failed,monthly,3,4
2025-07-31,email,email,payment_failed,monthly,4,9
2025-07-31,email,email,payment_failed,monthly,5,6
2025-07-31,email,email,payment_failed,monthly,6,6
2025-07-31,email,email,payment_failed,monthly,7,3
2025-07-31,email,email,payment_failed,monthly,8,4
2025-07-31,email,email,payment_failed,monthly,9,4
2025-07-31,email,email,payment_failed,monthly,10,5
2025-07-31,email,email,payment_failed,monthly,11,3
2025-07-31,email,email,voluntary,monthly,1,30
2025-07-31,email,email,voluntary,monthly,2,9
2025-07-31,email,email,voluntary,monthly,3,12
2025-07-31,email,email,voluntary,monthly,4,5
2025-07-31,email,email,voluntary,monthly,5,9
2025-07-31,email,email,voluntary,monthly,6,7
2025-07-31,email,email,voluntary,monthly,7,2
2025-07-31,email,email,voluntary,monthly,8,1
2025-07-31,email,email,voluntary,monthly,9,2
2025-07-31,email,email,voluntary,monthly,10,2
2025-07-31,organic_search,organic_search,active_account,annual,12,301
2025-07-31,organic_search,organic_search,active_account,monthly,12,397
2025-07-31,organic_search,organic_search,payment_failed,monthly,1,1
2025-07-31,organic_search,organic_search,payment_failed,monthly,2,10
2025-07-31,organic_search,organic_search,payment_failed,monthly,3,7
2025-07-31,organic_search,organic_search,payment_failed,monthly,4,5
2025-07-31,organic_search,organic_search,payment_failed,monthly,5,13
2025-07-31,organic_search,organic_search,payment_failed,monthly,6,14
2025-07-31,organic_search,organic_search,payment_failed,monthly,7,6
2025-07-31,organic_search,organic_search,payment_failed,monthly,8,6
2025-07-31,organic_search,organic_search,payment_failed,monthly,9,7
2025-07-31,organic_search,organic_search,payment_failed,monthly,10,2
2025-07-31,organic_search,organic_search,payment_failed,monthly,11,7
2025-07-31,organic_search,organic_search,voluntary,monthly,1,99
2025-07-31,organic_search,organic_search,voluntary,monthly,2,52
2025-07-31,organic_search,organic_search,voluntary,monthly,3,41
2025-07-31,organic_search,organic_search,voluntary,monthly,4,20
2025-07-31,organic_search,organic_search,voluntary,monthly,5,10
2025-07-31,organic_search,organic_search,voluntary,monthly,6,9
2025-07-31,organic_search,organic_search,voluntary,monthly,7,7
2025-07-31,organic_search,organic_search,voluntary,monthly,8,5
2025-07-31,organic_search,organic_search,voluntary,monthly,9,5
2025-07-31,organic_search,organic_search,voluntary,monthly,10,9
2025-07-31,organic_search,organic_search,voluntary,monthly,11,4
2025-07-31,organic_social,organic_social,active_account,annual,12,89
2025-07-31,organic_social,organic_social,active_account,monthly,12,180
2025-07-31,organic_social,organic_social,payment_failed,monthly,2,7
2025-07-31,organic_social,organic_social,payment_failed,monthly,3,6
2025-07-31,organic_social,organic_social,payment_failed,monthly,4,8
2025-07-31,organic_social,organic_social,payment_failed,monthly,5,6
2025-07-31,organic_social,organic_social,payment_failed,monthly,6,2
2025-07-31,organic_social,organic_social,payment_failed,monthly,7,4
2025-07-31,organic_social,organic_social,payment_failed,monthly,8,3
2025-07-31,organic_social,organic_social,payment_failed,monthly,9,2
2025-07-31,organic_social,organic_social,payment_failed,monthly,10,3
2025-07-31,organic_social,organic_social,payment_failed,monthly,11,2
2025-07-31,organic_social,organic_social,voluntary,monthly,1,130
2025-07-31,organic_social,organic_social,voluntary,monthly,2,40
2025-07-31,organic_social,organic_social,voluntary,monthly,3,25
2025-07-31,organic_social,organic_social,voluntary,monthly,4,11
2025-07-31,organic_social,organic_social,voluntary,monthly,5,6
2025-07-31,organic_social,organic_social,voluntary,monthly,6,9
2025-07-31,organic_social,organic_social,voluntary,monthly,7,7
2025-07-31,organic_social,organic_social,voluntary,monthly,8,4
2025-07-31,organic_social,organic_social,voluntary,monthly,9,4
2025-07-31,organic_social,organic_social,voluntary,monthly,10,6
2025-07-31,organic_social,organic_social,voluntary,monthly,11,2
2025-07-31,paid_social,paid_social-lookalike_subscribers,active_account,annual,12,145
2025-07-31,paid_social,paid_social-lookalike_subscribers,active_account,monthly,12,159
2025-07-31,paid_social,paid_social-lookalike_subscribers,payment_failed,monthly,2,5
2025-07-31,paid_social,paid_social-lookalike_subscribers,payment_failed,monthly,3,5
2025-07-31,paid_social,paid_social-lookalike_subscribers,payment_failed,monthly,4,4
2025-07-31,paid_social,paid_social-lookalike_subscribers,payment_failed,monthly,5,1
2025-07-31,paid_social,paid_social-lookalike_subscribers,payment_failed,monthly,7,1
2025-07-31,paid_social,paid_social-lookalike_subscribers,payment_failed,monthly,9,2
2025-07-31,paid_social,paid_social-lookalike_subscribers,payment_failed,monthly,10,3
2025-07-31,paid_social,paid_social-lookalike_subscribers,voluntary,monthly,1,41
2025-07-31,paid_social,paid_social-lookalike_subscribers,voluntary,monthly,2,14
2025-07-31,paid_social,paid_social-lookalike_subscribers,voluntary,monthly,3,16
2025-07-31,paid_social,paid_social-lookalike_subscribers,voluntary,monthly,4,4
2025-07-31,paid_social,paid_social-lookalike_subscribers,voluntary,monthly,5,2
2025-07-31,paid_social,paid_social-lookalike_subscribers,voluntary,monthly,6,7
2025-07-31,paid_social,paid_social-lookalike_subscribers,voluntary,monthly,7,5
2025-07-31,paid_social,paid_social-lookalike_subscribers,voluntary,monthly,8,1
2025-07-31,paid_social,paid_social-lookalike_subscribers,voluntary,monthly,9,2
2025-07-31,paid_social,paid_social-lookalike_subscribers,voluntary,monthly,10,3
2025-07-31,paid_social,paid_social-lookalike_subscribers,voluntary,monthly,11,2
2025-07-31,paid_social,paid_social-lookalike_subscribers,voluntary,monthly,12,1
2025-07-31,paid_social,paid_social-prospecting_broad,active_account,annual,12,127
2025-07-31,paid_social,paid_social-prospecting_broad,active_account,monthly,12,228
2025-07-31,paid_social,paid_social-prospecting_broad,payment_failed,monthly,1,1
2025-07-31,paid_social,paid_social-prospecting_broad,payment_failed,monthly,2,11
2025-07-31,paid_social,paid_social-prospecting_broad,payment_failed,monthly,3,13
2025-07-31,paid_social,paid_social-prospecting_broad,payment_failed,monthly,4,5
2025-07-31,paid_social,paid_social-prospecting_broad,payment_failed,monthly,5,13
2025-07-31,paid_social,paid_social-prospecting_broad,payment_failed,monthly,6,4
2025-07-31,paid_social,paid_social-prospecting_broad,payment_failed,monthly,7,5
2025-07-31,paid_social,paid_social-prospecting_broad,payment_failed,monthly,8,2
2025-07-31,paid_social,paid_social-prospecting_broad,payment_failed,monthly,9,4
2025-07-31,paid_social,paid_social-prospecting_broad,payment_failed,monthly,10,2
2025-07-31,paid_social,paid_social-prospecting_broad,payment_failed,monthly,11,4
2025-07-31,paid_social,paid_social-prospecting_broad,voluntary,monthly,1,137
2025-07-31,paid_social,paid_social-prospecting_broad,voluntary,monthly,2,55
2025-07-31,paid_social,paid_social-prospecting_broad,voluntary,monthly,3,29
2025-07-31,paid_social,paid_social-prospecting_broad,voluntary,monthly,4,18
2025-07-31,paid_social,paid_social-prospecting_broad,voluntary,monthly,5,18
2025-07-31,paid_social,paid_social-prospecting_broad,voluntary,monthly,6,9
2025-07-31,paid_social,paid_social-prospecting_broad,voluntary,monthly,7,7
2025-07-31,paid_social,paid_social-prospecting_broad,voluntary,monthly,8,6
2025-07-31,paid_social,paid_social-prospecting_broad,voluntary,monthly,9,8
2025-07-31,paid_social,paid_social-prospecting_broad,voluntary,monthly,10,3
2025-07-31,paid_social,paid_social-prospecting_broad,voluntary,monthly,11,3
2025-08-31,direct,direct,active_account,annual,11,532
2025-08-31,direct,direct,active_account,monthly,11,599
2025-08-31,direct,direct,payment_failed,monthly,1,2
2025-08-31,direct,direct,payment_failed,monthly,2,16
2025-08-31,direct,direct,payment_failed,monthly,3,12
2025-08-31,direct,direct,payment_failed,monthly,4,13
2025-08-31,direct,direct,payment_failed,monthly,5,7
2025-08-31,direct,direct,payment_failed,monthly,6,8
2025-08-31,direct,direct,payment_failed,monthly,7,11
2025-08-31,direct,direct,payment_failed,monthly,8,9
2025-08-31,direct,direct,payment_failed,monthly,9,8
2025-08-31,direct,direct,payment_failed,monthly,10,6
2025-08-31,direct,direct,voluntary,monthly,1,116
2025-08-31,direct,direct,voluntary,monthly,2,67
2025-08-31,direct,direct,voluntary,monthly,3,43
2025-08-31,direct,direct,voluntary,monthly,4,25
2025-08-31,direct,direct,voluntary,monthly,5,26
2025-08-31,direct,direct,voluntary,monthly,6,12
2025-08-31,direct,direct,voluntary,monthly,7,9
2025-08-31,direct,direct,voluntary,monthly,8,11
2025-08-31,direct,direct,voluntary,monthly,9,6
2025-08-31,direct,direct,voluntary,monthly,10,4
2025-08-31,direct,direct,voluntary,monthly,11,1
2025-08-31,email,email,active_account,annual,11,559
2025-08-31,email,email,active_account,monthly,11,308
2025-08-31,email,email,payment_failed,monthly,2,10
2025-08-31,email,email,payment_failed,monthly,3,6
2025-08-31,email,email,payment_failed,monthly,4,6
2025-08-31,email,email,payment_failed,monthly,5,2
2025-08-31,email,email,payment_failed,monthly,6,2
2025-08-31,email,email,payment_failed,monthly,7,6
2025-08-31,email,email,payment_failed,monthly,8,5
2025-08-31,email,email,payment_failed,monthly,9,3
2025-08-31,email,email,payment_failed,monthly,10,5
2025-08-31,email,email,voluntary,monthly,1,32
2025-08-31,email,email,voluntary,monthly,2,9
2025-08-31,email,email,voluntary,monthly,3,11
2025-08-31,email,email,voluntary,monthly,4,3
2025-08-31,email,email,voluntary,monthly,5,10
2025-08-31,email,email,voluntary,monthly,6,4
2025-08-31,email,email,voluntary,monthly,7,4
2025-08-31,email,email,voluntary,monthly,8,2
2025-08-31,email,email,voluntary,monthly,9,4
2025-08-31,email,email,voluntary,monthly,10,3
2025-08-31,organic_search,organic_search,active_account,annual,11,307
2025-08-31,organic_search,organic_search,active_account,monthly,11,463
2025-08-31,organic_search,organic_search,payment_failed,monthly,1,1
2025-08-31,organic_search,organic_search,payment_failed,monthly,2,19
2025-08-31,organic_search,organic_search,payment_failed,monthly,3,10
2025-08-31,organic_search,organic_search,payment_failed,monthly,4,9
2025-08-31,organic_search,organic_search,payment_failed,monthly,5,4
2025-08-31,organic_search,organic_search,payment_failed,monthly,6,4
2025-08-31,organic_search,organic_search,payment_failed,monthly,7,1
2025-08-31,organic_search,organic_search,payment_failed,monthly,8,4
2025-08-31,organic_search,organic_search,payment_failed,monthly,9,6
2025-08-31,organic_search,organic_search,payment_failed,monthly,10,3
2025-08-31,organic_search,organic_search,voluntary,monthly,1,115
2025-08-31,organic_search,organic_search,voluntary,monthly,2,42
2025-08-31,organic_search,organic_search,voluntary,monthly,3,33
2025-08-31,organic_search,organic_search,voluntary,monthly,4,19
2025-08-31,organic_search,organic_search,voluntary,monthly,5,18
2025-08-31,organic_search,organic_search,voluntary,monthly,6,4
2025-08-31,organic_search,organic_search,voluntary,monthly,7,6
2025-08-31,organic_search,organic_search,voluntary,monthly,8,5
2025-08-31,organic_search,organic_search,voluntary,monthly,9,4
2025-08-31,organic_search,organic_search,voluntary,monthly,10,4
2025-08-31,organic_social,organic_social,active_account,annual,11,77
2025-08-31,organic_social,organic_social,active_account,monthly,11,160
2025-08-31,organic_social,organic_social,payment_failed,monthly,2,4
2025-08-31,organic_social,organic_social,payment_failed,monthly,3,2
2025-08-31,organic_social,organic_social,payment_failed,monthly,4,5
2025-08-31,organic_social,organic_social,payment_failed,monthly,5,2
2025-08-31,organic_social,organic_social,payment_failed,monthly,6,3
2025-08-31,organic_social,organic_social,payment_failed,monthly,7,5
2025-08-31,organic_social,organic_social,payment_failed,monthly,8,3
2025-08-31,organic_social,organic_social,payment_failed,monthly,10,6
2025-08-31,organic_social,organic_social,voluntary,monthly,1,102
2025-08-31,organic_social,organic_social,voluntary,monthly,2,48
2025-08-31,organic_social,organic_social,voluntary,monthly,3,23
2025-08-31,organic_social,organic_social,voluntary,monthly,4,20
2025-08-31,organic_social,organic_social,voluntary,monthly,5,12
2025-08-31,organic_social,organic_social,voluntary,monthly,6,2
2025-08-31,organic_social,organic_social,voluntary,monthly,7,5
2025-08-31,organic_social,organic_social,voluntary,monthly,8,1
2025-08-31,organic_social,organic_social,voluntary,monthly,9,4
2025-08-31,organic_social,organic_social,voluntary,monthly,10,6
2025-08-31,paid_social,paid_social-lookalike_subscribers,active_account,annual,11,139
2025-08-31,paid_social,paid_social-lookalike_subscribers,active_account,monthly,11,163
2025-08-31,paid_social,paid_social-lookalike_subscribers,payment_failed,monthly,1,1
2025-08-31,paid_social,paid_social-lookalike_subscribers,payment_failed,monthly,2,4
2025-08-31,paid_social,paid_social-lookalike_subscribers,payment_failed,monthly,3,4
2025-08-31,paid_social,paid_social-lookalike_subscribers,payment_failed,monthly,4,3
2025-08-31,paid_social,paid_social-lookalike_subscribers,payment_failed,monthly,5,3
2025-08-31,paid_social,paid_social-lookalike_subscribers,payment_failed,monthly,6,3
2025-08-31,paid_social,paid_social-lookalike_subscribers,payment_failed,monthly,7,3
2025-08-31,paid_social,paid_social-lookalike_subscribers,payment_failed,monthly,8,5
2025-08-31,paid_social,paid_social-lookalike_subscribers,payment_failed,monthly,9,1
2025-08-31,paid_social,paid_social-lookalike_subscribers,payment_failed,monthly,10,2
2025-08-31,paid_social,paid_social-lookalike_subscribers,voluntary,monthly,1,40
2025-08-31,paid_social,paid_social-lookalike_subscribers,voluntary,monthly,2,16
2025-08-31,paid_social,paid_social-lookalike_subscribers,voluntary,monthly,3,11
2025-08-31,paid_social,paid_social-lookalike_subscribers,voluntary,monthly,4,5
2025-08-31,paid_social,paid_social-lookalike_subscribers,voluntary,monthly,5,4
2025-08-31,paid_social,paid_social-lookalike_subscribers,voluntary,monthly,6,2
2025-08-31,paid_social,paid_social-lookalike_subscribers,voluntary,monthly,7,1
2025-08-31,paid_social,paid_social-lookalike_subscribers,voluntary,monthly,8,2
2025-08-31,paid_social,paid_social-lookalike_subscribers,voluntary,monthly,9,1
2025-08-31,paid_social,paid_social-lookalike_subscribers,voluntary,monthly,10,1
2025-08-31,paid_social,paid_social-prospecting_broad,active_account,annual,11,128
2025-08-31,paid_social,paid_social-prospecting_broad,active_account,monthly,11,254
2025-08-31,paid_social,paid_social-prospecting_broad,payment_failed,monthly,1,1
2025-08-31,paid_social,paid_social-prospecting_broad,payment_failed,monthly,2,6
2025-08-31,paid_social,paid_social-prospecting_broad,payment_failed,monthly,3,7
2025-08-31,paid_social,paid_social-prospecting_broad,payment_failed,monthly,4,10
2025-08-31,paid_social,paid_social-prospecting_broad,payment_failed,monthly,5,7
2025-08-31,paid_social,paid_social-prospecting_broad,payment_failed,monthly,6,5
2025-08-31,paid_social,paid_social-prospecting_broad,payment_failed,monthly,7,4
2025-08-31,paid_social,paid_social-prospecting_broad,payment_failed,monthly,8,5
2025-08-31,paid_social,paid_social-prospecting_broad,payment_failed,monthly,9,4
2025-08-31,paid_social,paid_social-prospecting_broad,payment_failed,monthly,10,2
2025-08-31,paid_social,paid_social-prospecting_broad,voluntary,monthly,1,151
2025-08-31,paid_social,paid_social-prospecting_broad,voluntary,monthly,2,58
2025-08-31,paid_social,paid_social-prospecting_broad,voluntary,monthly,3,36
2025-08-31,paid_social,paid_social-prospecting_broad,voluntary,monthly,4,18
2025-08-31,paid_social,paid_social-prospecting_broad,voluntary,monthly,5,17
2025-08-31,paid_social,paid_social-prospecting_broad,voluntary,monthly,6,11
2025-08-31,paid_social,paid_social-prospecting_broad,voluntary,monthly,7,8
2025-08-31,paid_social,paid_social-prospecting_broad,voluntary,monthly,8,5
2025-08-31,paid_social,paid_social-prospecting_broad,voluntary,monthly,9,4
2025-08-31,paid_social,paid_social-prospecting_broad,voluntary,monthly,10,7
2025-08-31,paid_social,paid_social-prospecting_broad,voluntary,monthly,11,1
2025-09-30,direct,direct,active_account,annual,10,515
2025-09-30,direct,direct,active_account,monthly,10,615
2025-09-30,direct,direct,payment_failed,monthly,1,1
2025-09-30,direct,direct,payment_failed,monthly,2,15
2025-09-30,direct,direct,payment_failed,monthly,3,10
2025-09-30,direct,direct,payment_failed,monthly,4,9
2025-09-30,direct,direct,payment_failed,monthly,5,9
2025-09-30,direct,direct,payment_failed,monthly,6,11
2025-09-30,direct,direct,payment_failed,monthly,7,18
2025-09-30,direct,direct,payment_failed,monthly,8,7
2025-09-30,direct,direct,payment_failed,monthly,9,6
2025-09-30,direct,direct,payment_failed,monthly,10,1
2025-09-30,direct,direct,voluntary,monthly,1,145
2025-09-30,direct,direct,voluntary,monthly,2,64
2025-09-30,direct,direct,voluntary,monthly,3,43
2025-09-30,direct,direct,voluntary,monthly,4,26
2025-09-30,direct,direct,voluntary,monthly,5,17
2025-09-30,direct,direct,voluntary,monthly,6,19
2025-09-30,direct,direct,voluntary,monthly,7,10
2025-09-30,direct,direct,voluntary,monthly,8,20
2025-09-30,direct,direct,voluntary,monthly,9,7
2025-09-30,email,email,active_account,annual,10,523
2025-09-30,email,email,active_account,monthly,10,276
2025-09-30,email,email,payment_failed,monthly,2,2
2025-09-30,email,email,payment_failed,monthly,3,10
2025-09-30,email,email,payment_failed,monthly,4,3
2025-09-30,email,email,payment_failed,monthly,5,6
2025-09-30,email,email,payment_failed,monthly,6,7
2025-09-30,email,email,payment_failed,monthly,7,7
2025-09-30,email,email,payment_failed,monthly,8,1
2025-09-30,email,email,payment_failed,monthly,9,1
2025-09-30,email,email,voluntary,monthly,1,44
2025-09-30,email,email,voluntary,monthly,2,19
2025-09-30,email,email,voluntary,monthly,3,11
2025-09-30,email,email,voluntary,monthly,4,11
2025-09-30,email,email,voluntary,monthly,5,9
2025-09-30,email,email,voluntary,monthly,6,8
2025-09-30,email,email,voluntary,monthly,7,3
2025-09-30,email,email,voluntary,monthly,8,1
2025-09-30,email,email,voluntary,monthly,9,2
2025-09-30,email,email,voluntary,monthly,10,2
2025-09-30,organic_search,organic_search,active_account,annual,10,337
2025-09-30,organic_search,organic_search,active_account,monthly,10,415
2025-09-30,organic_search,organic_search,payment_failed,monthly,2,3
2025-09-30,organic_search,organic_search,payment_failed,monthly,3,8
2025-09-30,organic_search,organic_search,payment_failed,monthly,4,10
2025-09-30,organic_search,organic_search,payment_failed,monthly,5,8
2025-09-30,organic_search,organic_search,payment_failed,monthly,6,8
2025-09-30,organic_search,organic_search,payment_failed,monthly,7,3
2025-09-30,organic_search,organic_search,payment_failed,monthly,8,6
2025-09-30,organic_search,organic_search,payment_failed,monthly,9,3
2025-09-30,organic_search,organic_search,voluntary,monthly,1,101
2025-09-30,organic_search,organic_search,voluntary,monthly,2,55
2025-09-30,organic_search,organic_search,voluntary,monthly,3,24
2025-09-30,organic_search,organic_search,voluntary,monthly,4,18
2025-09-30,organic_search,organic_search,voluntary,monthly,5,11
2025-09-30,organic_search,organic_search,voluntary,monthly,6,12
2025-09-30,organic_search,organic_search,voluntary,monthly,7,7
2025-09-30,organic_search,organic_search,voluntary,monthly,8,7
2025-09-30,organic_search,organic_search,voluntary,monthly,9,5
2025-09-30,organic_social,organic_social,active_account,annual,10,89
2025-09-30,organic_social,organic_social,active_account,monthly,10,186
2025-09-30,organic_social,organic_social,payment_failed,monthly,1,1
2025-09-30,organic_social,organic_social,payment_failed,monthly,2,5
2025-09-30,organic_social,organic_social,payment_failed,monthly,3,7
2025-09-30,organic_social,organic_social,payment_failed,monthly,4,3
2025-09-30,organic_social,organic_social,payment_failed,monthly,5,7
2025-09-30,organic_social,organic_social,payment_failed,monthly,6,3
2025-09-30,organic_social,organic_social,payment_failed,monthly,7,5
2025-09-30,organic_social,organic_social,payment_failed,monthly,8,3
2025-09-30,organic_social,organic_social,voluntary,monthly,1,126
2025-09-30,organic_social,organic_social,voluntary,monthly,2,46
2025-09-30,organic_social,organic_social,voluntary,monthly,3,22
2025-09-30,organic_social,organic_social,voluntary,monthly,4,18
2025-09-30,organic_social,organic_social,voluntary,monthly,5,5
2025-09-30,organic_social,organic_social,voluntary,monthly,6,6
2025-09-30,organic_social,organic_social,voluntary,monthly,7,8
2025-09-30,organic_social,organic_social,voluntary,monthly,8,5
2025-09-30,organic_social,organic_social,voluntary,monthly,9,2
2025-09-30,organic_social,organic_social,voluntary,monthly,10,1
2025-09-30,paid_social,paid_social-lookalike_subscribers,active_account,annual,10,139
2025-09-30,paid_social,paid_social-lookalike_subscribers,active_account,monthly,10,161
2025-09-30,paid_social,paid_social-lookalike_subscribers,payment_failed,monthly,2,7
2025-09-30,paid_social,paid_social-lookalike_subscribers,payment_failed,monthly,3,5
2025-09-30,paid_social,paid_social-lookalike_subscribers,payment_failed,monthly,4,2
2025-09-30,paid_social,paid_social-lookalike_subscribers,payment_failed,monthly,5,3
2025-09-30,paid_social,paid_social-lookalike_subscribers,payment_failed,monthly,6,3
2025-09-30,paid_social,paid_social-lookalike_subscribers,payment_failed,monthly,7,6
2025-09-30,paid_social,paid_social-lookalike_subscribers,payment_failed,monthly,8,1
2025-09-30,paid_social,paid_social-lookalike_subscribers,payment_failed,monthly,9,2
2025-09-30,paid_social,paid_social-lookalike_subscribers,voluntary,monthly,1,44
2025-09-30,paid_social,paid_social-lookalike_subscribers,voluntary,monthly,2,15
2025-09-30,paid_social,paid_social-lookalike_subscribers,voluntary,monthly,3,9
2025-09-30,paid_social,paid_social-lookalike_subscribers,voluntary,monthly,4,8
2025-09-30,paid_social,paid_social-lookalike_subscribers,voluntary,monthly,5,4
2025-09-30,paid_social,paid_social-lookalike_subscribers,voluntary,monthly,6,5
2025-09-30,paid_social,paid_social-lookalike_subscribers,voluntary,monthly,7,3
2025-09-30,paid_social,paid_social-lookalike_subscribers,voluntary,monthly,8,2
2025-09-30,paid_social,paid_social-lookalike_subscribers,voluntary,monthly,9,3
2025-09-30,paid_social,paid_social-prospecting_broad,active_account,annual,10,134
2025-09-30,paid_social,paid_social-prospecting_broad,active_account,monthly,10,262
2025-09-30,paid_social,paid_social-prospecting_broad,payment_failed,monthly,1,2
2025-09-30,paid_social,paid_social-prospecting_broad,payment_failed,monthly,2,12
2025-09-30,paid_social,paid_social-prospecting_broad,payment_failed,monthly,3,8
2025-09-30,paid_social,paid_social-prospecting_broad,payment_failed,monthly,4,5
2025-09-30,paid_social,paid_social-prospecting_broad,payment_failed,monthly,5,5
2025-09-30,paid_social,paid_social-prospecting_broad,payment_failed,monthly,6,3
2025-09-30,paid_social,paid_social-prospecting_broad,payment_failed,monthly,7,4
2025-09-30,paid_social,paid_social-prospecting_broad,payment_failed,monthly,8,5
2025-09-30,paid_social,paid_social-prospecting_broad,payment_failed,monthly,9,3
2025-09-30,paid_social,paid_social-prospecting_broad,voluntary,monthly,1,156
2025-09-30,paid_social,paid_social-prospecting_broad,voluntary,monthly,2,59
2025-09-30,paid_social,paid_social-prospecting_broad,voluntary,monthly,3,30
2025-09-30,paid_social,paid_social-prospecting_broad,voluntary,monthly,4,24
2025-09-30,paid_social,paid_social-prospecting_broad,voluntary,monthly,5,17
2025-09-30,paid_social,paid_social-prospecting_broad,voluntary,monthly,6,12
2025-09-30,paid_social,paid_social-prospecting_broad,voluntary,monthly,7,7
2025-09-30,paid_social,paid_social-prospecting_broad,voluntary,monthly,8,4
2025-09-30,paid_social,paid_social-prospecting_broad,voluntary,monthly,9,7
2025-09-30,paid_social,paid_social-prospecting_broad,voluntary,monthly,10,1
2025-10-31,direct,direct,active_account,annual,9,587
2025-10-31,direct,direct,active_account,monthly,9,689
2025-10-31,direct,direct,payment_failed,monthly,2,20
2025-10-31,direct,direct,payment_failed,monthly,3,22
2025-10-31,direct,direct,payment_failed,monthly,4,14
2025-10-31,direct,direct,payment_failed,monthly,5,13
2025-10-31,direct,direct,payment_failed,monthly,6,7
2025-10-31,direct,direct,payment_failed,monthly,7,11
2025-10-31,direct,direct,payment_failed,monthly,8,7
2025-10-31,direct,direct,payment_failed,monthly,9,1
2025-10-31,direct,direct,voluntary,monthly,1,141
2025-10-31,direct,direct,voluntary,monthly,2,72
2025-10-31,direct,direct,voluntary,monthly,3,37
2025-10-31,direct,direct,voluntary,monthly,4,22
2025-10-31,direct,direct,voluntary,monthly,5,15
2025-10-31,direct,direct,voluntary,monthly,6,16
2025-10-31,direct,direct,voluntary,monthly,7,11
2025-10-31,direct,direct,voluntary,monthly,8,12
2025-10-31,email,email,active_account,annual,9,543
2025-10-31,email,email,active_account,monthly,9,349
2025-10-31,email,email,payment_failed,monthly,2,10
2025-10-31,email,email,payment_failed,monthly,3,5
2025-10-31,email,email,payment_failed,monthly,4,3
2025-10-31,email,email,payment_failed,monthly,5,6
2025-10-31,email,email,payment_failed,monthly,6,4
2025-10-31,email,email,payment_failed,monthly,7,6
2025-10-31,email,email,payment_failed,monthly,8,4
2025-10-31,email,email,voluntary,monthly,1,35
2025-10-31,email,email,voluntary,monthly,2,17
2025-10-31,email,email,voluntary,monthly,3,7
2025-10-31,email,email,voluntary,monthly,4,7
2025-10-31,email,email,voluntary,monthly,5,8
2025-10-31,email,email,voluntary,monthly,6,6
2025-10-31,email,email,voluntary,monthly,7,2
2025-10-31,email,email,voluntary,monthly,8,4
2025-10-31,organic_search,organic_search,active_account,annual,9,335
2025-10-31,organic_search,organic_search,active_account,monthly,9,490
2025-10-31,organic_search,organic_search,payment_failed,monthly,2,9
2025-10-31,organic_search,organic_search,payment_failed,monthly,3,10
2025-10-31,organic_search,organic_search,payment_failed,monthly,4,4
2025-10-31,organic_search,organic_search,payment_failed,monthly,5,5
2025-10-31,organic_search,organic_search,payment_failed,monthly,6,6
2025-10-31,organic_search,organic_search,payment_failed,monthly,7,6
2025-10-31,organic_search,organic_search,payment_failed,monthly,8,8
2025-10-31,organic_search,organic_search,voluntary,monthly,1,103
2025-10-31,organic_search,organic_search,voluntary,monthly,2,50
2025-10-31,organic_search,organic_search,voluntary,monthly,3,27
2025-10-31,organic_search,organic_search,voluntary,monthly,4,12
2025-10-31,organic_search,organic_search,voluntary,monthly,5,18
2025-10-31,organic_search,organic_search,voluntary,monthly,6,14
2025-10-31,organic_search,organic_search,voluntary,monthly,7,10
2025-10-31,organic_search,organic_search,voluntary,monthly,8,8
2025-10-31,organic_social,organic_social,active_account,annual,9,94
2025-10-31,organic_social,organic_social,active_account,monthly,9,214
2025-10-31,organic_social,organic_social,payment_failed,monthly,1,1
2025-10-31,organic_social,organic_social,payment_failed,monthly,2,6
2025-10-31,organic_social,organic_social,payment_failed,monthly,3,8
2025-10-31,organic_social,organic_social,payment_failed,monthly,4,5
2025-10-31,organic_social,organic_social,payment_failed,monthly,5,1
2025-10-31,organic_social,organic_social,payment_failed,monthly,6,2
2025-10-31,organic_social,organic_social,payment_failed,monthly,7,3
2025-10-31,organic_social,organic_social,payment_failed,monthly,8,3
2025-10-31,organic_social,organic_social,voluntary,monthly,1,117
2025-10-31,organic_social,organic_social,voluntary,monthly,2,33
2025-10-31,organic_social,organic_social,voluntary,monthly,3,34
2025-10-31,organic_social,organic_social,voluntary,monthly,4,13
2025-10-31,organic_social,organic_social,voluntary,monthly,5,8
2025-10-31,organic_social,organic_social,voluntary,monthly,6,10
2025-10-31,organic_social,organic_social,voluntary,monthly,7,7
2025-10-31,organic_social,organic_social,voluntary,monthly,8,9
2025-10-31,paid_social,paid_social-lookalike_subscribers,active_account,annual,9,141
2025-10-31,paid_social,paid_social-lookalike_subscribers,active_account,monthly,9,164
2025-10-31,paid_social,paid_social-lookalike_subscribers,payment_failed,monthly,2,5
2025-10-31,paid_social,paid_social-lookalike_subscribers,payment_failed,monthly,3,2
2025-10-31,paid_social,paid_social-lookalike_subscribers,payment_failed,monthly,4,2
2025-10-31,paid_social,paid_social-lookalike_subscribers,payment_failed,monthly,6,1
2025-10-31,paid_social,paid_social-lookalike_subscribers,payment_failed,monthly,8,4
2025-10-31,paid_social,paid_social-lookalike_subscribers,voluntary,monthly,1,46
2025-10-31,paid_social,paid_social-lookalike_subscribers,voluntary,monthly,2,23
2025-10-31,paid_social,paid_social-lookalike_subscribers,voluntary,monthly,3,11
2025-10-31,paid_social,paid_social-lookalike_subscribers,voluntary,monthly,4,6
2025-10-31,paid_social,paid_social-lookalike_subscribers,voluntary,monthly,5,5
2025-10-31,paid_social,paid_social-lookalike_subscribers,voluntary,monthly,6,6
2025-10-31,paid_social,paid_social-lookalike_subscribers,voluntary,monthly,7,3
2025-10-31,paid_social,paid_social-lookalike_subscribers,voluntary,monthly,8,2
2025-10-31,paid_social,paid_social-prospecting_broad,active_account,annual,9,141
2025-10-31,paid_social,paid_social-prospecting_broad,active_account,monthly,9,283
2025-10-31,paid_social,paid_social-prospecting_broad,payment_failed,monthly,2,9
2025-10-31,paid_social,paid_social-prospecting_broad,payment_failed,monthly,3,9
2025-10-31,paid_social,paid_social-prospecting_broad,payment_failed,monthly,4,4
2025-10-31,paid_social,paid_social-prospecting_broad,payment_failed,monthly,5,7
2025-10-31,paid_social,paid_social-prospecting_broad,payment_failed,monthly,6,5
2025-10-31,paid_social,paid_social-prospecting_broad,payment_failed,monthly,7,3
2025-10-31,paid_social,paid_social-prospecting_broad,payment_failed,monthly,8,4
2025-10-31,paid_social,paid_social-prospecting_broad,voluntary,monthly,1,194
2025-10-31,paid_social,paid_social-prospecting_broad,voluntary,monthly,2,63
2025-10-31,paid_social,paid_social-prospecting_broad,voluntary,monthly,3,35
2025-10-31,paid_social,paid_social-prospecting_broad,voluntary,monthly,4,16
2025-10-31,paid_social,paid_social-prospecting_broad,voluntary,monthly,5,20
2025-10-31,paid_social,paid_social-prospecting_broad,voluntary,monthly,6,7
2025-10-31,paid_social,paid_social-prospecting_broad,voluntary,monthly,7,7
2025-10-31,paid_social,paid_social-prospecting_broad,voluntary,monthly,8,11
2025-11-30,direct,direct,active_account,annual,8,599
2025-11-30,direct,direct,active_account,monthly,8,670
2025-11-30,direct,direct,payment_failed,monthly,2,27
2025-11-30,direct,direct,payment_failed,monthly,3,12
2025-11-30,direct,direct,payment_failed,monthly,4,12
2025-11-30,direct,direct,payment_failed,monthly,5,15
2025-11-30,direct,direct,payment_failed,monthly,6,9
2025-11-30,direct,direct,payment_failed,monthly,7,6
2025-11-30,direct,direct,payment_failed,monthly,8,1
2025-11-30,direct,direct,voluntary,monthly,1,135
2025-11-30,direct,direct,voluntary,monthly,2,57
2025-11-30,direct,direct,voluntary,monthly,3,37
2025-11-30,direct,direct,voluntary,monthly,4,21
2025-11-30,direct,direct,voluntary,monthly,5,31
2025-11-30,direct,direct,voluntary,monthly,6,13
2025-11-30,direct,direct,voluntary,monthly,7,15
2025-11-30,email,email,active_account,annual,8,539
2025-11-30,email,email,active_account,monthly,8,342
2025-11-30,email,email,payment_failed,monthly,2,5
2025-11-30,email,email,payment_failed,monthly,3,9
2025-11-30,email,email,payment_failed,monthly,4,11
2025-11-30,email,email,payment_failed,monthly,5,5
2025-11-30,email,email,payment_failed,monthly,6,1
2025-11-30,email,email,payment_failed,monthly,7,5
2025-11-30,email,email,voluntary,monthly,1,28
2025-11-30,email,email,voluntary,monthly,2,23
2025-11-30,email,email,voluntary,monthly,3,15
2025-11-30,email,email,voluntary,monthly,4,5
2025-11-30,email,email,voluntary,monthly,5,9
2025-11-30,email,email,voluntary,monthly,6,9
2025-11-30,email,email,voluntary,monthly,7,3
2025-11-30,organic_search,organic_search,active_account,annual,8,311
2025-11-30,organic_search,organic_search,active_account,monthly,8,477
2025-11-30,organic_search,organic_search,payment_failed,monthly,2,8
2025-11-30,organic_search,organic_search,payment_failed,monthly,3,8
2025-11-30,organic_search,organic_search,payment_failed,monthly,4,4
2025-11-30,organic_search,organic_search,payment_failed,monthly,5,8
2025-11-30,organic_search,organic_search,payment_failed,monthly,6,6
2025-11-30,organic_search,organic_search,payment_failed,monthly,7,8
2025-11-30,organic_search,organic_search,voluntary,monthly,1,113
2025-11-30,organic_search,organic_search,voluntary,monthly,2,53
2025-11-30,organic_search,organic_search,voluntary,monthly,3,30
2025-11-30,organic_search,organic_search,voluntary,monthly,4,24
2025-11-30,organic_search,organic_search,voluntary,monthly,5,22
2025-11-30,organic_search,organic_search,voluntary,monthly,6,9
2025-11-30,organic_search,organic_search,voluntary,monthly,7,4
2025-11-30,organic_social,organic_social,active_account,annual,8,90
2025-11-30,organic_social,organic_social,active_account,monthly,8,249
2025-11-30,organic_social,organic_social,payment_failed,monthly,2,7
2025-11-30,organic_social,organic_social,payment_failed,monthly,3,6
2025-11-30,organic_social,organic_social,payment_failed,monthly,4,10
2025-11-30,organic_social,organic_social,payment_failed,monthly,5,3
2025-11-30,organic_social,organic_social,payment_failed,monthly,6,7
2025-11-30,organic_social,organic_social,payment_failed,monthly,7,3
2025-11-30,organic_social,organic_social,voluntary,monthly,1,128
2025-11-30,organic_social,organic_social,voluntary,monthly,2,32
2025-11-30,organic_social,organic_social,voluntary,monthly,3,22
2025-11-30,organic_social,organic_social,voluntary,monthly,4,14
2025-11-30,organic_social,organic_social,voluntary,monthly,5,12
2025-11-30,organic_social,organic_social,voluntary,monthly,6,9
2025-11-30,organic_social,organic_social,voluntary,monthly,7,8
2025-11-30,paid_social,paid_social-lookalike_subscribers,active_account,annual,8,160
2025-11-30,paid_social,paid_social-lookalike_subscribers,active_account,monthly,8,182
2025-11-30,paid_social,paid_social-lookalike_subscribers,payment_failed,monthly,1,2
2025-11-30,paid_social,paid_social-lookalike_subscribers,payment_failed,monthly,2,6
2025-11-30,paid_social,paid_social-lookalike_subscribers,payment_failed,monthly,3,1
2025-11-30,paid_social,paid_social-lookalike_subscribers,payment_failed,monthly,4,4
2025-11-30,paid_social,paid_social-lookalike_subscribers,payment_failed,monthly,5,1
2025-11-30,paid_social,paid_social-lookalike_subscribers,payment_failed,monthly,6,1
2025-11-30,paid_social,paid_social-lookalike_subscribers,payment_failed,monthly,7,3
2025-11-30,paid_social,paid_social-lookalike_subscribers,voluntary,monthly,1,45
2025-11-30,paid_social,paid_social-lookalike_subscribers,voluntary,monthly,2,16
2025-11-30,paid_social,paid_social-lookalike_subscribers,voluntary,monthly,3,13
2025-11-30,paid_social,paid_social-lookalike_subscribers,voluntary,monthly,4,5
2025-11-30,paid_social,paid_social-lookalike_subscribers,voluntary,monthly,5,13
2025-11-30,paid_social,paid_social-lookalike_subscribers,voluntary,monthly,6,6
2025-11-30,paid_social,paid_social-lookalike_subscribers,voluntary,monthly,7,4
2025-11-30,paid_social,paid_social-prospecting_broad,active_account,annual,8,140
2025-11-30,paid_social,paid_social-prospecting_broad,active_account,monthly,8,274
2025-11-30,paid_social,paid_social-prospecting_broad,payment_failed,monthly,2,11
2025-11-30,paid_social,paid_social-prospecting_broad,payment_failed,monthly,3,12
2025-11-30,paid_social,paid_social-prospecting_broad,payment_failed,monthly,4,14
2025-11-30,paid_social,paid_social-prospecting_broad,payment_failed,monthly,5,6
2025-11-30,paid_social,paid_social-prospecting_broad,payment_failed,monthly,6,5
2025-11-30,paid_social,paid_social-prospecting_broad,payment_failed,monthly,7,7
2025-11-30,paid_social,paid_social-prospecting_broad,voluntary,monthly,1,144
2025-11-30,paid_social,paid_social-prospecting_broad,voluntary,monthly,2,61
2025-11-30,paid_social,paid_social-prospecting_broad,voluntary,monthly,3,29
2025-11-30,paid_social,paid_social-prospecting_broad,voluntary,monthly,4,20
2025-11-30,paid_social,paid_social-prospecting_broad,voluntary,monthly,5,13
2025-11-30,paid_social,paid_social-prospecting_broad,voluntary,monthly,6,18
2025-11-30,paid_social,paid_social-prospecting_broad,voluntary,monthly,7,6
2025-11-30,paid_social,paid_social-prospecting_broad,voluntary,monthly,8,1
2025-12-31,direct,direct,active_account,annual,7,1018
2025-12-31,direct,direct,active_account,monthly,7,1177
2025-12-31,direct,direct,payment_failed,monthly,1,3
2025-12-31,direct,direct,payment_failed,monthly,2,26
2025-12-31,direct,direct,payment_failed,monthly,3,25
2025-12-31,direct,direct,payment_failed,monthly,4,15
2025-12-31,direct,direct,payment_failed,monthly,5,22
2025-12-31,direct,direct,payment_failed,monthly,6,17
2025-12-31,direct,direct,voluntary,monthly,1,212
2025-12-31,direct,direct,voluntary,monthly,2,103
2025-12-31,direct,direct,voluntary,monthly,3,77
2025-12-31,direct,direct,voluntary,monthly,4,55
2025-12-31,direct,direct,voluntary,monthly,5,48
2025-12-31,direct,direct,voluntary,monthly,6,31
2025-12-31,direct,direct,voluntary,monthly,7,1
2025-12-31,email,email,active_account,annual,7,948
2025-12-31,email,email,active_account,monthly,7,569
2025-12-31,email,email,payment_failed,monthly,1,1
2025-12-31,email,email,payment_failed,monthly,2,10
2025-12-31,email,email,payment_failed,monthly,3,7
2025-12-31,email,email,payment_failed,monthly,4,5
2025-12-31,email,email,payment_failed,monthly,5,12
2025-12-31,email,email,payment_failed,monthly,6,7
2025-12-31,email,email,voluntary,monthly,1,51
2025-12-31,email,email,voluntary,monthly,2,23
2025-12-31,email,email,voluntary,monthly,3,23
2025-12-31,email,email,voluntary,monthly,4,16
2025-12-31,email,email,voluntary,monthly,5,9
2025-12-31,email,email,voluntary,monthly,6,9
2025-12-31,organic_search,organic_search,active_account,annual,7,575
2025-12-31,organic_search,organic_search,active_account,monthly,7,780
2025-12-31,organic_search,organic_search,payment_failed,monthly,1,2
2025-12-31,organic_search,organic_search,payment_failed,monthly,2,15
2025-12-31,organic_search,organic_search,payment_failed,monthly,3,22
2025-12-31,organic_search,organic_search,payment_failed,monthly,4,12
2025-12-31,organic_search,organic_search,payment_failed,monthly,5,8
2025-12-31,organic_search,organic_search,payment_failed,monthly,6,15
2025-12-31,organic_search,organic_search,voluntary,monthly,1,193
2025-12-31,organic_search,organic_search,voluntary,monthly,2,74
2025-12-31,organic_search,organic_search,voluntary,monthly,3,62
2025-12-31,organic_search,organic_search,voluntary,monthly,4,47
2025-12-31,organic_search,organic_search,voluntary,monthly,5,29
2025-12-31,organic_search,organic_search,voluntary,monthly,6,18
2025-12-31,organic_social,organic_social,active_account,annual,7,135
2025-12-31,organic_social,organic_social,active_account,monthly,7,364
2025-12-31,organic_social,organic_social,payment_failed,monthly,1,1
2025-12-31,organic_social,organic_social,payment_failed,monthly,2,13
2025-12-31,organic_social,organic_social,payment_failed,monthly,3,7
2025-12-31,organic_social,organic_social,payment_failed,monthly,4,8
2025-12-31,organic_social,organic_social,payment_failed,monthly,5,6
2025-12-31,organic_social,organic_social,payment_failed,monthly,6,8
2025-12-31,organic_social,organic_social,payment_failed,monthly,7,1
2025-12-31,organic_social,organic_social,voluntary,monthly,1,200
2025-12-31,organic_social,organic_social,voluntary,monthly,2,63
2025-12-31,organic_social,organic_social,voluntary,monthly,3,49
2025-12-31,organic_social,organic_social,voluntary,monthly,4,25
2025-12-31,organic_social,organic_social,voluntary,monthly,5,22
2025-12-31,organic_social,organic_social,voluntary,monthly,6,14
2025-12-31,paid_social,paid_social-lookalike_subscribers,active_account,annual,7,257
2025-12-31,paid_social,paid_social-lookalike_subscribers,active_account,monthly,7,284
2025-12-31,paid_social,paid_social-lookalike_subscribers,payment_failed,monthly,1,2
2025-12-31,paid_social,paid_social-lookalike_subscribers,payment_failed,monthly,2,4
2025-12-31,paid_social,paid_social-lookalike_subscribers,payment_failed,monthly,3,3
2025-12-31,paid_social,paid_social-lookalike_subscribers,payment_failed,monthly,4,3
2025-12-31,paid_social,paid_social-lookalike_subscribers,payment_failed,monthly,5,5
2025-12-31,paid_social,paid_social-lookalike_subscribers,payment_failed,monthly,6,2
2025-12-31,paid_social,paid_social-lookalike_subscribers,payment_failed,monthly,7,1
2025-12-31,paid_social,paid_social-lookalike_subscribers,voluntary,monthly,1,58
2025-12-31,paid_social,paid_social-lookalike_subscribers,voluntary,monthly,2,37
2025-12-31,paid_social,paid_social-lookalike_subscribers,voluntary,monthly,3,30
2025-12-31,paid_social,paid_social-lookalike_subscribers,voluntary,monthly,4,13
2025-12-31,paid_social,paid_social-lookalike_subscribers,voluntary,monthly,5,10
2025-12-31,paid_social,paid_social-lookalike_subscribers,voluntary,monthly,6,7
2025-12-31,paid_social,paid_social-prospecting_broad,active_account,annual,7,253
2025-12-31,paid_social,paid_social-prospecting_broad,active_account,monthly,7,469
2025-12-31,paid_social,paid_social-prospecting_broad,payment_failed,monthly,1,3
2025-12-31,paid_social,paid_social-prospecting_broad,payment_failed,monthly,2,13
2025-12-31,paid_social,paid_social-prospecting_broad,payment_failed,monthly,3,17
2025-12-31,paid_social,paid_social-prospecting_broad,payment_failed,monthly,4,13
2025-12-31,paid_social,paid_social-prospecting_broad,payment_failed,monthly,5,10
2025-12-31,paid_social,paid_social-prospecting_broad,payment_failed,monthly,6,6
2025-12-31,paid_social,paid_social-prospecting_broad,voluntary,monthly,1,263
2025-12-31,paid_social,paid_social-prospecting_broad,voluntary,monthly,2,85
2025-12-31,paid_social,paid_social-prospecting_broad,voluntary,monthly,3,72
2025-12-31,paid_social,paid_social-prospecting_broad,voluntary,monthly,4,38
2025-12-31,paid_social,paid_social-prospecting_broad,voluntary,monthly,5,29
2025-12-31,paid_social,paid_social-prospecting_broad,voluntary,monthly,6,22
2025-12-31,paid_social,paid_social-prospecting_broad,voluntary,monthly,7,1
2026-01-31,direct,direct,active_account,annual,6,604
2026-01-31,direct,direct,active_account,monthly,6,770
2026-01-31,direct,direct,payment_failed,monthly,2,15
2026-01-31,direct,direct,payment_failed,monthly,3,13
2026-01-31,direct,direct,payment_failed,monthly,4,8
2026-01-31,direct,direct,payment_failed,monthly,5,14
2026-01-31,direct,direct,payment_failed,monthly,6,2
2026-01-31,direct,direct,voluntary,monthly,1,151
2026-01-31,direct,direct,voluntary,monthly,2,78
2026-01-31,direct,direct,voluntary,monthly,3,52
2026-01-31,direct,direct,voluntary,monthly,4,19
2026-01-31,direct,direct,voluntary,monthly,5,21
2026-01-31,direct,direct,voluntary,monthly,6,1
2026-01-31,email,email,active_account,annual,6,581
2026-01-31,email,email,active_account,monthly,6,376
2026-01-31,email,email,payment_failed,monthly,2,6
2026-01-31,email,email,payment_failed,monthly,3,3
2026-01-31,email,email,payment_failed,monthly,4,4
2026-01-31,email,email,payment_failed,monthly,5,5
2026-01-31,email,email,voluntary,monthly,1,36
2026-01-31,email,email,voluntary,monthly,2,17
2026-01-31,email,email,voluntary,monthly,3,8
2026-01-31,email,email,voluntary,monthly,4,9
2026-01-31,email,email,voluntary,monthly,5,5
2026-01-31,organic_search,organic_search,active_account,annual,6,363
2026-01-31,organic_search,organic_search,active_account,monthly,6,568
2026-01-31,organic_search,organic_search,payment_failed,monthly,2,12
2026-01-31,organic_search,organic_search,payment_failed,monthly,3,8
2026-01-31,organic_search,organic_search,payment_failed,monthly,4,10
2026-01-31,organic_search,organic_search,payment_failed,monthly,5,6
2026-01-31,organic_search,organic_search,voluntary,monthly,1,123
2026-01-31,organic_search,organic_search,voluntary,monthly,2,73
2026-01-31,organic_search,organic_search,voluntary,monthly,3,37
2026-01-31,organic_search,organic_search,voluntary,monthly,4,28
2026-01-31,organic_search,organic_search,voluntary,monthly,5,12
2026-01-31,organic_social,organic_social,active_account,annual,6,80
2026-01-31,organic_social,organic_social,active_account,monthly,6,291
2026-01-31,organic_social,organic_social,payment_failed,monthly,2,6
2026-01-31,organic_social,organic_social,payment_failed,monthly,3,4
2026-01-31,organic_social,organic_social,payment_failed,monthly,4,5
2026-01-31,organic_social,organic_social,payment_failed,monthly,5,3
2026-01-31,organic_social,organic_social,voluntary,monthly,1,131
2026-01-31,organic_social,organic_social,voluntary,monthly,2,54
2026-01-31,organic_social,organic_social,voluntary,monthly,3,24
2026-01-31,organic_social,organic_social,voluntary,monthly,4,18
2026-01-31,organic_social,organic_social,voluntary,monthly,5,13
2026-01-31,paid_social,paid_social-lookalike_subscribers,active_account,annual,6,166
2026-01-31,paid_social,paid_social-lookalike_subscribers,active_account,monthly,6,196
2026-01-31,paid_social,paid_social-lookalike_subscribers,payment_failed,monthly,2,5
2026-01-31,paid_social,paid_social-lookalike_subscribers,payment_failed,monthly,3,5
2026-01-31,paid_social,paid_social-lookalike_subscribers,payment_failed,monthly,4,10
2026-01-31,paid_social,paid_social-lookalike_subscribers,payment_failed,monthly,5,3
2026-01-31,paid_social,paid_social-lookalike_subscribers,voluntary,monthly,1,30
2026-01-31,paid_social,paid_social-lookalike_subscribers,voluntary,monthly,2,20
2026-01-31,paid_social,paid_social-lookalike_subscribers,voluntary,monthly,3,17
2026-01-31,paid_social,paid_social-lookalike_subscribers,voluntary,monthly,4,11
2026-01-31,paid_social,paid_social-lookalike_subscribers,voluntary,monthly,5,9
2026-01-31,paid_social,paid_social-prospecting_broad,active_account,annual,6,147
2026-01-31,paid_social,paid_social-prospecting_broad,active_account,monthly,6,342
2026-01-31,paid_social,paid_social-prospecting_broad,payment_failed,monthly,2,15
2026-01-31,paid_social,paid_social-prospecting_broad,payment_failed,monthly,3,12
2026-01-31,paid_social,paid_social-prospecting_broad,payment_failed,monthly,4,10
2026-01-31,paid_social,paid_social-prospecting_broad,payment_failed,monthly,5,10
2026-01-31,paid_social,paid_social-prospecting_broad,voluntary,monthly,1,184
2026-01-31,paid_social,paid_social-prospecting_broad,voluntary,monthly,2,74
2026-01-31,paid_social,paid_social-prospecting_broad,voluntary,monthly,3,33
2026-01-31,paid_social,paid_social-prospecting_broad,voluntary,monthly,4,33
2026-01-31,paid_social,paid_social-prospecting_broad,voluntary,monthly,5,19
2026-02-28,direct,direct,active_account,annual,5,585
2026-02-28,direct,direct,active_account,monthly,5,721
2026-02-28,direct,direct,payment_failed,monthly,2,22
2026-02-28,direct,direct,payment_failed,monthly,3,13
2026-02-28,direct,direct,payment_failed,monthly,4,19
2026-02-28,direct,direct,voluntary,monthly,1,137
2026-02-28,direct,direct,voluntary,monthly,2,58
2026-02-28,direct,direct,voluntary,monthly,3,40
2026-02-28,direct,direct,voluntary,monthly,4,30
2026-02-28,direct,direct,voluntary,monthly,5,1
2026-02-28,email,email,active_account,annual,5,511
2026-02-28,email,email,active_account,monthly,5,341
2026-02-28,email,email,payment_failed,monthly,2,6
2026-02-28,email,email,payment_failed,monthly,3,7
2026-02-28,email,email,payment_failed,monthly,4,4
2026-02-28,email,email,voluntary,monthly,1,29
2026-02-28,email,email,voluntary,monthly,2,17
2026-02-28,email,email,voluntary,monthly,3,15
2026-02-28,email,email,voluntary,monthly,4,6
2026-02-28,organic_search,organic_search,active_account,annual,5,310
2026-02-28,organic_search,organic_search,active_account,monthly,5,513
2026-02-28,organic_search,organic_search,payment_failed,monthly,2,6
2026-02-28,organic_search,organic_search,payment_failed,monthly,3,10
2026-02-28,organic_search,organic_search,payment_failed,monthly,4,9
2026-02-28,organic_search,organic_search,voluntary,monthly,1,100
2026-02-28,organic_search,organic_search,voluntary,monthly,2,51
2026-02-28,organic_search,organic_search,voluntary,monthly,3,26
2026-02-28,organic_search,organic_search,voluntary,monthly,4,23
2026-02-28,organic_search,organic_search,voluntary,monthly,5,2
2026-02-28,organic_social,organic_social,active_account,annual,5,90
2026-02-28,organic_social,organic_social,active_account,monthly,5,270
2026-02-28,organic_social,organic_social,payment_failed,monthly,2,6
2026-02-28,organic_social,organic_social,payment_failed,monthly,3,4
2026-02-28,organic_social,organic_social,payment_failed,monthly,4,5
2026-02-28,organic_social,organic_social,voluntary,monthly,1,128
2026-02-28,organic_social,organic_social,voluntary,monthly,2,33
2026-02-28,organic_social,organic_social,voluntary,monthly,3,29
2026-02-28,organic_social,organic_social,voluntary,monthly,4,15
2026-02-28,organic_social,organic_social,voluntary,monthly,5,4
2026-02-28,paid_social,paid_social-lookalike_subscribers,active_account,annual,5,158
2026-02-28,paid_social,paid_social-lookalike_subscribers,active_account,monthly,5,214
2026-02-28,paid_social,paid_social-lookalike_subscribers,payment_failed,monthly,2,4
2026-02-28,paid_social,paid_social-lookalike_subscribers,payment_failed,monthly,3,4
2026-02-28,paid_social,paid_social-lookalike_subscribers,payment_failed,monthly,4,3
2026-02-28,paid_social,paid_social-lookalike_subscribers,voluntary,monthly,1,30
2026-02-28,paid_social,paid_social-lookalike_subscribers,voluntary,monthly,2,16
2026-02-28,paid_social,paid_social-lookalike_subscribers,voluntary,monthly,3,12
2026-02-28,paid_social,paid_social-lookalike_subscribers,voluntary,monthly,4,10
2026-02-28,paid_social,paid_social-prospecting_broad,active_account,annual,5,123
2026-02-28,paid_social,paid_social-prospecting_broad,active_account,monthly,5,336
2026-02-28,paid_social,paid_social-prospecting_broad,payment_failed,monthly,2,6
2026-02-28,paid_social,paid_social-prospecting_broad,payment_failed,monthly,3,5
2026-02-28,paid_social,paid_social-prospecting_broad,payment_failed,monthly,4,4
2026-02-28,paid_social,paid_social-prospecting_broad,voluntary,monthly,1,187
2026-02-28,paid_social,paid_social-prospecting_broad,voluntary,monthly,2,65
2026-02-28,paid_social,paid_social-prospecting_broad,voluntary,monthly,3,27
2026-02-28,paid_social,paid_social-prospecting_broad,voluntary,monthly,4,24
2026-03-31,direct,direct,active_account,annual,4,698
2026-03-31,direct,direct,active_account,monthly,4,882
2026-03-31,direct,direct,payment_failed,monthly,2,18
2026-03-31,direct,direct,payment_failed,monthly,3,17
2026-03-31,direct,direct,payment_failed,monthly,4,1
2026-03-31,direct,direct,voluntary,monthly,1,146
2026-03-31,direct,direct,voluntary,monthly,2,81
2026-03-31,direct,direct,voluntary,monthly,3,56
2026-03-31,direct,direct,voluntary,monthly,4,1
2026-03-31,email,email,active_account,annual,4,641
2026-03-31,email,email,active_account,monthly,4,439
2026-03-31,email,email,payment_failed,monthly,1,2
2026-03-31,email,email,payment_failed,monthly,2,7
2026-03-31,email,email,payment_failed,monthly,3,5
2026-03-31,email,email,voluntary,monthly,1,35
2026-03-31,email,email,voluntary,monthly,2,15
2026-03-31,email,email,voluntary,monthly,3,11
2026-03-31,organic_search,organic_search,active_account,annual,4,384
2026-03-31,organic_search,organic_search,active_account,monthly,4,653
2026-03-31,organic_search,organic_search,payment_failed,monthly,2,22
2026-03-31,organic_search,organic_search,payment_failed,monthly,3,9
2026-03-31,organic_search,organic_search,voluntary,monthly,1,133
2026-03-31,organic_search,organic_search,voluntary,monthly,2,56
2026-03-31,organic_search,organic_search,voluntary,monthly,3,30
2026-03-31,organic_search,organic_search,voluntary,monthly,4,3
2026-03-31,organic_social,organic_social,active_account,annual,4,85
2026-03-31,organic_social,organic_social,active_account,monthly,4,342
2026-03-31,organic_social,organic_social,payment_failed,monthly,1,1
2026-03-31,organic_social,organic_social,payment_failed,monthly,2,4
2026-03-31,organic_social,organic_social,payment_failed,monthly,3,6
2026-03-31,organic_social,organic_social,voluntary,monthly,1,117
2026-03-31,organic_social,organic_social,voluntary,monthly,2,58
2026-03-31,organic_social,organic_social,voluntary,monthly,3,35
2026-03-31,paid_social,paid_social-lookalike_subscribers,active_account,annual,4,200
2026-03-31,paid_social,paid_social-lookalike_subscribers,active_account,monthly,4,225
2026-03-31,paid_social,paid_social-lookalike_subscribers,payment_failed,monthly,2,4
2026-03-31,paid_social,paid_social-lookalike_subscribers,payment_failed,monthly,3,7
2026-03-31,paid_social,paid_social-lookalike_subscribers,voluntary,monthly,1,50
2026-03-31,paid_social,paid_social-lookalike_subscribers,voluntary,monthly,2,21
2026-03-31,paid_social,paid_social-lookalike_subscribers,voluntary,monthly,3,13
2026-03-31,paid_social,paid_social-prospecting_broad,active_account,annual,4,172
2026-03-31,paid_social,paid_social-prospecting_broad,active_account,monthly,4,423
2026-03-31,paid_social,paid_social-prospecting_broad,payment_failed,monthly,2,12
2026-03-31,paid_social,paid_social-prospecting_broad,payment_failed,monthly,3,9
2026-03-31,paid_social,paid_social-prospecting_broad,voluntary,monthly,1,162
2026-03-31,paid_social,paid_social-prospecting_broad,voluntary,monthly,2,67
2026-03-31,paid_social,paid_social-prospecting_broad,voluntary,monthly,3,28
2026-04-30,direct,direct,active_account,annual,3,604
2026-04-30,direct,direct,active_account,monthly,3,987
2026-04-30,direct,direct,payment_failed,monthly,2,14
2026-04-30,direct,direct,voluntary,monthly,1,145
2026-04-30,direct,direct,voluntary,monthly,2,79
2026-04-30,direct,direct,voluntary,monthly,3,2
2026-04-30,email,email,active_account,annual,3,603
2026-04-30,email,email,active_account,monthly,3,435
2026-04-30,email,email,payment_failed,monthly,2,12
2026-04-30,email,email,voluntary,monthly,1,38
2026-04-30,email,email,voluntary,monthly,2,18
2026-04-30,organic_search,organic_search,active_account,annual,3,374
2026-04-30,organic_search,organic_search,active_account,monthly,3,724
2026-04-30,organic_search,organic_search,payment_failed,monthly,1,1
2026-04-30,organic_search,organic_search,payment_failed,monthly,2,10
2026-04-30,organic_search,organic_search,voluntary,monthly,1,114
2026-04-30,organic_search,organic_search,voluntary,monthly,2,42
2026-04-30,organic_search,organic_search,voluntary,monthly,3,1
2026-04-30,organic_social,organic_social,active_account,annual,3,86
2026-04-30,organic_social,organic_social,active_account,monthly,3,323
2026-04-30,organic_social,organic_social,payment_failed,monthly,1,1
2026-04-30,organic_social,organic_social,payment_failed,monthly,2,8
2026-04-30,organic_social,organic_social,voluntary,monthly,1,135
2026-04-30,organic_social,organic_social,voluntary,monthly,2,42
2026-04-30,organic_social,organic_social,voluntary,monthly,3,1
2026-04-30,paid_social,paid_social-lookalike_subscribers,active_account,annual,3,207
2026-04-30,paid_social,paid_social-lookalike_subscribers,active_account,monthly,3,263
2026-04-30,paid_social,paid_social-lookalike_subscribers,payment_failed,monthly,2,2
2026-04-30,paid_social,paid_social-lookalike_subscribers,voluntary,monthly,1,46
2026-04-30,paid_social,paid_social-lookalike_subscribers,voluntary,monthly,2,21
2026-04-30,paid_social,paid_social-lookalike_subscribers,voluntary,monthly,3,1
2026-04-30,paid_social,paid_social-prospecting_broad,active_account,annual,3,148
2026-04-30,paid_social,paid_social-prospecting_broad,active_account,monthly,3,460
2026-04-30,paid_social,paid_social-prospecting_broad,payment_failed,monthly,1,2
2026-04-30,paid_social,paid_social-prospecting_broad,payment_failed,monthly,2,13
2026-04-30,paid_social,paid_social-prospecting_broad,voluntary,monthly,1,190
2026-04-30,paid_social,paid_social-prospecting_broad,voluntary,monthly,2,55
2026-04-30,paid_social,paid_social-prospecting_broad,voluntary,monthly,3,3
2026-05-31,direct,direct,active_account,annual,2,650
2026-05-31,direct,direct,active_account,monthly,2,1098
2026-05-31,direct,direct,payment_failed,monthly,1,1
2026-05-31,direct,direct,voluntary,monthly,1,170
2026-05-31,direct,direct,voluntary,monthly,2,6
2026-05-31,email,email,active_account,annual,2,672
2026-05-31,email,email,active_account,monthly,2,529
2026-05-31,email,email,voluntary,monthly,1,33
2026-05-31,email,email,voluntary,monthly,2,2
2026-05-31,organic_search,organic_search,active_account,annual,2,378
2026-05-31,organic_search,organic_search,active_account,monthly,2,803
2026-05-31,organic_search,organic_search,payment_failed,monthly,1,1
2026-05-31,organic_search,organic_search,payment_failed,monthly,2,1
2026-05-31,organic_search,organic_search,voluntary,monthly,1,110
2026-05-31,organic_search,organic_search,voluntary,monthly,2,2
2026-05-31,organic_social,organic_social,active_account,annual,2,99
2026-05-31,organic_social,organic_social,active_account,monthly,2,435
2026-05-31,organic_social,organic_social,payment_failed,monthly,1,1
2026-05-31,organic_social,organic_social,payment_failed,monthly,2,1
2026-05-31,organic_social,organic_social,voluntary,monthly,1,116
2026-05-31,organic_social,organic_social,voluntary,monthly,2,5
2026-05-31,paid_social,paid_social-lookalike_subscribers,active_account,annual,2,166
2026-05-31,paid_social,paid_social-lookalike_subscribers,active_account,monthly,2,303
2026-05-31,paid_social,paid_social-lookalike_subscribers,voluntary,monthly,1,46
2026-05-31,paid_social,paid_social-prospecting_broad,active_account,annual,2,172
2026-05-31,paid_social,paid_social-prospecting_broad,active_account,monthly,2,540
2026-05-31,paid_social,paid_social-prospecting_broad,payment_failed,monthly,1,2
2026-05-31,paid_social,paid_social-prospecting_broad,voluntary,monthly,1,184
2026-05-31,paid_social,paid_social-prospecting_broad,voluntary,monthly,2,7
2026-06-30,direct,direct,active_account,annual,1,715
2026-06-30,direct,direct,active_account,monthly,1,1296
2026-06-30,email,email,active_account,annual,1,615
2026-06-30,email,email,active_account,monthly,1,515
2026-06-30,organic_search,organic_search,active_account,annual,1,347
2026-06-30,organic_search,organic_search,active_account,monthly,1,824
2026-06-30,organic_social,organic_social,active_account,annual,1,82
2026-06-30,organic_social,organic_social,active_account,monthly,1,536
2026-06-30,paid_social,paid_social-lookalike_subscribers,active_account,annual,1,183
2026-06-30,paid_social,paid_social-lookalike_subscribers,active_account,monthly,1,293
2026-06-30,paid_social,paid_social-prospecting_broad,active_account,annual,1,141
2026-06-30,paid_social,paid_social-prospecting_broad,active_account,monthly,1,721
